/*
 Navicat Premium Dump SQL

 Source Server         : mysql
 Source Server Type    : MySQL
 Source Server Version : 80043 (8.0.43)
 Source Host           : localhost:3307
 Source Schema         : short_drama

 Target Server Type    : MySQL
 Target Server Version : 80043 (8.0.43)
 File Encoding         : 65001

 Date: 14/09/2025 17:31:14
*/

SET NAMES utf8mb4;
SET FOREIGN_KEY_CHECKS = 0;

-- ----------------------------
-- Table structure for banner_metrics_daily
-- ----------------------------
DROP TABLE IF EXISTS `banner_metrics_daily`;
CREATE TABLE `banner_metrics_daily` (
  `id` int NOT NULL AUTO_INCREMENT,
  `banner_id` int NOT NULL,
  `date` date NOT NULL,
  `impressions` int NOT NULL DEFAULT '0',
  `clicks` int NOT NULL DEFAULT '0',
  PRIMARY KEY (`id`),
  UNIQUE KEY `IDX_914e69b3901d1c0435cc6c4734` (`banner_id`,`date`)
) ENGINE=InnoDB AUTO_INCREMENT=2 DEFAULT CHARSET=utf8mb4 COLLATE=utf8mb4_general_ci;

-- ----------------------------
-- Records of banner_metrics_daily
-- ----------------------------
BEGIN;
INSERT INTO `banner_metrics_daily` (`id`, `banner_id`, `date`, `impressions`, `clicks`) VALUES (1, 11, '2025-09-06', 0, 1);
COMMIT;

-- ----------------------------
-- Table structure for banners
-- ----------------------------
DROP TABLE IF EXISTS `banners`;
CREATE TABLE `banners` (
  `id` int NOT NULL AUTO_INCREMENT,
  `title` varchar(255) CHARACTER SET utf8mb4 COLLATE utf8mb4_unicode_ci NOT NULL,
  `image_url` varchar(500) CHARACTER SET utf8mb4 COLLATE utf8mb4_general_ci NOT NULL,
  `series_id` int DEFAULT NULL,
  `category_id` int NOT NULL,
  `link_url` varchar(500) CHARACTER SET utf8mb4 COLLATE utf8mb4_general_ci DEFAULT NULL,
  `weight` int NOT NULL DEFAULT '0',
  `is_active` tinyint NOT NULL DEFAULT '1',
  `start_time` datetime DEFAULT NULL,
  `end_time` datetime DEFAULT NULL,
  `description` text CHARACTER SET utf8mb4 COLLATE utf8mb4_unicode_ci,
  `created_at` datetime(6) NOT NULL DEFAULT CURRENT_TIMESTAMP(6),
  `updated_at` datetime(6) NOT NULL DEFAULT CURRENT_TIMESTAMP(6) ON UPDATE CURRENT_TIMESTAMP(6),
  `impressions` int NOT NULL DEFAULT '0',
  `clicks` int NOT NULL DEFAULT '0',
  PRIMARY KEY (`id`) USING BTREE,
  KEY `FK_5185eda9a8563407def0b5b24f4` (`category_id`) USING BTREE,
  KEY `FK_a0904ea3325af75a7cd72ddba1e` (`series_id`) USING BTREE,
  CONSTRAINT `FK_5185eda9a8563407def0b5b24f4` FOREIGN KEY (`category_id`) REFERENCES `categories` (`id`),
  CONSTRAINT `FK_a0904ea3325af75a7cd72ddba1e` FOREIGN KEY (`series_id`) REFERENCES `series` (`id`)
) ENGINE=InnoDB AUTO_INCREMENT=15 DEFAULT CHARSET=utf8mb4 COLLATE=utf8mb4_general_ci ROW_FORMAT=DYNAMIC;

-- ----------------------------
-- Records of banners
-- ----------------------------
BEGIN;
INSERT INTO `banners` (`id`, `title`, `image_url`, `series_id`, `category_id`, `link_url`, `weight`, `is_active`, `start_time`, `end_time`, `description`, `created_at`, `updated_at`, `impressions`, `clicks`) VALUES (1, '热播都市剧《爱在都市》', 'https://thinkingking.top/images/c2401333f5da799c3296124da1c3df12.png', 1001, 1, NULL, 17, 1, NULL, NULL, '都市爱情剧，讲述现代都市男女的爱情故事', '2025-08-06 08:14:02.000000', '2025-08-06 08:14:02.000000', 0, 0);
INSERT INTO `banners` (`id`, `title`, `image_url`, `series_id`, `category_id`, `link_url`, `weight`, `is_active`, `start_time`, `end_time`, `description`, `created_at`, `updated_at`, `impressions`, `clicks`) VALUES (2, '古装大剧《盛世王朝》', 'https://thinkingking.top/images/fd9d273b15e7913c3e9bb9264ca1ce53.png', 1002, 1, NULL, 89, 1, NULL, NULL, '古装历史剧，展现盛世王朝的辉煌历史', '2025-08-06 08:14:03.000000', '2025-08-06 08:14:03.000000', 0, 0);
INSERT INTO `banners` (`id`, `title`, `image_url`, `series_id`, `category_id`, `link_url`, `weight`, `is_active`, `start_time`, `end_time`, `description`, `created_at`, `updated_at`, `impressions`, `clicks`) VALUES (3, '悬疑剧《迷雾重重》', 'https://thinkingking.top/images/7e9321e6db533485ec5524a58d5f8b57.png', 1003, 1, NULL, 37, 1, NULL, NULL, '悬疑推理剧，层层迷雾等你揭开', '2025-08-06 08:14:03.000000', '2025-08-06 08:14:03.000000', 0, 0);
INSERT INTO `banners` (`id`, `title`, `image_url`, `series_id`, `category_id`, `link_url`, `weight`, `is_active`, `start_time`, `end_time`, `description`, `created_at`, `updated_at`, `impressions`, `clicks`) VALUES (4, '动作大片《速度与激情》', 'https://thinkingking.top/images/cfd08cf4921975fd4359bb7158a6fa51.png', 1004, 2, NULL, 2, 1, NULL, NULL, '刺激的动作电影，速度与激情的完美结合', '2025-08-06 08:14:03.000000', '2025-08-06 08:14:03.000000', 0, 0);
INSERT INTO `banners` (`id`, `title`, `image_url`, `series_id`, `category_id`, `link_url`, `weight`, `is_active`, `start_time`, `end_time`, `description`, `created_at`, `updated_at`, `impressions`, `clicks`) VALUES (5, '科幻巨制《星际穿越》', 'https://thinkingking.top/images/aa42b7f1a1ea150c2a13823d0ed4a178.png', 1005, 2, NULL, 30, 1, NULL, NULL, '科幻电影经典，探索宇宙的奥秘', '2025-08-06 08:14:03.000000', '2025-08-06 08:14:03.000000', 0, 0);
COMMIT;

-- ----------------------------
-- Table structure for browse_history
-- ----------------------------
DROP TABLE IF EXISTS `browse_history`;
CREATE TABLE `browse_history` (
  `id` int NOT NULL AUTO_INCREMENT,
  `user_id` bigint NOT NULL,
  `series_id` int NOT NULL,
  `browse_type` varchar(50) COLLATE utf8mb4_general_ci NOT NULL DEFAULT 'episode_watch',
  `last_episode_number` int DEFAULT NULL,
  `visit_count` int NOT NULL DEFAULT '1',
  `user_agent` varchar(500) CHARACTER SET utf8mb4 COLLATE utf8mb4_general_ci DEFAULT NULL,
  `ip_address` varchar(45) CHARACTER SET utf8mb4 COLLATE utf8mb4_general_ci DEFAULT NULL,
  `created_at` datetime(6) NOT NULL DEFAULT CURRENT_TIMESTAMP(6),
  `updated_at` datetime(6) NOT NULL DEFAULT CURRENT_TIMESTAMP(6) ON UPDATE CURRENT_TIMESTAMP(6),
  PRIMARY KEY (`id`) USING BTREE,
  KEY `FK_2772b4e4dcd762bfffb7d7ea17d` (`user_id`) USING BTREE,
  KEY `FK_819bb524d195464598595e21315` (`series_id`) USING BTREE,
  CONSTRAINT `FK_2772b4e4dcd762bfffb7d7ea17d` FOREIGN KEY (`user_id`) REFERENCES `users` (`id`),
  CONSTRAINT `FK_819bb524d195464598595e21315` FOREIGN KEY (`series_id`) REFERENCES `series` (`id`)
) ENGINE=InnoDB AUTO_INCREMENT=25 DEFAULT CHARSET=utf8mb4 COLLATE=utf8mb4_general_ci ROW_FORMAT=DYNAMIC;

-- ----------------------------
-- Records of browse_history
-- ----------------------------
BEGIN;
INSERT INTO `browse_history` (`id`, `user_id`, `series_id`, `browse_type`, `last_episode_number`, `visit_count`, `user_agent`, `ip_address`, `created_at`, `updated_at`) VALUES (5, 7845078844, 1002, 'episode_list', 10, 1, 'curl/8.7.1', '::1', '2025-08-13 02:42:07.366279', '2025-08-13 02:42:07.366279');
INSERT INTO `browse_history` (`id`, `user_id`, `series_id`, `browse_type`, `last_episode_number`, `visit_count`, `user_agent`, `ip_address`, `created_at`, `updated_at`) VALUES (6, 7845078844, 1003, 'series_detail', 15, 1, 'curl/8.7.1', '::1', '2025-08-13 02:42:15.236080', '2025-08-13 02:42:15.236080');
INSERT INTO `browse_history` (`id`, `user_id`, `series_id`, `browse_type`, `last_episode_number`, `visit_count`, `user_agent`, `ip_address`, `created_at`, `updated_at`) VALUES (7, 7845078844, 1004, 'episode_list', 1, 2, 'curl/8.7.1', '::1', '2025-08-13 02:50:22.176088', '2025-08-13 10:50:22.217000');
INSERT INTO `browse_history` (`id`, `user_id`, `series_id`, `browse_type`, `last_episode_number`, `visit_count`, `user_agent`, `ip_address`, `created_at`, `updated_at`) VALUES (8, 7845078844, 1004, 'episode_list', 1, 1, 'curl/8.7.1', '::1', '2025-08-13 02:50:22.191876', '2025-08-13 02:50:22.191876');
INSERT INTO `browse_history` (`id`, `user_id`, `series_id`, `browse_type`, `last_episode_number`, `visit_count`, `user_agent`, `ip_address`, `created_at`, `updated_at`) VALUES (9, 7845078844, 1004, 'episode_list', 1, 1, 'curl/8.7.1', '::1', '2025-08-13 02:50:22.195594', '2025-08-13 02:50:22.195594');
INSERT INTO `browse_history` (`id`, `user_id`, `series_id`, `browse_type`, `last_episode_number`, `visit_count`, `user_agent`, `ip_address`, `created_at`, `updated_at`) VALUES (10, 7845078844, 2001, 'episode_watch', 2, 33, 'curl/8.7.1', '::1', '2025-08-13 15:23:57.214984', '2025-09-14 13:12:27.415000');
INSERT INTO `browse_history` (`id`, `user_id`, `series_id`, `browse_type`, `last_episode_number`, `visit_count`, `user_agent`, `ip_address`, `created_at`, `updated_at`) VALUES (17, 6702079700, 1001, 'episode_list', 3, 1, 'Mozilla/5.0 (iPhone; CPU iPhone OS 17_0 like Mac OS X)', '192.168.1.100', '2025-08-13 16:51:59.246055', '2025-08-13 16:51:59.246055');
INSERT INTO `browse_history` (`id`, `user_id`, `series_id`, `browse_type`, `last_episode_number`, `visit_count`, `user_agent`, `ip_address`, `created_at`, `updated_at`) VALUES (18, 6702079700, 2001, 'episode_list', 20, 108, 'Mozilla/5.0 (Linux; Android 6.0; Nexus 5 Build/MRA58N) AppleWebKit/537.36 (KHTML, like Gecko) Chrome/139.0.0.0 Mobile Safari/537.36 Edg/139.0.0.0', '13.250.251.250', '2025-08-13 16:51:59.248059', '2025-08-26 13:22:44.399000');
INSERT INTO `browse_history` (`id`, `user_id`, `series_id`, `browse_type`, `last_episode_number`, `visit_count`, `user_agent`, `ip_address`, `created_at`, `updated_at`) VALUES (19, 6702079700, 2001, 'episode_play', 5, 3, 'curl/8.7.1', '::1', '2025-08-14 04:33:03.787088', '2025-08-14 12:38:11.487000');
INSERT INTO `browse_history` (`id`, `user_id`, `series_id`, `browse_type`, `last_episode_number`, `visit_count`, `user_agent`, `ip_address`, `created_at`, `updated_at`) VALUES (20, 6702079700, 2001, 'series_detail', NULL, 1, 'curl/8.7.1', '::1', '2025-08-14 04:33:11.002142', '2025-08-14 04:33:11.002142');
INSERT INTO `browse_history` (`id`, `user_id`, `series_id`, `browse_type`, `last_episode_number`, `visit_count`, `user_agent`, `ip_address`, `created_at`, `updated_at`) VALUES (21, 6702079700, 2002, 'episode_list', 20, 5, 'Mozilla/5.0 (Linux; Android 6.0; Nexus 5 Build/MRA58N) AppleWebKit/537.36 (KHTML, like Gecko) Chrome/138.0.0.0 Mobile Safari/537.36 Edg/138.0.0.0', '::ffff:13.250.251.250', '2025-08-15 06:41:16.210619', '2025-08-16 18:57:43.196000');
INSERT INTO `browse_history` (`id`, `user_id`, `series_id`, `browse_type`, `last_episode_number`, `visit_count`, `user_agent`, `ip_address`, `created_at`, `updated_at`) VALUES (22, 7845078844, 1001, 'episode_list', 2, 14, 'curl/7.81.0', '::ffff:127.0.0.1', '2025-08-16 02:44:52.752340', '2025-08-18 23:45:34.127000');
INSERT INTO `browse_history` (`id`, `user_id`, `series_id`, `browse_type`, `last_episode_number`, `visit_count`, `user_agent`, `ip_address`, `created_at`, `updated_at`) VALUES (23, 6702079700, 2003, 'episode_list', 12, 17, 'Mozilla/5.0 (Linux; Android 6.0; Nexus 5 Build/MRA58N) AppleWebKit/537.36 (KHTML, like Gecko) Chrome/139.0.0.0 Mobile Safari/537.36 Edg/139.0.0.0', '::ffff:13.250.251.250', '2025-08-16 04:53:00.148471', '2025-08-23 20:13:49.471000');
INSERT INTO `browse_history` (`id`, `user_id`, `series_id`, `browse_type`, `last_episode_number`, `visit_count`, `user_agent`, `ip_address`, `created_at`, `updated_at`) VALUES (24, 7845078844, 2034, 'episode_watch', 4, 2, 'curl/8.7.1', '::1', '2025-09-14 05:31:19.000000', '2025-09-14 13:32:21.267000');
COMMIT;

-- ----------------------------
-- Table structure for categories
-- ----------------------------
DROP TABLE IF EXISTS `categories`;
CREATE TABLE `categories` (
  `id` int NOT NULL AUTO_INCREMENT,
  `category_id` varchar(50) CHARACTER SET utf8mb4 COLLATE utf8mb4_general_ci NOT NULL,
  `name` varchar(50) CHARACTER SET utf8mb4 COLLATE utf8mb4_general_ci NOT NULL,
  `route_name` varchar(50) CHARACTER SET utf8mb4 COLLATE utf8mb4_general_ci DEFAULT NULL,
  `is_enabled` tinyint NOT NULL DEFAULT '1',
  `created_at` timestamp NOT NULL DEFAULT CURRENT_TIMESTAMP,
  `updated_at` timestamp NOT NULL DEFAULT CURRENT_TIMESTAMP ON UPDATE CURRENT_TIMESTAMP,
  PRIMARY KEY (`id`) USING BTREE,
  UNIQUE KEY `IDX_51615bef2cea22812d0dcab6e1` (`category_id`) USING BTREE
) ENGINE=InnoDB AUTO_INCREMENT=69 DEFAULT CHARSET=utf8mb4 COLLATE=utf8mb4_general_ci ROW_FORMAT=DYNAMIC;

-- ----------------------------
-- Records of categories
-- ----------------------------
BEGIN;
INSERT INTO `categories` (`id`, `category_id`, `name`, `route_name`, `is_enabled`, `created_at`, `updated_at`) VALUES (1, 'drama', '短剧', 'drama', 1, '2025-08-06 07:09:03', '2025-09-10 16:15:58');
INSERT INTO `categories` (`id`, `category_id`, `name`, `route_name`, `is_enabled`, `created_at`, `updated_at`) VALUES (2, 'movie', '电影', 'movie', 1, '2025-08-06 07:09:03', '2025-08-06 07:09:03');
INSERT INTO `categories` (`id`, `category_id`, `name`, `route_name`, `is_enabled`, `created_at`, `updated_at`) VALUES (3, 'variety', '综艺', 'variety', 1, '2025-08-06 07:09:03', '2025-08-06 07:09:03');
INSERT INTO `categories` (`id`, `category_id`, `name`, `route_name`, `is_enabled`, `created_at`, `updated_at`) VALUES (68, 'home', '首页', 'home', 1, '2025-08-06 07:26:12', '2025-09-10 16:29:52');
COMMIT;

-- ----------------------------
-- Table structure for comments
-- ----------------------------
DROP TABLE IF EXISTS `comments`;
CREATE TABLE `comments` (
  `id` int NOT NULL AUTO_INCREMENT,
  `user_id` bigint NOT NULL,
  `episode_id` int NOT NULL,
  `content` text CHARACTER SET utf8mb4 COLLATE utf8mb4_general_ci NOT NULL,
  `appear_second` int NOT NULL DEFAULT '0',
  `created_at` datetime(6) NOT NULL DEFAULT CURRENT_TIMESTAMP(6),
  PRIMARY KEY (`id`) USING BTREE,
  KEY `FK_4c675567d2a58f0b07cef09c13d` (`user_id`) USING BTREE,
  KEY `FK_d29eba8d8df26970a28b0e336cf` (`episode_id`) USING BTREE,
  CONSTRAINT `FK_4c675567d2a58f0b07cef09c13d` FOREIGN KEY (`user_id`) REFERENCES `users` (`id`),
  CONSTRAINT `FK_d29eba8d8df26970a28b0e336cf` FOREIGN KEY (`episode_id`) REFERENCES `episodes` (`id`)
) ENGINE=InnoDB AUTO_INCREMENT=3027 DEFAULT CHARSET=utf8mb4 COLLATE=utf8mb4_general_ci ROW_FORMAT=DYNAMIC;

-- ----------------------------
-- Records of comments
-- ----------------------------
BEGIN;
INSERT INTO `comments` (`id`, `user_id`, `episode_id`, `content`, `appear_second`, `created_at`) VALUES (3001, 7845078844, 2001, '这一集太精彩了！', 0, '2024-01-20 15:30:00.000000');
INSERT INTO `comments` (`id`, `user_id`, `episode_id`, `content`, `appear_second`, `created_at`) VALUES (3002, 7845078844, 2001, '男主角演技真好', 1200, '2024-01-20 15:45:00.000000');
INSERT INTO `comments` (`id`, `user_id`, `episode_id`, `content`, `appear_second`, `created_at`) VALUES (3003, 7845078844, 2002, '剧情发展很有意思', 0, '2024-01-21 16:20:00.000000');
INSERT INTO `comments` (`id`, `user_id`, `episode_id`, `content`, `appear_second`, `created_at`) VALUES (3019, 6702079700, 2001, '这部剧太精彩了！演员演技很棒！', 0, '2025-08-13 16:51:59.232748');
INSERT INTO `comments` (`id`, `user_id`, `episode_id`, `content`, `appear_second`, `created_at`) VALUES (3020, 6702079700, 2002, '第二集比第一集更好看！', 0, '2025-08-13 16:51:59.234560');
INSERT INTO `comments` (`id`, `user_id`, `episode_id`, `content`, `appear_second`, `created_at`) VALUES (3021, 6702079700, 2003, '剧情发展很吸引人，期待下一集！', 0, '2025-08-13 16:51:59.236398');
INSERT INTO `comments` (`id`, `user_id`, `episode_id`, `content`, `appear_second`, `created_at`) VALUES (3022, 6702079700, 2136, '新剧开始追了，希望不会失望！', 0, '2025-08-13 16:51:59.240978');
INSERT INTO `comments` (`id`, `user_id`, `episode_id`, `content`, `appear_second`, `created_at`) VALUES (3023, 6702079700, 2137, '第二集节奏很好，继续追！', 0, '2025-08-13 16:51:59.244099');
INSERT INTO `comments` (`id`, `user_id`, `episode_id`, `content`, `appear_second`, `created_at`) VALUES (3024, 6702079700, 2136, '测试评论：这部剧真的很精彩！', 0, '2025-08-13 16:58:35.852573');
INSERT INTO `comments` (`id`, `user_id`, `episode_id`, `content`, `appear_second`, `created_at`) VALUES (3025, 6702079700, 2136, '测试评论：这部剧真的很精彩！', 0, '2025-08-15 15:43:49.261823');
INSERT INTO `comments` (`id`, `user_id`, `episode_id`, `content`, `appear_second`, `created_at`) VALUES (3026, 7845078844, 2001, '测试评论', 0, '2025-08-16 03:13:44.052174');
COMMIT;

-- ----------------------------
-- Table structure for episode_urls
-- ----------------------------
DROP TABLE IF EXISTS `episode_urls`;
CREATE TABLE `episode_urls` (
  `id` int NOT NULL AUTO_INCREMENT,
  `episode_id` int NOT NULL,
  `quality` varchar(50) CHARACTER SET utf8mb4 COLLATE utf8mb4_general_ci NOT NULL,
  `oss_url` varchar(255) CHARACTER SET utf8mb4 COLLATE utf8mb4_general_ci NOT NULL,
  `cdn_url` varchar(255) CHARACTER SET utf8mb4 COLLATE utf8mb4_general_ci NOT NULL,
  `origin_url` varchar(255) COLLATE utf8mb4_general_ci NOT NULL,
  `subtitle_url` varchar(255) CHARACTER SET utf8mb4 COLLATE utf8mb4_general_ci DEFAULT NULL,
  `access_key` varchar(64) CHARACTER SET utf8mb4 COLLATE utf8mb4_general_ci NOT NULL,
  `created_at` datetime(6) NOT NULL DEFAULT CURRENT_TIMESTAMP(6),
  `updated_at` datetime(6) NOT NULL DEFAULT CURRENT_TIMESTAMP(6) ON UPDATE CURRENT_TIMESTAMP(6),
  PRIMARY KEY (`id`) USING BTREE,
  UNIQUE KEY `IDX_9f4c04c83bfc482e413a9f496d` (`access_key`) USING BTREE,
  KEY `FK_cd7538592624868a77732a822d2` (`episode_id`) USING BTREE,
  CONSTRAINT `FK_cd7538592624868a77732a822d2` FOREIGN KEY (`episode_id`) REFERENCES `episodes` (`id`)
) ENGINE=InnoDB AUTO_INCREMENT=656 DEFAULT CHARSET=utf8mb4 COLLATE=utf8mb4_general_ci ROW_FORMAT=DYNAMIC;

-- ----------------------------
-- Records of episode_urls
-- ----------------------------
BEGIN;
INSERT INTO `episode_urls` (`id`, `episode_id`, `quality`, `oss_url`, `cdn_url`, `origin_url`, `subtitle_url`, `access_key`, `created_at`, `updated_at`) VALUES (397, 2136, '720p', 'https://sf1-cdn-tos.huoshanstatic.com/obj/media-fe/xgplayer_doc_video/hls/xgplayer-demo.m3u8', 'https://cdn.example.com/videos/720p/series_2001_ep_1_720p.mp4', 'https://sf1-cdn-tos.huoshanstatic.com/obj/media-fe/xgplayer_doc_video/hls/xgplayer-demo.m3u8', NULL, 'kot4JgxK12l1hjkTq1ukph4tQIafme7a', '2025-08-06 07:59:19.000000', '2025-08-28 14:57:49.851831');
INSERT INTO `episode_urls` (`id`, `episode_id`, `quality`, `oss_url`, `cdn_url`, `origin_url`, `subtitle_url`, `access_key`, `created_at`, `updated_at`) VALUES (398, 2136, '1080p', 'https://sf1-cdn-tos.huoshanstatic.com/obj/media-fe/xgplayer_doc_video/hls/xgplayer-demo.m3u8', 'https://cdn.example.com/videos/1080p/series_2001_ep_1_1080p.mp4', 'https://sf1-cdn-tos.huoshanstatic.com/obj/media-fe/xgplayer_doc_video/hls/xgplayer-demo.m3u8', 'https://cdn.example.com/subtitles/series_2001_ep_1.srt', 'CFWMo6cdUi5Rhx3F7FMAst0TjhLzcgS4', '2025-08-06 07:59:19.000000', '2025-08-28 14:57:49.851831');
INSERT INTO `episode_urls` (`id`, `episode_id`, `quality`, `oss_url`, `cdn_url`, `origin_url`, `subtitle_url`, `access_key`, `created_at`, `updated_at`) VALUES (399, 2136, '4K', 'https://sf1-cdn-tos.huoshanstatic.com/obj/media-fe/xgplayer_doc_video/hls/xgplayer-demo.m3u8', 'https://cdn.example.com/videos/4k/series_2001_ep_1_4K.mp4', 'https://sf1-cdn-tos.huoshanstatic.com/obj/media-fe/xgplayer_doc_video/hls/xgplayer-demo.m3u8', NULL, 'APoC3chZnDKCPSyh3PHL9EsjpWSz2VPt', '2025-08-06 07:59:19.000000', '2025-08-28 14:57:49.851831');
INSERT INTO `episode_urls` (`id`, `episode_id`, `quality`, `oss_url`, `cdn_url`, `origin_url`, `subtitle_url`, `access_key`, `created_at`, `updated_at`) VALUES (400, 2137, '720p', 'https://sf1-cdn-tos.huoshanstatic.com/obj/media-fe/xgplayer_doc_video/hls/xgplayer-demo.m3u8', 'https://cdn.example.com/videos/720p/series_2001_ep_2_720p.mp4', 'https://sf1-cdn-tos.huoshanstatic.com/obj/media-fe/xgplayer_doc_video/hls/xgplayer-demo.m3u8', NULL, 'uNDdU4QDIURn6ukQe6i3C0gJNWpavnlv', '2025-08-06 07:59:19.000000', '2025-08-28 14:57:49.851831');
INSERT INTO `episode_urls` (`id`, `episode_id`, `quality`, `oss_url`, `cdn_url`, `origin_url`, `subtitle_url`, `access_key`, `created_at`, `updated_at`) VALUES (401, 2137, '1080p', 'https://sf1-cdn-tos.huoshanstatic.com/obj/media-fe/xgplayer_doc_video/hls/xgplayer-demo.m3u8', 'https://cdn.example.com/videos/1080p/series_2001_ep_2_1080p.mp4', 'https://sf1-cdn-tos.huoshanstatic.com/obj/media-fe/xgplayer_doc_video/hls/xgplayer-demo.m3u8', 'https://cdn.example.com/subtitles/series_2001_ep_2.srt', 'lJtIhPzxS2fSxDiTi2poG8wlV3n1u7XF', '2025-08-06 07:59:19.000000', '2025-08-28 14:57:49.851831');
INSERT INTO `episode_urls` (`id`, `episode_id`, `quality`, `oss_url`, `cdn_url`, `origin_url`, `subtitle_url`, `access_key`, `created_at`, `updated_at`) VALUES (402, 2137, '4K', 'https://sf1-cdn-tos.huoshanstatic.com/obj/media-fe/xgplayer_doc_video/hls/xgplayer-demo.m3u8', 'https://cdn.example.com/videos/4k/series_2001_ep_2_4K.mp4', 'https://sf1-cdn-tos.huoshanstatic.com/obj/media-fe/xgplayer_doc_video/hls/xgplayer-demo.m3u8', NULL, 'wksU7uum9UpVLfcQwI46i8tBYAp3g3jA', '2025-08-06 07:59:19.000000', '2025-08-28 14:57:49.851831');
INSERT INTO `episode_urls` (`id`, `episode_id`, `quality`, `oss_url`, `cdn_url`, `origin_url`, `subtitle_url`, `access_key`, `created_at`, `updated_at`) VALUES (403, 2138, '720p', 'https://sf1-cdn-tos.huoshanstatic.com/obj/media-fe/xgplayer_doc_video/hls/xgplayer-demo.m3u8', 'https://cdn.example.com/videos/720p/series_2001_ep_3_720p.mp4', 'https://sf1-cdn-tos.huoshanstatic.com/obj/media-fe/xgplayer_doc_video/hls/xgplayer-demo.m3u8', NULL, 'DnmuYm2NISRvFMREI056pSJJhWNzBVCG', '2025-08-06 07:59:19.000000', '2025-08-28 14:57:49.851831');
INSERT INTO `episode_urls` (`id`, `episode_id`, `quality`, `oss_url`, `cdn_url`, `origin_url`, `subtitle_url`, `access_key`, `created_at`, `updated_at`) VALUES (404, 2138, '1080p', 'https://sf1-cdn-tos.huoshanstatic.com/obj/media-fe/xgplayer_doc_video/hls/xgplayer-demo.m3u8', 'https://cdn.example.com/videos/1080p/series_2001_ep_3_1080p.mp4', 'https://sf1-cdn-tos.huoshanstatic.com/obj/media-fe/xgplayer_doc_video/hls/xgplayer-demo.m3u8', 'https://cdn.example.com/subtitles/series_2001_ep_3.srt', 'dteWkjsI9kD9RiSZ2SbKfEWj74j52EDt', '2025-08-06 07:59:19.000000', '2025-08-28 14:57:49.851831');
INSERT INTO `episode_urls` (`id`, `episode_id`, `quality`, `oss_url`, `cdn_url`, `origin_url`, `subtitle_url`, `access_key`, `created_at`, `updated_at`) VALUES (405, 2138, '4K', 'https://sf1-cdn-tos.huoshanstatic.com/obj/media-fe/xgplayer_doc_video/hls/xgplayer-demo.m3u8', 'https://cdn.example.com/videos/4k/series_2001_ep_3_4K.mp4', 'https://sf1-cdn-tos.huoshanstatic.com/obj/media-fe/xgplayer_doc_video/hls/xgplayer-demo.m3u8', NULL, 'QZfH5PD3B0BEJhhpFzaRseJBGT5zBByZ', '2025-08-06 07:59:19.000000', '2025-08-28 14:57:49.851831');
INSERT INTO `episode_urls` (`id`, `episode_id`, `quality`, `oss_url`, `cdn_url`, `origin_url`, `subtitle_url`, `access_key`, `created_at`, `updated_at`) VALUES (406, 2139, '720p', 'https://sf1-cdn-tos.huoshanstatic.com/obj/media-fe/xgplayer_doc_video/hls/xgplayer-demo.m3u8', 'https://cdn.example.com/videos/720p/series_2001_ep_4_720p.mp4', 'https://sf1-cdn-tos.huoshanstatic.com/obj/media-fe/xgplayer_doc_video/hls/xgplayer-demo.m3u8', NULL, 'czn0bqtQYhaEaXPwovpyUdBofPz84dGW', '2025-08-06 07:59:19.000000', '2025-08-28 14:57:49.851831');
INSERT INTO `episode_urls` (`id`, `episode_id`, `quality`, `oss_url`, `cdn_url`, `origin_url`, `subtitle_url`, `access_key`, `created_at`, `updated_at`) VALUES (407, 2139, '1080p', 'https://sf1-cdn-tos.huoshanstatic.com/obj/media-fe/xgplayer_doc_video/hls/xgplayer-demo.m3u8', 'https://cdn.example.com/videos/1080p/series_2001_ep_4_1080p.mp4', 'https://sf1-cdn-tos.huoshanstatic.com/obj/media-fe/xgplayer_doc_video/hls/xgplayer-demo.m3u8', 'https://cdn.example.com/subtitles/series_2001_ep_4.srt', 'pAy1Wr7f6UPnr1eVOmaPs0tiFjQbjqO3', '2025-08-06 07:59:19.000000', '2025-08-28 14:57:49.851831');
INSERT INTO `episode_urls` (`id`, `episode_id`, `quality`, `oss_url`, `cdn_url`, `origin_url`, `subtitle_url`, `access_key`, `created_at`, `updated_at`) VALUES (408, 2139, '4K', 'https://sf1-cdn-tos.huoshanstatic.com/obj/media-fe/xgplayer_doc_video/hls/xgplayer-demo.m3u8', 'https://cdn.example.com/videos/4k/series_2001_ep_4_4K.mp4', 'https://sf1-cdn-tos.huoshanstatic.com/obj/media-fe/xgplayer_doc_video/hls/xgplayer-demo.m3u8', NULL, '9nz9dJJIiZ4eMelUXssGYIsm994KCctC', '2025-08-06 07:59:19.000000', '2025-08-28 14:57:49.851831');
INSERT INTO `episode_urls` (`id`, `episode_id`, `quality`, `oss_url`, `cdn_url`, `origin_url`, `subtitle_url`, `access_key`, `created_at`, `updated_at`) VALUES (409, 2140, '720p', 'https://sf1-cdn-tos.huoshanstatic.com/obj/media-fe/xgplayer_doc_video/hls/xgplayer-demo.m3u8', 'https://cdn.example.com/videos/720p/series_2001_ep_5_720p.mp4', 'https://sf1-cdn-tos.huoshanstatic.com/obj/media-fe/xgplayer_doc_video/hls/xgplayer-demo.m3u8', NULL, 'Z3WHYm4QBb9HSeBqyxJir4tj9KsRmI3P', '2025-08-06 07:59:19.000000', '2025-08-28 14:57:49.851831');
INSERT INTO `episode_urls` (`id`, `episode_id`, `quality`, `oss_url`, `cdn_url`, `origin_url`, `subtitle_url`, `access_key`, `created_at`, `updated_at`) VALUES (410, 2140, '1080p', 'https://sf1-cdn-tos.huoshanstatic.com/obj/media-fe/xgplayer_doc_video/hls/xgplayer-demo.m3u8', 'https://cdn.example.com/videos/1080p/series_2001_ep_5_1080p.mp4', 'https://sf1-cdn-tos.huoshanstatic.com/obj/media-fe/xgplayer_doc_video/hls/xgplayer-demo.m3u8', 'https://cdn.example.com/subtitles/series_2001_ep_5.srt', 'G0qFaMmJDpfJnvPjyzomkRsh6XA7MO9g', '2025-08-06 07:59:20.000000', '2025-08-28 14:57:49.851831');
INSERT INTO `episode_urls` (`id`, `episode_id`, `quality`, `oss_url`, `cdn_url`, `origin_url`, `subtitle_url`, `access_key`, `created_at`, `updated_at`) VALUES (411, 2140, '4K', 'https://sf1-cdn-tos.huoshanstatic.com/obj/media-fe/xgplayer_doc_video/hls/xgplayer-demo.m3u8', 'https://cdn.example.com/videos/4k/series_2001_ep_5_4K.mp4', 'https://sf1-cdn-tos.huoshanstatic.com/obj/media-fe/xgplayer_doc_video/hls/xgplayer-demo.m3u8', NULL, 'fUNLQtfRRRMSSFIm2Nn6xfhb9iHVa8hc', '2025-08-06 07:59:20.000000', '2025-08-28 14:57:49.851831');
INSERT INTO `episode_urls` (`id`, `episode_id`, `quality`, `oss_url`, `cdn_url`, `origin_url`, `subtitle_url`, `access_key`, `created_at`, `updated_at`) VALUES (412, 2141, '720p', 'https://sf1-cdn-tos.huoshanstatic.com/obj/media-fe/xgplayer_doc_video/hls/xgplayer-demo.m3u8', 'https://cdn.example.com/videos/720p/series_2001_ep_6_720p.mp4', 'https://sf1-cdn-tos.huoshanstatic.com/obj/media-fe/xgplayer_doc_video/hls/xgplayer-demo.m3u8', NULL, '7tHjK6w0TsONJVn8xHMfX8Rtct1q9ijt', '2025-08-06 07:59:20.000000', '2025-08-28 14:57:49.851831');
INSERT INTO `episode_urls` (`id`, `episode_id`, `quality`, `oss_url`, `cdn_url`, `origin_url`, `subtitle_url`, `access_key`, `created_at`, `updated_at`) VALUES (413, 2141, '1080p', 'https://sf1-cdn-tos.huoshanstatic.com/obj/media-fe/xgplayer_doc_video/hls/xgplayer-demo.m3u8', 'https://cdn.example.com/videos/1080p/series_2001_ep_6_1080p.mp4', 'https://sf1-cdn-tos.huoshanstatic.com/obj/media-fe/xgplayer_doc_video/hls/xgplayer-demo.m3u8', 'https://cdn.example.com/subtitles/series_2001_ep_6.srt', 'B8Oy4JARVdKs9OfRG0Ox7oYIcuPvNh2n', '2025-08-06 07:59:20.000000', '2025-08-28 14:57:49.851831');
INSERT INTO `episode_urls` (`id`, `episode_id`, `quality`, `oss_url`, `cdn_url`, `origin_url`, `subtitle_url`, `access_key`, `created_at`, `updated_at`) VALUES (414, 2141, '4K', 'https://sf1-cdn-tos.huoshanstatic.com/obj/media-fe/xgplayer_doc_video/hls/xgplayer-demo.m3u8', 'https://cdn.example.com/videos/4k/series_2001_ep_6_4K.mp4', 'https://sf1-cdn-tos.huoshanstatic.com/obj/media-fe/xgplayer_doc_video/hls/xgplayer-demo.m3u8', NULL, 'CkGaBRDDh1zACQV1YzkycoDze4vciv6C', '2025-08-06 07:59:20.000000', '2025-08-28 14:57:49.851831');
INSERT INTO `episode_urls` (`id`, `episode_id`, `quality`, `oss_url`, `cdn_url`, `origin_url`, `subtitle_url`, `access_key`, `created_at`, `updated_at`) VALUES (415, 2142, '720p', 'https://sf1-cdn-tos.huoshanstatic.com/obj/media-fe/xgplayer_doc_video/hls/xgplayer-demo.m3u8', 'https://cdn.example.com/videos/720p/series_2001_ep_7_720p.mp4', 'https://sf1-cdn-tos.huoshanstatic.com/obj/media-fe/xgplayer_doc_video/hls/xgplayer-demo.m3u8', NULL, '6o232o5fp6bv9AGBqhz5yRLbodRSUQVy', '2025-08-06 07:59:20.000000', '2025-08-28 14:57:49.851831');
INSERT INTO `episode_urls` (`id`, `episode_id`, `quality`, `oss_url`, `cdn_url`, `origin_url`, `subtitle_url`, `access_key`, `created_at`, `updated_at`) VALUES (416, 2142, '1080p', 'https://sf1-cdn-tos.huoshanstatic.com/obj/media-fe/xgplayer_doc_video/hls/xgplayer-demo.m3u8', 'https://cdn.example.com/videos/1080p/series_2001_ep_7_1080p.mp4', 'https://sf1-cdn-tos.huoshanstatic.com/obj/media-fe/xgplayer_doc_video/hls/xgplayer-demo.m3u8', 'https://cdn.example.com/subtitles/series_2001_ep_7.srt', 'pBWImfjcu3x2Iqh4loK0e56VmBFyqqPM', '2025-08-06 07:59:20.000000', '2025-08-28 14:57:49.851831');
INSERT INTO `episode_urls` (`id`, `episode_id`, `quality`, `oss_url`, `cdn_url`, `origin_url`, `subtitle_url`, `access_key`, `created_at`, `updated_at`) VALUES (417, 2142, '4K', 'https://sf1-cdn-tos.huoshanstatic.com/obj/media-fe/xgplayer_doc_video/hls/xgplayer-demo.m3u8', 'https://cdn.example.com/videos/4k/series_2001_ep_7_4K.mp4', 'https://sf1-cdn-tos.huoshanstatic.com/obj/media-fe/xgplayer_doc_video/hls/xgplayer-demo.m3u8', NULL, '3Ya9bN2pwQLAvTdb20z2vFT1MhdoTTjL', '2025-08-06 07:59:20.000000', '2025-08-28 14:57:49.851831');
INSERT INTO `episode_urls` (`id`, `episode_id`, `quality`, `oss_url`, `cdn_url`, `origin_url`, `subtitle_url`, `access_key`, `created_at`, `updated_at`) VALUES (418, 2143, '720p', 'https://sf1-cdn-tos.huoshanstatic.com/obj/media-fe/xgplayer_doc_video/hls/xgplayer-demo.m3u8', 'https://cdn.example.com/videos/720p/series_2001_ep_8_720p.mp4', 'https://sf1-cdn-tos.huoshanstatic.com/obj/media-fe/xgplayer_doc_video/hls/xgplayer-demo.m3u8', NULL, 'rI6lnWwILLkXjE78lml3Pblc6PN0Kdzu', '2025-08-06 07:59:20.000000', '2025-08-28 14:57:49.851831');
INSERT INTO `episode_urls` (`id`, `episode_id`, `quality`, `oss_url`, `cdn_url`, `origin_url`, `subtitle_url`, `access_key`, `created_at`, `updated_at`) VALUES (419, 2143, '1080p', 'https://sf1-cdn-tos.huoshanstatic.com/obj/media-fe/xgplayer_doc_video/hls/xgplayer-demo.m3u8', 'https://cdn.example.com/videos/1080p/series_2001_ep_8_1080p.mp4', 'https://sf1-cdn-tos.huoshanstatic.com/obj/media-fe/xgplayer_doc_video/hls/xgplayer-demo.m3u8', 'https://cdn.example.com/subtitles/series_2001_ep_8.srt', 'LOBvjhwVGsGGElIqoJcgSoAmvzVsQaSn', '2025-08-06 07:59:20.000000', '2025-08-28 14:57:49.851831');
INSERT INTO `episode_urls` (`id`, `episode_id`, `quality`, `oss_url`, `cdn_url`, `origin_url`, `subtitle_url`, `access_key`, `created_at`, `updated_at`) VALUES (420, 2143, '4K', 'https://sf1-cdn-tos.huoshanstatic.com/obj/media-fe/xgplayer_doc_video/hls/xgplayer-demo.m3u8', 'https://cdn.example.com/videos/4k/series_2001_ep_8_4K.mp4', 'https://sf1-cdn-tos.huoshanstatic.com/obj/media-fe/xgplayer_doc_video/hls/xgplayer-demo.m3u8', NULL, 'tiB64E5SzgUtBriLgCgC5ZcLZmFyYbtm', '2025-08-06 07:59:20.000000', '2025-08-28 14:57:49.851831');
INSERT INTO `episode_urls` (`id`, `episode_id`, `quality`, `oss_url`, `cdn_url`, `origin_url`, `subtitle_url`, `access_key`, `created_at`, `updated_at`) VALUES (421, 2144, '720p', 'https://sf1-cdn-tos.huoshanstatic.com/obj/media-fe/xgplayer_doc_video/hls/xgplayer-demo.m3u8', 'https://cdn.example.com/videos/720p/series_2001_ep_9_720p.mp4', 'https://sf1-cdn-tos.huoshanstatic.com/obj/media-fe/xgplayer_doc_video/hls/xgplayer-demo.m3u8', NULL, 'XsFu3oA6Aqk9J74FfGGtefw1dbtuvlzO', '2025-08-06 07:59:20.000000', '2025-08-28 14:57:49.851831');
INSERT INTO `episode_urls` (`id`, `episode_id`, `quality`, `oss_url`, `cdn_url`, `origin_url`, `subtitle_url`, `access_key`, `created_at`, `updated_at`) VALUES (422, 2144, '1080p', 'https://sf1-cdn-tos.huoshanstatic.com/obj/media-fe/xgplayer_doc_video/hls/xgplayer-demo.m3u8', 'https://cdn.example.com/videos/1080p/series_2001_ep_9_1080p.mp4', 'https://sf1-cdn-tos.huoshanstatic.com/obj/media-fe/xgplayer_doc_video/hls/xgplayer-demo.m3u8', 'https://cdn.example.com/subtitles/series_2001_ep_9.srt', 'ztsDC6vvESaBCkboDjSfgEFKsQfWJVFO', '2025-08-06 07:59:20.000000', '2025-08-28 14:57:49.851831');
INSERT INTO `episode_urls` (`id`, `episode_id`, `quality`, `oss_url`, `cdn_url`, `origin_url`, `subtitle_url`, `access_key`, `created_at`, `updated_at`) VALUES (423, 2144, '4K', 'https://sf1-cdn-tos.huoshanstatic.com/obj/media-fe/xgplayer_doc_video/hls/xgplayer-demo.m3u8', 'https://cdn.example.com/videos/4k/series_2001_ep_9_4K.mp4', 'https://sf1-cdn-tos.huoshanstatic.com/obj/media-fe/xgplayer_doc_video/hls/xgplayer-demo.m3u8', NULL, 'TvjtkfcSuV7rlVyBB1CEfs9C39IxeGKk', '2025-08-06 07:59:20.000000', '2025-08-28 14:57:49.851831');
INSERT INTO `episode_urls` (`id`, `episode_id`, `quality`, `oss_url`, `cdn_url`, `origin_url`, `subtitle_url`, `access_key`, `created_at`, `updated_at`) VALUES (424, 2145, '720p', 'https://sf1-cdn-tos.huoshanstatic.com/obj/media-fe/xgplayer_doc_video/hls/xgplayer-demo.m3u8', 'https://cdn.example.com/videos/720p/series_2001_ep_10_720p.mp4', 'https://sf1-cdn-tos.huoshanstatic.com/obj/media-fe/xgplayer_doc_video/hls/xgplayer-demo.m3u8', NULL, 'Yvz4Fic0iXb4LgroHmIfmUqlWyj07dck', '2025-08-06 07:59:20.000000', '2025-08-28 14:57:49.851831');
INSERT INTO `episode_urls` (`id`, `episode_id`, `quality`, `oss_url`, `cdn_url`, `origin_url`, `subtitle_url`, `access_key`, `created_at`, `updated_at`) VALUES (425, 2145, '1080p', 'https://sf1-cdn-tos.huoshanstatic.com/obj/media-fe/xgplayer_doc_video/hls/xgplayer-demo.m3u8', 'https://cdn.example.com/videos/1080p/series_2001_ep_10_1080p.mp4', 'https://sf1-cdn-tos.huoshanstatic.com/obj/media-fe/xgplayer_doc_video/hls/xgplayer-demo.m3u8', 'https://cdn.example.com/subtitles/series_2001_ep_10.srt', 'QrpXrAqYdtg3FDs6dD7mTw5XdNYOCXVv', '2025-08-06 07:59:20.000000', '2025-08-28 14:57:49.851831');
INSERT INTO `episode_urls` (`id`, `episode_id`, `quality`, `oss_url`, `cdn_url`, `origin_url`, `subtitle_url`, `access_key`, `created_at`, `updated_at`) VALUES (426, 2145, '4K', 'https://sf1-cdn-tos.huoshanstatic.com/obj/media-fe/xgplayer_doc_video/hls/xgplayer-demo.m3u8', 'https://cdn.example.com/videos/4k/series_2001_ep_10_4K.mp4', 'https://sf1-cdn-tos.huoshanstatic.com/obj/media-fe/xgplayer_doc_video/hls/xgplayer-demo.m3u8', NULL, '3GcVZCJXXEngd8q38m196a0dnCQt1KYZ', '2025-08-06 07:59:20.000000', '2025-08-28 14:57:49.851831');
INSERT INTO `episode_urls` (`id`, `episode_id`, `quality`, `oss_url`, `cdn_url`, `origin_url`, `subtitle_url`, `access_key`, `created_at`, `updated_at`) VALUES (427, 2146, '720p', 'https://sf1-cdn-tos.huoshanstatic.com/obj/media-fe/xgplayer_doc_video/hls/xgplayer-demo.m3u8', 'https://cdn.example.com/videos/720p/series_2001_ep_11_720p.mp4', 'https://sf1-cdn-tos.huoshanstatic.com/obj/media-fe/xgplayer_doc_video/hls/xgplayer-demo.m3u8', NULL, '6r3IvQxejO8BJGpy3yG5ujjEN6PrW1I6', '2025-08-06 07:59:20.000000', '2025-08-28 14:57:49.851831');
INSERT INTO `episode_urls` (`id`, `episode_id`, `quality`, `oss_url`, `cdn_url`, `origin_url`, `subtitle_url`, `access_key`, `created_at`, `updated_at`) VALUES (428, 2146, '1080p', 'https://sf1-cdn-tos.huoshanstatic.com/obj/media-fe/xgplayer_doc_video/hls/xgplayer-demo.m3u8', 'https://cdn.example.com/videos/1080p/series_2001_ep_11_1080p.mp4', 'https://sf1-cdn-tos.huoshanstatic.com/obj/media-fe/xgplayer_doc_video/hls/xgplayer-demo.m3u8', 'https://cdn.example.com/subtitles/series_2001_ep_11.srt', 'zoka95MJYq9tI92Bc2WkluQQ6rtxLPxR', '2025-08-06 07:59:20.000000', '2025-08-28 14:57:49.851831');
INSERT INTO `episode_urls` (`id`, `episode_id`, `quality`, `oss_url`, `cdn_url`, `origin_url`, `subtitle_url`, `access_key`, `created_at`, `updated_at`) VALUES (429, 2146, '4K', 'https://sf1-cdn-tos.huoshanstatic.com/obj/media-fe/xgplayer_doc_video/hls/xgplayer-demo.m3u8', 'https://cdn.example.com/videos/4k/series_2001_ep_11_4K.mp4', 'https://sf1-cdn-tos.huoshanstatic.com/obj/media-fe/xgplayer_doc_video/hls/xgplayer-demo.m3u8', NULL, 'Yc371jbdqrh5lnR5IP9RwqXvZlsARMZH', '2025-08-06 07:59:20.000000', '2025-08-28 14:57:49.851831');
INSERT INTO `episode_urls` (`id`, `episode_id`, `quality`, `oss_url`, `cdn_url`, `origin_url`, `subtitle_url`, `access_key`, `created_at`, `updated_at`) VALUES (430, 2147, '720p', 'https://sf1-cdn-tos.huoshanstatic.com/obj/media-fe/xgplayer_doc_video/hls/xgplayer-demo.m3u8', 'https://cdn.example.com/videos/720p/series_2001_ep_12_720p.mp4', 'https://sf1-cdn-tos.huoshanstatic.com/obj/media-fe/xgplayer_doc_video/hls/xgplayer-demo.m3u8', NULL, 'TgLra9AEC9NK8loRMu9SEpy761PXSlVZ', '2025-08-06 07:59:20.000000', '2025-08-28 14:57:49.851831');
INSERT INTO `episode_urls` (`id`, `episode_id`, `quality`, `oss_url`, `cdn_url`, `origin_url`, `subtitle_url`, `access_key`, `created_at`, `updated_at`) VALUES (431, 2147, '1080p', 'https://sf1-cdn-tos.huoshanstatic.com/obj/media-fe/xgplayer_doc_video/hls/xgplayer-demo.m3u8', 'https://cdn.example.com/videos/1080p/series_2001_ep_12_1080p.mp4', 'https://sf1-cdn-tos.huoshanstatic.com/obj/media-fe/xgplayer_doc_video/hls/xgplayer-demo.m3u8', 'https://cdn.example.com/subtitles/series_2001_ep_12.srt', 'aMX6VHbxyMdw4D8sDusJ7a9KZEJcAWTG', '2025-08-06 07:59:20.000000', '2025-08-28 14:57:49.851831');
INSERT INTO `episode_urls` (`id`, `episode_id`, `quality`, `oss_url`, `cdn_url`, `origin_url`, `subtitle_url`, `access_key`, `created_at`, `updated_at`) VALUES (432, 2147, '4K', 'https://sf1-cdn-tos.huoshanstatic.com/obj/media-fe/xgplayer_doc_video/hls/xgplayer-demo.m3u8', 'https://cdn.example.com/videos/4k/series_2001_ep_12_4K.mp4', 'https://sf1-cdn-tos.huoshanstatic.com/obj/media-fe/xgplayer_doc_video/hls/xgplayer-demo.m3u8', NULL, 'Mc5zuDVQPBsoPtLX7ilCDsQnoc39t6cs', '2025-08-06 07:59:20.000000', '2025-08-28 14:57:49.851831');
INSERT INTO `episode_urls` (`id`, `episode_id`, `quality`, `oss_url`, `cdn_url`, `origin_url`, `subtitle_url`, `access_key`, `created_at`, `updated_at`) VALUES (433, 2148, '720p', 'https://sf1-cdn-tos.huoshanstatic.com/obj/media-fe/xgplayer_doc_video/hls/xgplayer-demo.m3u8', 'https://cdn.example.com/videos/720p/series_2001_ep_13_720p.mp4', 'https://sf1-cdn-tos.huoshanstatic.com/obj/media-fe/xgplayer_doc_video/hls/xgplayer-demo.m3u8', NULL, 'QjYQNMIQpCd9bSWw43MkplIEyz3uvFJ8', '2025-08-06 07:59:20.000000', '2025-08-28 14:57:49.851831');
INSERT INTO `episode_urls` (`id`, `episode_id`, `quality`, `oss_url`, `cdn_url`, `origin_url`, `subtitle_url`, `access_key`, `created_at`, `updated_at`) VALUES (434, 2148, '1080p', 'https://sf1-cdn-tos.huoshanstatic.com/obj/media-fe/xgplayer_doc_video/hls/xgplayer-demo.m3u8', 'https://cdn.example.com/videos/1080p/series_2001_ep_13_1080p.mp4', 'https://sf1-cdn-tos.huoshanstatic.com/obj/media-fe/xgplayer_doc_video/hls/xgplayer-demo.m3u8', 'https://cdn.example.com/subtitles/series_2001_ep_13.srt', 'h3V7PtgR8T24SYZk3hexZWeZc38TV6GT', '2025-08-06 07:59:20.000000', '2025-08-28 14:57:49.851831');
INSERT INTO `episode_urls` (`id`, `episode_id`, `quality`, `oss_url`, `cdn_url`, `origin_url`, `subtitle_url`, `access_key`, `created_at`, `updated_at`) VALUES (435, 2148, '4K', 'https://sf1-cdn-tos.huoshanstatic.com/obj/media-fe/xgplayer_doc_video/hls/xgplayer-demo.m3u8', 'https://cdn.example.com/videos/4k/series_2001_ep_13_4K.mp4', 'https://sf1-cdn-tos.huoshanstatic.com/obj/media-fe/xgplayer_doc_video/hls/xgplayer-demo.m3u8', NULL, '4G1DO8cAihCLjYcbL84PYGSKIcFsKLX2', '2025-08-06 07:59:20.000000', '2025-08-28 14:57:49.851831');
INSERT INTO `episode_urls` (`id`, `episode_id`, `quality`, `oss_url`, `cdn_url`, `origin_url`, `subtitle_url`, `access_key`, `created_at`, `updated_at`) VALUES (436, 2149, '720p', 'https://sf1-cdn-tos.huoshanstatic.com/obj/media-fe/xgplayer_doc_video/hls/xgplayer-demo.m3u8', 'https://cdn.example.com/videos/720p/series_2001_ep_14_720p.mp4', 'https://sf1-cdn-tos.huoshanstatic.com/obj/media-fe/xgplayer_doc_video/hls/xgplayer-demo.m3u8', NULL, 'wVh6YhM5FFTdsaWfZmPfNfZQdWJ9DJbC', '2025-08-06 07:59:20.000000', '2025-08-28 14:57:49.851831');
INSERT INTO `episode_urls` (`id`, `episode_id`, `quality`, `oss_url`, `cdn_url`, `origin_url`, `subtitle_url`, `access_key`, `created_at`, `updated_at`) VALUES (437, 2149, '1080p', 'https://sf1-cdn-tos.huoshanstatic.com/obj/media-fe/xgplayer_doc_video/hls/xgplayer-demo.m3u8', 'https://cdn.example.com/videos/1080p/series_2001_ep_14_1080p.mp4', 'https://sf1-cdn-tos.huoshanstatic.com/obj/media-fe/xgplayer_doc_video/hls/xgplayer-demo.m3u8', 'https://cdn.example.com/subtitles/series_2001_ep_14.srt', 'D3uWbANxBHmrtSmgOssUWbJJONYRXCEP', '2025-08-06 07:59:20.000000', '2025-08-28 14:57:49.851831');
INSERT INTO `episode_urls` (`id`, `episode_id`, `quality`, `oss_url`, `cdn_url`, `origin_url`, `subtitle_url`, `access_key`, `created_at`, `updated_at`) VALUES (438, 2149, '4K', 'https://sf1-cdn-tos.huoshanstatic.com/obj/media-fe/xgplayer_doc_video/hls/xgplayer-demo.m3u8', 'https://cdn.example.com/videos/4k/series_2001_ep_14_4K.mp4', 'https://sf1-cdn-tos.huoshanstatic.com/obj/media-fe/xgplayer_doc_video/hls/xgplayer-demo.m3u8', NULL, 'JZuJA7nS4P1sEmEWU7XJfT22wB7Z39l4', '2025-08-06 07:59:20.000000', '2025-08-28 14:57:49.851831');
INSERT INTO `episode_urls` (`id`, `episode_id`, `quality`, `oss_url`, `cdn_url`, `origin_url`, `subtitle_url`, `access_key`, `created_at`, `updated_at`) VALUES (439, 2150, '720p', 'https://sf1-cdn-tos.huoshanstatic.com/obj/media-fe/xgplayer_doc_video/hls/xgplayer-demo.m3u8', 'https://cdn.example.com/videos/720p/series_2001_ep_15_720p.mp4', 'https://sf1-cdn-tos.huoshanstatic.com/obj/media-fe/xgplayer_doc_video/hls/xgplayer-demo.m3u8', NULL, 'Ehwn90bEZ2oDEp4ZwNJno3TOBoApUz1x', '2025-08-06 07:59:20.000000', '2025-08-28 14:57:49.851831');
INSERT INTO `episode_urls` (`id`, `episode_id`, `quality`, `oss_url`, `cdn_url`, `origin_url`, `subtitle_url`, `access_key`, `created_at`, `updated_at`) VALUES (440, 2150, '1080p', 'https://sf1-cdn-tos.huoshanstatic.com/obj/media-fe/xgplayer_doc_video/hls/xgplayer-demo.m3u8', 'https://cdn.example.com/videos/1080p/series_2001_ep_15_1080p.mp4', 'https://sf1-cdn-tos.huoshanstatic.com/obj/media-fe/xgplayer_doc_video/hls/xgplayer-demo.m3u8', 'https://cdn.example.com/subtitles/series_2001_ep_15.srt', 'vwuFJDSjlAy8L2mNScoYjOcVLeMAWNEk', '2025-08-06 07:59:20.000000', '2025-08-28 14:57:49.851831');
INSERT INTO `episode_urls` (`id`, `episode_id`, `quality`, `oss_url`, `cdn_url`, `origin_url`, `subtitle_url`, `access_key`, `created_at`, `updated_at`) VALUES (441, 2150, '4K', 'https://sf1-cdn-tos.huoshanstatic.com/obj/media-fe/xgplayer_doc_video/hls/xgplayer-demo.m3u8', 'https://cdn.example.com/videos/4k/series_2001_ep_15_4K.mp4', 'https://sf1-cdn-tos.huoshanstatic.com/obj/media-fe/xgplayer_doc_video/hls/xgplayer-demo.m3u8', NULL, '07WECZS9c11N6L1ZF1NeVANswf74CacG', '2025-08-06 07:59:20.000000', '2025-08-28 14:57:49.851831');
INSERT INTO `episode_urls` (`id`, `episode_id`, `quality`, `oss_url`, `cdn_url`, `origin_url`, `subtitle_url`, `access_key`, `created_at`, `updated_at`) VALUES (442, 2151, '720p', 'https://sf1-cdn-tos.huoshanstatic.com/obj/media-fe/xgplayer_doc_video/hls/xgplayer-demo.m3u8', 'https://cdn.example.com/videos/720p/series_2001_ep_16_720p.mp4', 'https://sf1-cdn-tos.huoshanstatic.com/obj/media-fe/xgplayer_doc_video/hls/xgplayer-demo.m3u8', NULL, 'lUDMmbb4610Ed3RcwzBx5hsKqemDeatV', '2025-08-06 07:59:20.000000', '2025-08-28 14:57:49.851831');
INSERT INTO `episode_urls` (`id`, `episode_id`, `quality`, `oss_url`, `cdn_url`, `origin_url`, `subtitle_url`, `access_key`, `created_at`, `updated_at`) VALUES (443, 2151, '1080p', 'https://sf1-cdn-tos.huoshanstatic.com/obj/media-fe/xgplayer_doc_video/hls/xgplayer-demo.m3u8', 'https://cdn.example.com/videos/1080p/series_2001_ep_16_1080p.mp4', 'https://sf1-cdn-tos.huoshanstatic.com/obj/media-fe/xgplayer_doc_video/hls/xgplayer-demo.m3u8', 'https://cdn.example.com/subtitles/series_2001_ep_16.srt', 'MYes6SxxxzkOR5dsDBbsFn1kLaj5gmt9', '2025-08-06 07:59:20.000000', '2025-08-28 14:57:49.851831');
INSERT INTO `episode_urls` (`id`, `episode_id`, `quality`, `oss_url`, `cdn_url`, `origin_url`, `subtitle_url`, `access_key`, `created_at`, `updated_at`) VALUES (444, 2151, '4K', 'https://sf1-cdn-tos.huoshanstatic.com/obj/media-fe/xgplayer_doc_video/hls/xgplayer-demo.m3u8', 'https://cdn.example.com/videos/4k/series_2001_ep_16_4K.mp4', 'https://sf1-cdn-tos.huoshanstatic.com/obj/media-fe/xgplayer_doc_video/hls/xgplayer-demo.m3u8', NULL, 'Z9Ef9YM7pyAht6WeQuGRCzQQD8G5WZlI', '2025-08-06 07:59:20.000000', '2025-08-28 14:57:49.851831');
INSERT INTO `episode_urls` (`id`, `episode_id`, `quality`, `oss_url`, `cdn_url`, `origin_url`, `subtitle_url`, `access_key`, `created_at`, `updated_at`) VALUES (445, 2152, '720p', 'https://sf1-cdn-tos.huoshanstatic.com/obj/media-fe/xgplayer_doc_video/hls/xgplayer-demo.m3u8', 'https://cdn.example.com/videos/720p/series_2001_ep_17_720p.mp4', 'https://sf1-cdn-tos.huoshanstatic.com/obj/media-fe/xgplayer_doc_video/hls/xgplayer-demo.m3u8', NULL, 'EYp3NOZe2ZGWq99wYwVSK6Hk6Xmgb52J', '2025-08-06 07:59:20.000000', '2025-08-28 14:57:49.851831');
INSERT INTO `episode_urls` (`id`, `episode_id`, `quality`, `oss_url`, `cdn_url`, `origin_url`, `subtitle_url`, `access_key`, `created_at`, `updated_at`) VALUES (446, 2152, '1080p', 'https://sf1-cdn-tos.huoshanstatic.com/obj/media-fe/xgplayer_doc_video/hls/xgplayer-demo.m3u8', 'https://cdn.example.com/videos/1080p/series_2001_ep_17_1080p.mp4', 'https://sf1-cdn-tos.huoshanstatic.com/obj/media-fe/xgplayer_doc_video/hls/xgplayer-demo.m3u8', 'https://cdn.example.com/subtitles/series_2001_ep_17.srt', 'eW2Y8B4zcg2kyuOqYTheA8W8uI2Vhuno', '2025-08-06 07:59:20.000000', '2025-08-28 14:57:49.851831');
INSERT INTO `episode_urls` (`id`, `episode_id`, `quality`, `oss_url`, `cdn_url`, `origin_url`, `subtitle_url`, `access_key`, `created_at`, `updated_at`) VALUES (447, 2152, '4K', 'https://sf1-cdn-tos.huoshanstatic.com/obj/media-fe/xgplayer_doc_video/hls/xgplayer-demo.m3u8', 'https://cdn.example.com/videos/4k/series_2001_ep_17_4K.mp4', 'https://sf1-cdn-tos.huoshanstatic.com/obj/media-fe/xgplayer_doc_video/hls/xgplayer-demo.m3u8', NULL, 'DNqehOSjTIsoao7QEDOYwYzz1n9vsIoZ', '2025-08-06 07:59:20.000000', '2025-08-28 14:57:49.851831');
INSERT INTO `episode_urls` (`id`, `episode_id`, `quality`, `oss_url`, `cdn_url`, `origin_url`, `subtitle_url`, `access_key`, `created_at`, `updated_at`) VALUES (448, 2153, '720p', 'https://sf1-cdn-tos.huoshanstatic.com/obj/media-fe/xgplayer_doc_video/hls/xgplayer-demo.m3u8', 'https://cdn.example.com/videos/720p/series_2001_ep_18_720p.mp4', 'https://sf1-cdn-tos.huoshanstatic.com/obj/media-fe/xgplayer_doc_video/hls/xgplayer-demo.m3u8', NULL, 'GKULz2qMYQ1oke1VwuHovXWLkXhjAcjf', '2025-08-06 07:59:20.000000', '2025-08-28 14:57:49.851831');
INSERT INTO `episode_urls` (`id`, `episode_id`, `quality`, `oss_url`, `cdn_url`, `origin_url`, `subtitle_url`, `access_key`, `created_at`, `updated_at`) VALUES (449, 2153, '1080p', 'https://sf1-cdn-tos.huoshanstatic.com/obj/media-fe/xgplayer_doc_video/hls/xgplayer-demo.m3u8', 'https://cdn.example.com/videos/1080p/series_2001_ep_18_1080p.mp4', 'https://sf1-cdn-tos.huoshanstatic.com/obj/media-fe/xgplayer_doc_video/hls/xgplayer-demo.m3u8', 'https://cdn.example.com/subtitles/series_2001_ep_18.srt', '24jw2DMPy4UU26PyH9BBopwnNbp6Se6Q', '2025-08-06 07:59:20.000000', '2025-08-28 14:57:49.851831');
INSERT INTO `episode_urls` (`id`, `episode_id`, `quality`, `oss_url`, `cdn_url`, `origin_url`, `subtitle_url`, `access_key`, `created_at`, `updated_at`) VALUES (450, 2153, '4K', 'https://sf1-cdn-tos.huoshanstatic.com/obj/media-fe/xgplayer_doc_video/hls/xgplayer-demo.m3u8', 'https://cdn.example.com/videos/4k/series_2001_ep_18_4K.mp4', 'https://sf1-cdn-tos.huoshanstatic.com/obj/media-fe/xgplayer_doc_video/hls/xgplayer-demo.m3u8', NULL, '6lXyXHOQtIx6IBjWBlqXfBauyF6ZNY2c', '2025-08-06 07:59:20.000000', '2025-08-28 14:57:49.851831');
INSERT INTO `episode_urls` (`id`, `episode_id`, `quality`, `oss_url`, `cdn_url`, `origin_url`, `subtitle_url`, `access_key`, `created_at`, `updated_at`) VALUES (451, 2154, '720p', 'https://sf1-cdn-tos.huoshanstatic.com/obj/media-fe/xgplayer_doc_video/hls/xgplayer-demo.m3u8', 'https://cdn.example.com/videos/720p/series_2001_ep_19_720p.mp4', 'https://sf1-cdn-tos.huoshanstatic.com/obj/media-fe/xgplayer_doc_video/hls/xgplayer-demo.m3u8', NULL, 'M3hMDXvqhnDFxYp7zXfZL4PisORFsJHi', '2025-08-06 07:59:20.000000', '2025-08-28 14:57:49.851831');
INSERT INTO `episode_urls` (`id`, `episode_id`, `quality`, `oss_url`, `cdn_url`, `origin_url`, `subtitle_url`, `access_key`, `created_at`, `updated_at`) VALUES (452, 2154, '1080p', 'https://sf1-cdn-tos.huoshanstatic.com/obj/media-fe/xgplayer_doc_video/hls/xgplayer-demo.m3u8', 'https://cdn.example.com/videos/1080p/series_2001_ep_19_1080p.mp4', 'https://sf1-cdn-tos.huoshanstatic.com/obj/media-fe/xgplayer_doc_video/hls/xgplayer-demo.m3u8', 'https://cdn.example.com/subtitles/series_2001_ep_19.srt', 'dgVOdt3SPZcZ5vlJFOUGV5dBAmmk6sad', '2025-08-06 07:59:20.000000', '2025-08-28 14:57:49.851831');
INSERT INTO `episode_urls` (`id`, `episode_id`, `quality`, `oss_url`, `cdn_url`, `origin_url`, `subtitle_url`, `access_key`, `created_at`, `updated_at`) VALUES (453, 2154, '4K', 'https://sf1-cdn-tos.huoshanstatic.com/obj/media-fe/xgplayer_doc_video/hls/xgplayer-demo.m3u8', 'https://cdn.example.com/videos/4k/series_2001_ep_19_4K.mp4', 'https://sf1-cdn-tos.huoshanstatic.com/obj/media-fe/xgplayer_doc_video/hls/xgplayer-demo.m3u8', NULL, 'pKBzkETniRobNB1889almClNveN24kED', '2025-08-06 07:59:20.000000', '2025-08-28 14:57:49.851831');
INSERT INTO `episode_urls` (`id`, `episode_id`, `quality`, `oss_url`, `cdn_url`, `origin_url`, `subtitle_url`, `access_key`, `created_at`, `updated_at`) VALUES (454, 2155, '720p', 'https://sf1-cdn-tos.huoshanstatic.com/obj/media-fe/xgplayer_doc_video/hls/xgplayer-demo.m3u8', 'https://cdn.example.com/videos/720p/series_2001_ep_20_720p.mp4', 'https://sf1-cdn-tos.huoshanstatic.com/obj/media-fe/xgplayer_doc_video/hls/xgplayer-demo.m3u8', NULL, '26Y9Im06H5FZKRGrIcHuFctPabbAUr82', '2025-08-06 07:59:20.000000', '2025-08-28 14:57:49.851831');
INSERT INTO `episode_urls` (`id`, `episode_id`, `quality`, `oss_url`, `cdn_url`, `origin_url`, `subtitle_url`, `access_key`, `created_at`, `updated_at`) VALUES (455, 2155, '1080p', 'https://sf1-cdn-tos.huoshanstatic.com/obj/media-fe/xgplayer_doc_video/hls/xgplayer-demo.m3u8', 'https://cdn.example.com/videos/1080p/series_2001_ep_20_1080p.mp4', 'https://sf1-cdn-tos.huoshanstatic.com/obj/media-fe/xgplayer_doc_video/hls/xgplayer-demo.m3u8', 'https://cdn.example.com/subtitles/series_2001_ep_20.srt', 'UBE4HuJFYQ67NMUbKoumHIR8Qu54EnfX', '2025-08-06 07:59:20.000000', '2025-08-28 14:57:49.851831');
INSERT INTO `episode_urls` (`id`, `episode_id`, `quality`, `oss_url`, `cdn_url`, `origin_url`, `subtitle_url`, `access_key`, `created_at`, `updated_at`) VALUES (456, 2155, '4K', 'https://sf1-cdn-tos.huoshanstatic.com/obj/media-fe/xgplayer_doc_video/hls/xgplayer-demo.m3u8', 'https://cdn.example.com/videos/4k/series_2001_ep_20_4K.mp4', 'https://sf1-cdn-tos.huoshanstatic.com/obj/media-fe/xgplayer_doc_video/hls/xgplayer-demo.m3u8', NULL, 'n4Ey2KxCkzNx1559rbptxYKqsy7CkPzH', '2025-08-06 07:59:20.000000', '2025-08-28 14:57:49.851831');
INSERT INTO `episode_urls` (`id`, `episode_id`, `quality`, `oss_url`, `cdn_url`, `origin_url`, `subtitle_url`, `access_key`, `created_at`, `updated_at`) VALUES (457, 2156, '720p', 'https://sf1-cdn-tos.huoshanstatic.com/obj/media-fe/xgplayer_doc_video/hls/xgplayer-demo.m3u8', 'https://cdn.example.com/videos/720p/series_2001_ep_21_720p.mp4', 'https://sf1-cdn-tos.huoshanstatic.com/obj/media-fe/xgplayer_doc_video/hls/xgplayer-demo.m3u8', NULL, 'oAa6R7jl6UaaRXlrMDJQGA8VkDTcJTXD', '2025-08-06 07:59:20.000000', '2025-08-28 14:57:49.851831');
INSERT INTO `episode_urls` (`id`, `episode_id`, `quality`, `oss_url`, `cdn_url`, `origin_url`, `subtitle_url`, `access_key`, `created_at`, `updated_at`) VALUES (458, 2156, '1080p', 'https://sf1-cdn-tos.huoshanstatic.com/obj/media-fe/xgplayer_doc_video/hls/xgplayer-demo.m3u8', 'https://cdn.example.com/videos/1080p/series_2001_ep_21_1080p.mp4', 'https://sf1-cdn-tos.huoshanstatic.com/obj/media-fe/xgplayer_doc_video/hls/xgplayer-demo.m3u8', 'https://cdn.example.com/subtitles/series_2001_ep_21.srt', 'qAgDxKjOQPX85KwQrpdeTd7DJSHnWX3u', '2025-08-06 07:59:20.000000', '2025-08-28 14:57:49.851831');
INSERT INTO `episode_urls` (`id`, `episode_id`, `quality`, `oss_url`, `cdn_url`, `origin_url`, `subtitle_url`, `access_key`, `created_at`, `updated_at`) VALUES (459, 2156, '4K', 'https://sf1-cdn-tos.huoshanstatic.com/obj/media-fe/xgplayer_doc_video/hls/xgplayer-demo.m3u8', 'https://cdn.example.com/videos/4k/series_2001_ep_21_4K.mp4', 'https://sf1-cdn-tos.huoshanstatic.com/obj/media-fe/xgplayer_doc_video/hls/xgplayer-demo.m3u8', NULL, 'nCbJRMSSRh3pDybljzCWnOPNTaW88GlQ', '2025-08-06 07:59:20.000000', '2025-08-28 14:57:49.851831');
INSERT INTO `episode_urls` (`id`, `episode_id`, `quality`, `oss_url`, `cdn_url`, `origin_url`, `subtitle_url`, `access_key`, `created_at`, `updated_at`) VALUES (460, 2157, '720p', 'https://sf1-cdn-tos.huoshanstatic.com/obj/media-fe/xgplayer_doc_video/hls/xgplayer-demo.m3u8', 'https://cdn.example.com/videos/720p/series_2001_ep_22_720p.mp4', 'https://sf1-cdn-tos.huoshanstatic.com/obj/media-fe/xgplayer_doc_video/hls/xgplayer-demo.m3u8', NULL, 'UM4CBbPkOHBUj4KiC6B6UJs44LHNIaPb', '2025-08-06 07:59:20.000000', '2025-08-28 14:57:49.851831');
INSERT INTO `episode_urls` (`id`, `episode_id`, `quality`, `oss_url`, `cdn_url`, `origin_url`, `subtitle_url`, `access_key`, `created_at`, `updated_at`) VALUES (461, 2157, '1080p', 'https://sf1-cdn-tos.huoshanstatic.com/obj/media-fe/xgplayer_doc_video/hls/xgplayer-demo.m3u8', 'https://cdn.example.com/videos/1080p/series_2001_ep_22_1080p.mp4', 'https://sf1-cdn-tos.huoshanstatic.com/obj/media-fe/xgplayer_doc_video/hls/xgplayer-demo.m3u8', 'https://cdn.example.com/subtitles/series_2001_ep_22.srt', 'hWhJCXqgFZkQ014iYGRsg455PeW0gbTC', '2025-08-06 07:59:20.000000', '2025-08-28 14:57:49.851831');
INSERT INTO `episode_urls` (`id`, `episode_id`, `quality`, `oss_url`, `cdn_url`, `origin_url`, `subtitle_url`, `access_key`, `created_at`, `updated_at`) VALUES (462, 2157, '4K', 'https://sf1-cdn-tos.huoshanstatic.com/obj/media-fe/xgplayer_doc_video/hls/xgplayer-demo.m3u8', 'https://cdn.example.com/videos/4k/series_2001_ep_22_4K.mp4', 'https://sf1-cdn-tos.huoshanstatic.com/obj/media-fe/xgplayer_doc_video/hls/xgplayer-demo.m3u8', NULL, 'gwXem5DmaV22gjsMIOf9T0S4MX2xhc3X', '2025-08-06 07:59:20.000000', '2025-08-28 14:57:49.851831');
INSERT INTO `episode_urls` (`id`, `episode_id`, `quality`, `oss_url`, `cdn_url`, `origin_url`, `subtitle_url`, `access_key`, `created_at`, `updated_at`) VALUES (463, 2158, '720p', 'https://sf1-cdn-tos.huoshanstatic.com/obj/media-fe/xgplayer_doc_video/hls/xgplayer-demo.m3u8', 'https://cdn.example.com/videos/720p/series_2001_ep_23_720p.mp4', 'https://sf1-cdn-tos.huoshanstatic.com/obj/media-fe/xgplayer_doc_video/hls/xgplayer-demo.m3u8', NULL, 'GwoebuMike7diex8IUUU0xJFFMha2gRX', '2025-08-06 07:59:20.000000', '2025-08-28 14:57:49.851831');
INSERT INTO `episode_urls` (`id`, `episode_id`, `quality`, `oss_url`, `cdn_url`, `origin_url`, `subtitle_url`, `access_key`, `created_at`, `updated_at`) VALUES (464, 2158, '1080p', 'https://sf1-cdn-tos.huoshanstatic.com/obj/media-fe/xgplayer_doc_video/hls/xgplayer-demo.m3u8', 'https://cdn.example.com/videos/1080p/series_2001_ep_23_1080p.mp4', 'https://sf1-cdn-tos.huoshanstatic.com/obj/media-fe/xgplayer_doc_video/hls/xgplayer-demo.m3u8', 'https://cdn.example.com/subtitles/series_2001_ep_23.srt', 'iX7WbDtavO7smm9Co586Kk0fifL3cBCJ', '2025-08-06 07:59:20.000000', '2025-08-28 14:57:49.851831');
INSERT INTO `episode_urls` (`id`, `episode_id`, `quality`, `oss_url`, `cdn_url`, `origin_url`, `subtitle_url`, `access_key`, `created_at`, `updated_at`) VALUES (465, 2158, '4K', 'https://sf1-cdn-tos.huoshanstatic.com/obj/media-fe/xgplayer_doc_video/hls/xgplayer-demo.m3u8', 'https://cdn.example.com/videos/4k/series_2001_ep_23_4K.mp4', 'https://sf1-cdn-tos.huoshanstatic.com/obj/media-fe/xgplayer_doc_video/hls/xgplayer-demo.m3u8', NULL, '8Xv2wSZbDN2pOxl53tZM09YlR9iu8aQo', '2025-08-06 07:59:20.000000', '2025-08-28 14:57:49.851831');
INSERT INTO `episode_urls` (`id`, `episode_id`, `quality`, `oss_url`, `cdn_url`, `origin_url`, `subtitle_url`, `access_key`, `created_at`, `updated_at`) VALUES (466, 2159, '720p', 'https://sf1-cdn-tos.huoshanstatic.com/obj/media-fe/xgplayer_doc_video/hls/xgplayer-demo.m3u8', 'https://cdn.example.com/videos/720p/series_2001_ep_24_720p.mp4', 'https://sf1-cdn-tos.huoshanstatic.com/obj/media-fe/xgplayer_doc_video/hls/xgplayer-demo.m3u8', NULL, 'SFssEw5hFCDQ6Pb4VKGfUrj0p8LRzt2F', '2025-08-06 07:59:20.000000', '2025-08-28 14:57:49.851831');
INSERT INTO `episode_urls` (`id`, `episode_id`, `quality`, `oss_url`, `cdn_url`, `origin_url`, `subtitle_url`, `access_key`, `created_at`, `updated_at`) VALUES (467, 2159, '1080p', 'https://sf1-cdn-tos.huoshanstatic.com/obj/media-fe/xgplayer_doc_video/hls/xgplayer-demo.m3u8', 'https://cdn.example.com/videos/1080p/series_2001_ep_24_1080p.mp4', 'https://sf1-cdn-tos.huoshanstatic.com/obj/media-fe/xgplayer_doc_video/hls/xgplayer-demo.m3u8', 'https://cdn.example.com/subtitles/series_2001_ep_24.srt', 'IbpGHApb1U7DKAu3JHrSUOTvOtFVZLHM', '2025-08-06 07:59:20.000000', '2025-08-28 14:57:49.851831');
INSERT INTO `episode_urls` (`id`, `episode_id`, `quality`, `oss_url`, `cdn_url`, `origin_url`, `subtitle_url`, `access_key`, `created_at`, `updated_at`) VALUES (468, 2159, '4K', 'https://sf1-cdn-tos.huoshanstatic.com/obj/media-fe/xgplayer_doc_video/hls/xgplayer-demo.m3u8', 'https://cdn.example.com/videos/4k/series_2001_ep_24_4K.mp4', 'https://sf1-cdn-tos.huoshanstatic.com/obj/media-fe/xgplayer_doc_video/hls/xgplayer-demo.m3u8', NULL, 'yCewQjeH2fceNBK2cc86ZC3bscrNk7Mm', '2025-08-06 07:59:20.000000', '2025-08-28 14:57:49.851831');
INSERT INTO `episode_urls` (`id`, `episode_id`, `quality`, `oss_url`, `cdn_url`, `origin_url`, `subtitle_url`, `access_key`, `created_at`, `updated_at`) VALUES (469, 2160, '720p', 'https://sf1-cdn-tos.huoshanstatic.com/obj/media-fe/xgplayer_doc_video/hls/xgplayer-demo.m3u8', 'https://cdn.example.com/videos/720p/series_2002_ep_1_720p.mp4', 'https://sf1-cdn-tos.huoshanstatic.com/obj/media-fe/xgplayer_doc_video/hls/xgplayer-demo.m3u8', NULL, 'DosFGFPcJGR0dikmF7GtV2SgDsA1y9ed', '2025-08-06 07:59:20.000000', '2025-08-28 14:57:49.851831');
INSERT INTO `episode_urls` (`id`, `episode_id`, `quality`, `oss_url`, `cdn_url`, `origin_url`, `subtitle_url`, `access_key`, `created_at`, `updated_at`) VALUES (470, 2160, '1080p', 'https://sf1-cdn-tos.huoshanstatic.com/obj/media-fe/xgplayer_doc_video/hls/xgplayer-demo.m3u8', 'https://cdn.example.com/videos/1080p/series_2002_ep_1_1080p.mp4', 'https://sf1-cdn-tos.huoshanstatic.com/obj/media-fe/xgplayer_doc_video/hls/xgplayer-demo.m3u8', 'https://cdn.example.com/subtitles/series_2002_ep_1.srt', 'os2mgtxrRxP76h53rdu2CwspCi82PS3H', '2025-08-06 07:59:20.000000', '2025-08-28 14:57:49.851831');
INSERT INTO `episode_urls` (`id`, `episode_id`, `quality`, `oss_url`, `cdn_url`, `origin_url`, `subtitle_url`, `access_key`, `created_at`, `updated_at`) VALUES (471, 2160, '4K', 'https://sf1-cdn-tos.huoshanstatic.com/obj/media-fe/xgplayer_doc_video/hls/xgplayer-demo.m3u8', 'https://cdn.example.com/videos/4k/series_2002_ep_1_4K.mp4', 'https://sf1-cdn-tos.huoshanstatic.com/obj/media-fe/xgplayer_doc_video/hls/xgplayer-demo.m3u8', NULL, 'R0At9692x5h7qwX2tVfFEK8Zt4EC36BS', '2025-08-06 07:59:20.000000', '2025-08-28 14:57:49.851831');
INSERT INTO `episode_urls` (`id`, `episode_id`, `quality`, `oss_url`, `cdn_url`, `origin_url`, `subtitle_url`, `access_key`, `created_at`, `updated_at`) VALUES (472, 2161, '720p', 'https://sf1-cdn-tos.huoshanstatic.com/obj/media-fe/xgplayer_doc_video/hls/xgplayer-demo.m3u8', 'https://cdn.example.com/videos/720p/series_2002_ep_2_720p.mp4', 'https://sf1-cdn-tos.huoshanstatic.com/obj/media-fe/xgplayer_doc_video/hls/xgplayer-demo.m3u8', NULL, 'tYZ9W000I1diIuL9G29mhhdAtmQwxGWe', '2025-08-06 07:59:20.000000', '2025-08-28 14:57:49.851831');
INSERT INTO `episode_urls` (`id`, `episode_id`, `quality`, `oss_url`, `cdn_url`, `origin_url`, `subtitle_url`, `access_key`, `created_at`, `updated_at`) VALUES (473, 2161, '1080p', 'https://sf1-cdn-tos.huoshanstatic.com/obj/media-fe/xgplayer_doc_video/hls/xgplayer-demo.m3u8', 'https://cdn.example.com/videos/1080p/series_2002_ep_2_1080p.mp4', 'https://sf1-cdn-tos.huoshanstatic.com/obj/media-fe/xgplayer_doc_video/hls/xgplayer-demo.m3u8', 'https://cdn.example.com/subtitles/series_2002_ep_2.srt', 'A2rpejM6hwnJF4gU6ylwSo17eZd6KOT4', '2025-08-06 07:59:20.000000', '2025-08-28 14:57:49.851831');
INSERT INTO `episode_urls` (`id`, `episode_id`, `quality`, `oss_url`, `cdn_url`, `origin_url`, `subtitle_url`, `access_key`, `created_at`, `updated_at`) VALUES (474, 2161, '4K', 'https://sf1-cdn-tos.huoshanstatic.com/obj/media-fe/xgplayer_doc_video/hls/xgplayer-demo.m3u8', 'https://cdn.example.com/videos/4k/series_2002_ep_2_4K.mp4', 'https://sf1-cdn-tos.huoshanstatic.com/obj/media-fe/xgplayer_doc_video/hls/xgplayer-demo.m3u8', NULL, '9RAwEhM91w1K7HYdEwwEn9NvkHETGM6L', '2025-08-06 07:59:20.000000', '2025-08-28 14:57:49.851831');
INSERT INTO `episode_urls` (`id`, `episode_id`, `quality`, `oss_url`, `cdn_url`, `origin_url`, `subtitle_url`, `access_key`, `created_at`, `updated_at`) VALUES (475, 2162, '720p', 'https://sf1-cdn-tos.huoshanstatic.com/obj/media-fe/xgplayer_doc_video/hls/xgplayer-demo.m3u8', 'https://cdn.example.com/videos/720p/series_2002_ep_3_720p.mp4', 'https://sf1-cdn-tos.huoshanstatic.com/obj/media-fe/xgplayer_doc_video/hls/xgplayer-demo.m3u8', NULL, 'NFutBpP6rUoBHN3fDg1e5ejXvP1HpGye', '2025-08-06 07:59:20.000000', '2025-08-28 14:57:49.851831');
INSERT INTO `episode_urls` (`id`, `episode_id`, `quality`, `oss_url`, `cdn_url`, `origin_url`, `subtitle_url`, `access_key`, `created_at`, `updated_at`) VALUES (476, 2162, '1080p', 'https://sf1-cdn-tos.huoshanstatic.com/obj/media-fe/xgplayer_doc_video/hls/xgplayer-demo.m3u8', 'https://cdn.example.com/videos/1080p/series_2002_ep_3_1080p.mp4', 'https://sf1-cdn-tos.huoshanstatic.com/obj/media-fe/xgplayer_doc_video/hls/xgplayer-demo.m3u8', 'https://cdn.example.com/subtitles/series_2002_ep_3.srt', 'RZIztcIT5UX7JHDlguYYK6HFHiFmuDTG', '2025-08-06 07:59:20.000000', '2025-08-28 14:57:49.851831');
INSERT INTO `episode_urls` (`id`, `episode_id`, `quality`, `oss_url`, `cdn_url`, `origin_url`, `subtitle_url`, `access_key`, `created_at`, `updated_at`) VALUES (477, 2162, '4K', 'https://sf1-cdn-tos.huoshanstatic.com/obj/media-fe/xgplayer_doc_video/hls/xgplayer-demo.m3u8', 'https://cdn.example.com/videos/4k/series_2002_ep_3_4K.mp4', 'https://sf1-cdn-tos.huoshanstatic.com/obj/media-fe/xgplayer_doc_video/hls/xgplayer-demo.m3u8', NULL, '8aiUMBMDTuAKZYScQdfEKKuN931rB7f6', '2025-08-06 07:59:20.000000', '2025-08-28 14:57:49.851831');
INSERT INTO `episode_urls` (`id`, `episode_id`, `quality`, `oss_url`, `cdn_url`, `origin_url`, `subtitle_url`, `access_key`, `created_at`, `updated_at`) VALUES (478, 2163, '720p', 'https://sf1-cdn-tos.huoshanstatic.com/obj/media-fe/xgplayer_doc_video/hls/xgplayer-demo.m3u8', 'https://cdn.example.com/videos/720p/series_2002_ep_4_720p.mp4', 'https://sf1-cdn-tos.huoshanstatic.com/obj/media-fe/xgplayer_doc_video/hls/xgplayer-demo.m3u8', NULL, '8AnA4Z2grlhsTgB4JPtP1a9RPKDKAuch', '2025-08-06 07:59:20.000000', '2025-08-28 14:57:49.851831');
INSERT INTO `episode_urls` (`id`, `episode_id`, `quality`, `oss_url`, `cdn_url`, `origin_url`, `subtitle_url`, `access_key`, `created_at`, `updated_at`) VALUES (479, 2163, '1080p', 'https://sf1-cdn-tos.huoshanstatic.com/obj/media-fe/xgplayer_doc_video/hls/xgplayer-demo.m3u8', 'https://cdn.example.com/videos/1080p/series_2002_ep_4_1080p.mp4', 'https://sf1-cdn-tos.huoshanstatic.com/obj/media-fe/xgplayer_doc_video/hls/xgplayer-demo.m3u8', 'https://cdn.example.com/subtitles/series_2002_ep_4.srt', 'YgSlXlAqlbfaphfLXFLd64VNmYHfe8Wi', '2025-08-06 07:59:20.000000', '2025-08-28 14:57:49.851831');
INSERT INTO `episode_urls` (`id`, `episode_id`, `quality`, `oss_url`, `cdn_url`, `origin_url`, `subtitle_url`, `access_key`, `created_at`, `updated_at`) VALUES (480, 2163, '4K', 'https://sf1-cdn-tos.huoshanstatic.com/obj/media-fe/xgplayer_doc_video/hls/xgplayer-demo.m3u8', 'https://cdn.example.com/videos/4k/series_2002_ep_4_4K.mp4', 'https://sf1-cdn-tos.huoshanstatic.com/obj/media-fe/xgplayer_doc_video/hls/xgplayer-demo.m3u8', NULL, 'g0FkgEhYTVm5vr0gAIE6n8KW38KYvxyj', '2025-08-06 07:59:20.000000', '2025-08-28 14:57:49.851831');
INSERT INTO `episode_urls` (`id`, `episode_id`, `quality`, `oss_url`, `cdn_url`, `origin_url`, `subtitle_url`, `access_key`, `created_at`, `updated_at`) VALUES (481, 2164, '720p', 'https://sf1-cdn-tos.huoshanstatic.com/obj/media-fe/xgplayer_doc_video/hls/xgplayer-demo.m3u8', 'https://cdn.example.com/videos/720p/series_2002_ep_5_720p.mp4', 'https://sf1-cdn-tos.huoshanstatic.com/obj/media-fe/xgplayer_doc_video/hls/xgplayer-demo.m3u8', NULL, '1dLPz8cFw2nFiCrFndYzYvmwvGZjPmQA', '2025-08-06 07:59:20.000000', '2025-08-28 14:57:49.851831');
INSERT INTO `episode_urls` (`id`, `episode_id`, `quality`, `oss_url`, `cdn_url`, `origin_url`, `subtitle_url`, `access_key`, `created_at`, `updated_at`) VALUES (482, 2164, '1080p', 'https://sf1-cdn-tos.huoshanstatic.com/obj/media-fe/xgplayer_doc_video/hls/xgplayer-demo.m3u8', 'https://cdn.example.com/videos/1080p/series_2002_ep_5_1080p.mp4', 'https://sf1-cdn-tos.huoshanstatic.com/obj/media-fe/xgplayer_doc_video/hls/xgplayer-demo.m3u8', 'https://cdn.example.com/subtitles/series_2002_ep_5.srt', 'uIowu8dgAAGv9XleEWAhcnhqnCpptciL', '2025-08-06 07:59:20.000000', '2025-08-28 14:57:49.851831');
INSERT INTO `episode_urls` (`id`, `episode_id`, `quality`, `oss_url`, `cdn_url`, `origin_url`, `subtitle_url`, `access_key`, `created_at`, `updated_at`) VALUES (483, 2164, '4K', 'https://sf1-cdn-tos.huoshanstatic.com/obj/media-fe/xgplayer_doc_video/hls/xgplayer-demo.m3u8', 'https://cdn.example.com/videos/4k/series_2002_ep_5_4K.mp4', 'https://sf1-cdn-tos.huoshanstatic.com/obj/media-fe/xgplayer_doc_video/hls/xgplayer-demo.m3u8', NULL, 'HDeAYLvVqu7bP6tlho8tGDLlTMZQr9Pi', '2025-08-06 07:59:20.000000', '2025-08-28 14:57:49.851831');
INSERT INTO `episode_urls` (`id`, `episode_id`, `quality`, `oss_url`, `cdn_url`, `origin_url`, `subtitle_url`, `access_key`, `created_at`, `updated_at`) VALUES (484, 2165, '720p', 'https://sf1-cdn-tos.huoshanstatic.com/obj/media-fe/xgplayer_doc_video/hls/xgplayer-demo.m3u8', 'https://cdn.example.com/videos/720p/series_2002_ep_6_720p.mp4', 'https://sf1-cdn-tos.huoshanstatic.com/obj/media-fe/xgplayer_doc_video/hls/xgplayer-demo.m3u8', NULL, 'vsftIFguJJDB8prnuzzTJdsd9VQ732z5', '2025-08-06 07:59:20.000000', '2025-08-28 14:57:49.851831');
INSERT INTO `episode_urls` (`id`, `episode_id`, `quality`, `oss_url`, `cdn_url`, `origin_url`, `subtitle_url`, `access_key`, `created_at`, `updated_at`) VALUES (485, 2165, '1080p', 'https://sf1-cdn-tos.huoshanstatic.com/obj/media-fe/xgplayer_doc_video/hls/xgplayer-demo.m3u8', 'https://cdn.example.com/videos/1080p/series_2002_ep_6_1080p.mp4', 'https://sf1-cdn-tos.huoshanstatic.com/obj/media-fe/xgplayer_doc_video/hls/xgplayer-demo.m3u8', 'https://cdn.example.com/subtitles/series_2002_ep_6.srt', 'jRCctgS1Xe7hwfwoa9t7tHZ73n3XhvUf', '2025-08-06 07:59:20.000000', '2025-08-28 14:57:49.851831');
INSERT INTO `episode_urls` (`id`, `episode_id`, `quality`, `oss_url`, `cdn_url`, `origin_url`, `subtitle_url`, `access_key`, `created_at`, `updated_at`) VALUES (486, 2165, '4K', 'https://sf1-cdn-tos.huoshanstatic.com/obj/media-fe/xgplayer_doc_video/hls/xgplayer-demo.m3u8', 'https://cdn.example.com/videos/4k/series_2002_ep_6_4K.mp4', 'https://sf1-cdn-tos.huoshanstatic.com/obj/media-fe/xgplayer_doc_video/hls/xgplayer-demo.m3u8', NULL, 'WlRMxPQ6eC1QeTE22TGwVYSG4iZW6nWP', '2025-08-06 07:59:20.000000', '2025-08-28 14:57:49.851831');
INSERT INTO `episode_urls` (`id`, `episode_id`, `quality`, `oss_url`, `cdn_url`, `origin_url`, `subtitle_url`, `access_key`, `created_at`, `updated_at`) VALUES (487, 2166, '720p', 'https://sf1-cdn-tos.huoshanstatic.com/obj/media-fe/xgplayer_doc_video/hls/xgplayer-demo.m3u8', 'https://cdn.example.com/videos/720p/series_2002_ep_7_720p.mp4', 'https://sf1-cdn-tos.huoshanstatic.com/obj/media-fe/xgplayer_doc_video/hls/xgplayer-demo.m3u8', NULL, 'nJdReIOHMkXeUHG8hUp3nw5ZZraOdDui', '2025-08-06 07:59:20.000000', '2025-08-28 14:57:49.851831');
INSERT INTO `episode_urls` (`id`, `episode_id`, `quality`, `oss_url`, `cdn_url`, `origin_url`, `subtitle_url`, `access_key`, `created_at`, `updated_at`) VALUES (488, 2166, '1080p', 'https://sf1-cdn-tos.huoshanstatic.com/obj/media-fe/xgplayer_doc_video/hls/xgplayer-demo.m3u8', 'https://cdn.example.com/videos/1080p/series_2002_ep_7_1080p.mp4', 'https://sf1-cdn-tos.huoshanstatic.com/obj/media-fe/xgplayer_doc_video/hls/xgplayer-demo.m3u8', 'https://cdn.example.com/subtitles/series_2002_ep_7.srt', 'vGnukHvJ6uxyfsxCdwlniazHnjRCJ2C8', '2025-08-06 07:59:20.000000', '2025-08-28 14:57:49.851831');
INSERT INTO `episode_urls` (`id`, `episode_id`, `quality`, `oss_url`, `cdn_url`, `origin_url`, `subtitle_url`, `access_key`, `created_at`, `updated_at`) VALUES (489, 2166, '4K', 'https://sf1-cdn-tos.huoshanstatic.com/obj/media-fe/xgplayer_doc_video/hls/xgplayer-demo.m3u8', 'https://cdn.example.com/videos/4k/series_2002_ep_7_4K.mp4', 'https://sf1-cdn-tos.huoshanstatic.com/obj/media-fe/xgplayer_doc_video/hls/xgplayer-demo.m3u8', NULL, 'yzphMkqejgLWl8Th9S6KGpKwB0WYfEcK', '2025-08-06 07:59:20.000000', '2025-08-28 14:57:49.851831');
INSERT INTO `episode_urls` (`id`, `episode_id`, `quality`, `oss_url`, `cdn_url`, `origin_url`, `subtitle_url`, `access_key`, `created_at`, `updated_at`) VALUES (490, 2167, '720p', 'https://sf1-cdn-tos.huoshanstatic.com/obj/media-fe/xgplayer_doc_video/hls/xgplayer-demo.m3u8', 'https://cdn.example.com/videos/720p/series_2002_ep_8_720p.mp4', 'https://sf1-cdn-tos.huoshanstatic.com/obj/media-fe/xgplayer_doc_video/hls/xgplayer-demo.m3u8', NULL, 'n8Xt8xL1M2HSZZL6yo0ZUpXDcVrdRJSy', '2025-08-06 07:59:20.000000', '2025-08-28 14:57:49.851831');
INSERT INTO `episode_urls` (`id`, `episode_id`, `quality`, `oss_url`, `cdn_url`, `origin_url`, `subtitle_url`, `access_key`, `created_at`, `updated_at`) VALUES (491, 2167, '1080p', 'https://sf1-cdn-tos.huoshanstatic.com/obj/media-fe/xgplayer_doc_video/hls/xgplayer-demo.m3u8', 'https://cdn.example.com/videos/1080p/series_2002_ep_8_1080p.mp4', 'https://sf1-cdn-tos.huoshanstatic.com/obj/media-fe/xgplayer_doc_video/hls/xgplayer-demo.m3u8', 'https://cdn.example.com/subtitles/series_2002_ep_8.srt', 'Xx1WEWlWRtC75sIJRemZHu5S52fJnsex', '2025-08-06 07:59:20.000000', '2025-08-28 14:57:49.851831');
INSERT INTO `episode_urls` (`id`, `episode_id`, `quality`, `oss_url`, `cdn_url`, `origin_url`, `subtitle_url`, `access_key`, `created_at`, `updated_at`) VALUES (492, 2167, '4K', 'https://sf1-cdn-tos.huoshanstatic.com/obj/media-fe/xgplayer_doc_video/hls/xgplayer-demo.m3u8', 'https://cdn.example.com/videos/4k/series_2002_ep_8_4K.mp4', 'https://sf1-cdn-tos.huoshanstatic.com/obj/media-fe/xgplayer_doc_video/hls/xgplayer-demo.m3u8', NULL, 'iXRdNy2zNJWBcAEy5CMx9zgBGEPFBT18', '2025-08-06 07:59:20.000000', '2025-08-28 14:57:49.851831');
INSERT INTO `episode_urls` (`id`, `episode_id`, `quality`, `oss_url`, `cdn_url`, `origin_url`, `subtitle_url`, `access_key`, `created_at`, `updated_at`) VALUES (493, 2168, '720p', 'https://sf1-cdn-tos.huoshanstatic.com/obj/media-fe/xgplayer_doc_video/hls/xgplayer-demo.m3u8', 'https://cdn.example.com/videos/720p/series_2002_ep_9_720p.mp4', 'https://sf1-cdn-tos.huoshanstatic.com/obj/media-fe/xgplayer_doc_video/hls/xgplayer-demo.m3u8', NULL, 'w351M4JPdCIepdviPw1whH3YPeFFJchP', '2025-08-06 07:59:20.000000', '2025-08-28 14:57:49.851831');
INSERT INTO `episode_urls` (`id`, `episode_id`, `quality`, `oss_url`, `cdn_url`, `origin_url`, `subtitle_url`, `access_key`, `created_at`, `updated_at`) VALUES (494, 2168, '1080p', 'https://sf1-cdn-tos.huoshanstatic.com/obj/media-fe/xgplayer_doc_video/hls/xgplayer-demo.m3u8', 'https://cdn.example.com/videos/1080p/series_2002_ep_9_1080p.mp4', 'https://sf1-cdn-tos.huoshanstatic.com/obj/media-fe/xgplayer_doc_video/hls/xgplayer-demo.m3u8', 'https://cdn.example.com/subtitles/series_2002_ep_9.srt', 'bJr7sblsOFlDWywLejbshoBJ1Wm8nfoa', '2025-08-06 07:59:20.000000', '2025-08-28 14:57:49.851831');
INSERT INTO `episode_urls` (`id`, `episode_id`, `quality`, `oss_url`, `cdn_url`, `origin_url`, `subtitle_url`, `access_key`, `created_at`, `updated_at`) VALUES (495, 2168, '4K', 'https://sf1-cdn-tos.huoshanstatic.com/obj/media-fe/xgplayer_doc_video/hls/xgplayer-demo.m3u8', 'https://cdn.example.com/videos/4k/series_2002_ep_9_4K.mp4', 'https://sf1-cdn-tos.huoshanstatic.com/obj/media-fe/xgplayer_doc_video/hls/xgplayer-demo.m3u8', NULL, '3mSbCJTwpanTfq6OEsKO5VKzHz6umcCE', '2025-08-06 07:59:20.000000', '2025-08-28 14:57:49.851831');
INSERT INTO `episode_urls` (`id`, `episode_id`, `quality`, `oss_url`, `cdn_url`, `origin_url`, `subtitle_url`, `access_key`, `created_at`, `updated_at`) VALUES (496, 2169, '720p', 'https://sf1-cdn-tos.huoshanstatic.com/obj/media-fe/xgplayer_doc_video/hls/xgplayer-demo.m3u8', 'https://cdn.example.com/videos/720p/series_2002_ep_10_720p.mp4', 'https://sf1-cdn-tos.huoshanstatic.com/obj/media-fe/xgplayer_doc_video/hls/xgplayer-demo.m3u8', NULL, 'tNjcfp1ddfLbMvh7hPlNmzPiC8VWCXlx', '2025-08-06 07:59:20.000000', '2025-08-28 14:57:49.851831');
INSERT INTO `episode_urls` (`id`, `episode_id`, `quality`, `oss_url`, `cdn_url`, `origin_url`, `subtitle_url`, `access_key`, `created_at`, `updated_at`) VALUES (497, 2169, '1080p', 'https://sf1-cdn-tos.huoshanstatic.com/obj/media-fe/xgplayer_doc_video/hls/xgplayer-demo.m3u8', 'https://cdn.example.com/videos/1080p/series_2002_ep_10_1080p.mp4', 'https://sf1-cdn-tos.huoshanstatic.com/obj/media-fe/xgplayer_doc_video/hls/xgplayer-demo.m3u8', 'https://cdn.example.com/subtitles/series_2002_ep_10.srt', 'esiHKWrf77f7UVZtaVkOyCxV6x4tsWYc', '2025-08-06 07:59:20.000000', '2025-08-28 14:57:49.851831');
INSERT INTO `episode_urls` (`id`, `episode_id`, `quality`, `oss_url`, `cdn_url`, `origin_url`, `subtitle_url`, `access_key`, `created_at`, `updated_at`) VALUES (498, 2169, '4K', 'https://sf1-cdn-tos.huoshanstatic.com/obj/media-fe/xgplayer_doc_video/hls/xgplayer-demo.m3u8', 'https://cdn.example.com/videos/4k/series_2002_ep_10_4K.mp4', 'https://sf1-cdn-tos.huoshanstatic.com/obj/media-fe/xgplayer_doc_video/hls/xgplayer-demo.m3u8', NULL, 'YF2RvyqEZC4JpbycwgBYEfyChszYJ2F7', '2025-08-06 07:59:20.000000', '2025-08-28 14:57:49.851831');
INSERT INTO `episode_urls` (`id`, `episode_id`, `quality`, `oss_url`, `cdn_url`, `origin_url`, `subtitle_url`, `access_key`, `created_at`, `updated_at`) VALUES (499, 2170, '720p', 'https://sf1-cdn-tos.huoshanstatic.com/obj/media-fe/xgplayer_doc_video/hls/xgplayer-demo.m3u8', 'https://cdn.example.com/videos/720p/series_2002_ep_11_720p.mp4', 'https://sf1-cdn-tos.huoshanstatic.com/obj/media-fe/xgplayer_doc_video/hls/xgplayer-demo.m3u8', NULL, 'd76rsjzwoqCdWYFIRFPpPzFr1Wgu1HP0', '2025-08-06 07:59:20.000000', '2025-08-28 14:57:49.851831');
INSERT INTO `episode_urls` (`id`, `episode_id`, `quality`, `oss_url`, `cdn_url`, `origin_url`, `subtitle_url`, `access_key`, `created_at`, `updated_at`) VALUES (500, 2170, '1080p', 'https://sf1-cdn-tos.huoshanstatic.com/obj/media-fe/xgplayer_doc_video/hls/xgplayer-demo.m3u8', 'https://cdn.example.com/videos/1080p/series_2002_ep_11_1080p.mp4', 'https://sf1-cdn-tos.huoshanstatic.com/obj/media-fe/xgplayer_doc_video/hls/xgplayer-demo.m3u8', 'https://cdn.example.com/subtitles/series_2002_ep_11.srt', 'K4O07Gf7eR95cIlyEuJYHzkIVxdLXg5K', '2025-08-06 07:59:20.000000', '2025-08-28 14:57:49.851831');
INSERT INTO `episode_urls` (`id`, `episode_id`, `quality`, `oss_url`, `cdn_url`, `origin_url`, `subtitle_url`, `access_key`, `created_at`, `updated_at`) VALUES (501, 2170, '4K', 'https://sf1-cdn-tos.huoshanstatic.com/obj/media-fe/xgplayer_doc_video/hls/xgplayer-demo.m3u8', 'https://cdn.example.com/videos/4k/series_2002_ep_11_4K.mp4', 'https://sf1-cdn-tos.huoshanstatic.com/obj/media-fe/xgplayer_doc_video/hls/xgplayer-demo.m3u8', NULL, 'mRKxedksPtLWz5drvNeejQf39y1VzYzg', '2025-08-06 07:59:20.000000', '2025-08-28 14:57:49.851831');
INSERT INTO `episode_urls` (`id`, `episode_id`, `quality`, `oss_url`, `cdn_url`, `origin_url`, `subtitle_url`, `access_key`, `created_at`, `updated_at`) VALUES (502, 2171, '720p', 'https://sf1-cdn-tos.huoshanstatic.com/obj/media-fe/xgplayer_doc_video/hls/xgplayer-demo.m3u8', 'https://cdn.example.com/videos/720p/series_2002_ep_12_720p.mp4', 'https://sf1-cdn-tos.huoshanstatic.com/obj/media-fe/xgplayer_doc_video/hls/xgplayer-demo.m3u8', NULL, 'INFtIjHbXLHULDnKII6kgjWz9oE9R9tr', '2025-08-06 07:59:20.000000', '2025-08-28 14:57:49.851831');
INSERT INTO `episode_urls` (`id`, `episode_id`, `quality`, `oss_url`, `cdn_url`, `origin_url`, `subtitle_url`, `access_key`, `created_at`, `updated_at`) VALUES (503, 2171, '1080p', 'https://sf1-cdn-tos.huoshanstatic.com/obj/media-fe/xgplayer_doc_video/hls/xgplayer-demo.m3u8', 'https://cdn.example.com/videos/1080p/series_2002_ep_12_1080p.mp4', 'https://sf1-cdn-tos.huoshanstatic.com/obj/media-fe/xgplayer_doc_video/hls/xgplayer-demo.m3u8', 'https://cdn.example.com/subtitles/series_2002_ep_12.srt', '3KPCUfivzyo66LH2x3fJvlHhZSeGUsVo', '2025-08-06 07:59:20.000000', '2025-08-28 14:57:49.851831');
INSERT INTO `episode_urls` (`id`, `episode_id`, `quality`, `oss_url`, `cdn_url`, `origin_url`, `subtitle_url`, `access_key`, `created_at`, `updated_at`) VALUES (504, 2171, '4K', 'https://sf1-cdn-tos.huoshanstatic.com/obj/media-fe/xgplayer_doc_video/hls/xgplayer-demo.m3u8', 'https://cdn.example.com/videos/4k/series_2002_ep_12_4K.mp4', 'https://sf1-cdn-tos.huoshanstatic.com/obj/media-fe/xgplayer_doc_video/hls/xgplayer-demo.m3u8', NULL, 'NycBs8me8lS3Gyz8ICC0C8R3qMHai27Q', '2025-08-06 07:59:20.000000', '2025-08-28 14:57:49.851831');
INSERT INTO `episode_urls` (`id`, `episode_id`, `quality`, `oss_url`, `cdn_url`, `origin_url`, `subtitle_url`, `access_key`, `created_at`, `updated_at`) VALUES (505, 2172, '720p', 'https://sf1-cdn-tos.huoshanstatic.com/obj/media-fe/xgplayer_doc_video/hls/xgplayer-demo.m3u8', 'https://cdn.example.com/videos/720p/series_2002_ep_13_720p.mp4', 'https://sf1-cdn-tos.huoshanstatic.com/obj/media-fe/xgplayer_doc_video/hls/xgplayer-demo.m3u8', NULL, '1mKPVR44ElACLueAob1OTR3SG2t4z1iD', '2025-08-06 07:59:20.000000', '2025-08-28 14:57:49.851831');
INSERT INTO `episode_urls` (`id`, `episode_id`, `quality`, `oss_url`, `cdn_url`, `origin_url`, `subtitle_url`, `access_key`, `created_at`, `updated_at`) VALUES (506, 2172, '1080p', 'https://sf1-cdn-tos.huoshanstatic.com/obj/media-fe/xgplayer_doc_video/hls/xgplayer-demo.m3u8', 'https://cdn.example.com/videos/1080p/series_2002_ep_13_1080p.mp4', 'https://sf1-cdn-tos.huoshanstatic.com/obj/media-fe/xgplayer_doc_video/hls/xgplayer-demo.m3u8', 'https://cdn.example.com/subtitles/series_2002_ep_13.srt', 'oo3poFlzUXGX7uZ1KPTzwe4hjQ1FsVDE', '2025-08-06 07:59:20.000000', '2025-08-28 14:57:49.851831');
INSERT INTO `episode_urls` (`id`, `episode_id`, `quality`, `oss_url`, `cdn_url`, `origin_url`, `subtitle_url`, `access_key`, `created_at`, `updated_at`) VALUES (507, 2172, '4K', 'https://sf1-cdn-tos.huoshanstatic.com/obj/media-fe/xgplayer_doc_video/hls/xgplayer-demo.m3u8', 'https://cdn.example.com/videos/4k/series_2002_ep_13_4K.mp4', 'https://sf1-cdn-tos.huoshanstatic.com/obj/media-fe/xgplayer_doc_video/hls/xgplayer-demo.m3u8', NULL, 'p07xWFO9ZZmOi1K4JY2cfqOVzwcgMPB6', '2025-08-06 07:59:20.000000', '2025-08-28 14:57:49.851831');
INSERT INTO `episode_urls` (`id`, `episode_id`, `quality`, `oss_url`, `cdn_url`, `origin_url`, `subtitle_url`, `access_key`, `created_at`, `updated_at`) VALUES (508, 2173, '720p', 'https://sf1-cdn-tos.huoshanstatic.com/obj/media-fe/xgplayer_doc_video/hls/xgplayer-demo.m3u8', 'https://cdn.example.com/videos/720p/series_2002_ep_14_720p.mp4', 'https://sf1-cdn-tos.huoshanstatic.com/obj/media-fe/xgplayer_doc_video/hls/xgplayer-demo.m3u8', NULL, 'z9fHxzTm5lwlXHw3PyttdzLocDsygvvV', '2025-08-06 07:59:20.000000', '2025-08-28 14:57:49.851831');
INSERT INTO `episode_urls` (`id`, `episode_id`, `quality`, `oss_url`, `cdn_url`, `origin_url`, `subtitle_url`, `access_key`, `created_at`, `updated_at`) VALUES (509, 2173, '1080p', 'https://sf1-cdn-tos.huoshanstatic.com/obj/media-fe/xgplayer_doc_video/hls/xgplayer-demo.m3u8', 'https://cdn.example.com/videos/1080p/series_2002_ep_14_1080p.mp4', 'https://sf1-cdn-tos.huoshanstatic.com/obj/media-fe/xgplayer_doc_video/hls/xgplayer-demo.m3u8', 'https://cdn.example.com/subtitles/series_2002_ep_14.srt', 'K8clPPMfjyYl2td9v1jV3bbvGh8V4j98', '2025-08-06 07:59:20.000000', '2025-08-28 14:57:49.851831');
INSERT INTO `episode_urls` (`id`, `episode_id`, `quality`, `oss_url`, `cdn_url`, `origin_url`, `subtitle_url`, `access_key`, `created_at`, `updated_at`) VALUES (510, 2173, '4K', 'https://sf1-cdn-tos.huoshanstatic.com/obj/media-fe/xgplayer_doc_video/hls/xgplayer-demo.m3u8', 'https://cdn.example.com/videos/4k/series_2002_ep_14_4K.mp4', 'https://sf1-cdn-tos.huoshanstatic.com/obj/media-fe/xgplayer_doc_video/hls/xgplayer-demo.m3u8', NULL, 'mR4Lv7L1PEBF7mBCsYI22O1qteu3Mv81', '2025-08-06 07:59:20.000000', '2025-08-28 14:57:49.851831');
INSERT INTO `episode_urls` (`id`, `episode_id`, `quality`, `oss_url`, `cdn_url`, `origin_url`, `subtitle_url`, `access_key`, `created_at`, `updated_at`) VALUES (511, 2174, '720p', 'https://sf1-cdn-tos.huoshanstatic.com/obj/media-fe/xgplayer_doc_video/hls/xgplayer-demo.m3u8', 'https://cdn.example.com/videos/720p/series_2002_ep_15_720p.mp4', 'https://sf1-cdn-tos.huoshanstatic.com/obj/media-fe/xgplayer_doc_video/hls/xgplayer-demo.m3u8', NULL, 'bTJh1Wt9TxigqPbgCD60a1LkmLyoZHtx', '2025-08-06 07:59:20.000000', '2025-08-28 14:57:49.851831');
INSERT INTO `episode_urls` (`id`, `episode_id`, `quality`, `oss_url`, `cdn_url`, `origin_url`, `subtitle_url`, `access_key`, `created_at`, `updated_at`) VALUES (512, 2174, '1080p', 'https://sf1-cdn-tos.huoshanstatic.com/obj/media-fe/xgplayer_doc_video/hls/xgplayer-demo.m3u8', 'https://cdn.example.com/videos/1080p/series_2002_ep_15_1080p.mp4', 'https://sf1-cdn-tos.huoshanstatic.com/obj/media-fe/xgplayer_doc_video/hls/xgplayer-demo.m3u8', 'https://cdn.example.com/subtitles/series_2002_ep_15.srt', '9GiM6I76JQHnyI2fGwrQ1u5lfzk1ADTf', '2025-08-06 07:59:20.000000', '2025-08-28 14:57:49.851831');
INSERT INTO `episode_urls` (`id`, `episode_id`, `quality`, `oss_url`, `cdn_url`, `origin_url`, `subtitle_url`, `access_key`, `created_at`, `updated_at`) VALUES (513, 2174, '4K', 'https://sf1-cdn-tos.huoshanstatic.com/obj/media-fe/xgplayer_doc_video/hls/xgplayer-demo.m3u8', 'https://cdn.example.com/videos/4k/series_2002_ep_15_4K.mp4', 'https://sf1-cdn-tos.huoshanstatic.com/obj/media-fe/xgplayer_doc_video/hls/xgplayer-demo.m3u8', NULL, 'oClhhMepAamt0sjq6DhkzacH9HbDSTqs', '2025-08-06 07:59:20.000000', '2025-08-28 14:57:49.851831');
INSERT INTO `episode_urls` (`id`, `episode_id`, `quality`, `oss_url`, `cdn_url`, `origin_url`, `subtitle_url`, `access_key`, `created_at`, `updated_at`) VALUES (514, 2175, '720p', 'https://sf1-cdn-tos.huoshanstatic.com/obj/media-fe/xgplayer_doc_video/hls/xgplayer-demo.m3u8', 'https://cdn.example.com/videos/720p/series_2002_ep_16_720p.mp4', 'https://sf1-cdn-tos.huoshanstatic.com/obj/media-fe/xgplayer_doc_video/hls/xgplayer-demo.m3u8', NULL, 'FbAV3cIs9wKkSFoIhXZYT4GRJO4Ne4gv', '2025-08-06 07:59:20.000000', '2025-08-28 14:57:49.851831');
INSERT INTO `episode_urls` (`id`, `episode_id`, `quality`, `oss_url`, `cdn_url`, `origin_url`, `subtitle_url`, `access_key`, `created_at`, `updated_at`) VALUES (515, 2175, '1080p', 'https://sf1-cdn-tos.huoshanstatic.com/obj/media-fe/xgplayer_doc_video/hls/xgplayer-demo.m3u8', 'https://cdn.example.com/videos/1080p/series_2002_ep_16_1080p.mp4', 'https://sf1-cdn-tos.huoshanstatic.com/obj/media-fe/xgplayer_doc_video/hls/xgplayer-demo.m3u8', 'https://cdn.example.com/subtitles/series_2002_ep_16.srt', 'Dycl1GOSux7IXDEnrJ7a7KWUQ4DTEHa2', '2025-08-06 07:59:20.000000', '2025-08-28 14:57:49.851831');
INSERT INTO `episode_urls` (`id`, `episode_id`, `quality`, `oss_url`, `cdn_url`, `origin_url`, `subtitle_url`, `access_key`, `created_at`, `updated_at`) VALUES (516, 2175, '4K', 'https://sf1-cdn-tos.huoshanstatic.com/obj/media-fe/xgplayer_doc_video/hls/xgplayer-demo.m3u8', 'https://cdn.example.com/videos/4k/series_2002_ep_16_4K.mp4', 'https://sf1-cdn-tos.huoshanstatic.com/obj/media-fe/xgplayer_doc_video/hls/xgplayer-demo.m3u8', NULL, 'qX2SHRM5ZEAVWpPXShf6tniJNsqETjhE', '2025-08-06 07:59:20.000000', '2025-08-28 14:57:49.851831');
INSERT INTO `episode_urls` (`id`, `episode_id`, `quality`, `oss_url`, `cdn_url`, `origin_url`, `subtitle_url`, `access_key`, `created_at`, `updated_at`) VALUES (517, 2176, '720p', 'https://sf1-cdn-tos.huoshanstatic.com/obj/media-fe/xgplayer_doc_video/hls/xgplayer-demo.m3u8', 'https://cdn.example.com/videos/720p/series_2002_ep_17_720p.mp4', 'https://sf1-cdn-tos.huoshanstatic.com/obj/media-fe/xgplayer_doc_video/hls/xgplayer-demo.m3u8', NULL, 'Fp8Thu0AMPRRw6o2nDmaQH9nX4v0Ldo8', '2025-08-06 07:59:20.000000', '2025-08-28 14:57:49.851831');
INSERT INTO `episode_urls` (`id`, `episode_id`, `quality`, `oss_url`, `cdn_url`, `origin_url`, `subtitle_url`, `access_key`, `created_at`, `updated_at`) VALUES (518, 2176, '1080p', 'https://sf1-cdn-tos.huoshanstatic.com/obj/media-fe/xgplayer_doc_video/hls/xgplayer-demo.m3u8', 'https://cdn.example.com/videos/1080p/series_2002_ep_17_1080p.mp4', 'https://sf1-cdn-tos.huoshanstatic.com/obj/media-fe/xgplayer_doc_video/hls/xgplayer-demo.m3u8', 'https://cdn.example.com/subtitles/series_2002_ep_17.srt', 'EAPmnxTFBPTPmkI9HQFrOqDwg60anN7u', '2025-08-06 07:59:20.000000', '2025-08-28 14:57:49.851831');
INSERT INTO `episode_urls` (`id`, `episode_id`, `quality`, `oss_url`, `cdn_url`, `origin_url`, `subtitle_url`, `access_key`, `created_at`, `updated_at`) VALUES (519, 2176, '4K', 'https://sf1-cdn-tos.huoshanstatic.com/obj/media-fe/xgplayer_doc_video/hls/xgplayer-demo.m3u8', 'https://cdn.example.com/videos/4k/series_2002_ep_17_4K.mp4', 'https://sf1-cdn-tos.huoshanstatic.com/obj/media-fe/xgplayer_doc_video/hls/xgplayer-demo.m3u8', NULL, 'iGvPauMEwNeJV79wSjuPx5lTflGzRWtT', '2025-08-06 07:59:20.000000', '2025-08-28 14:57:49.851831');
INSERT INTO `episode_urls` (`id`, `episode_id`, `quality`, `oss_url`, `cdn_url`, `origin_url`, `subtitle_url`, `access_key`, `created_at`, `updated_at`) VALUES (520, 2177, '720p', 'https://sf1-cdn-tos.huoshanstatic.com/obj/media-fe/xgplayer_doc_video/hls/xgplayer-demo.m3u8', 'https://cdn.example.com/videos/720p/series_2002_ep_18_720p.mp4', 'https://sf1-cdn-tos.huoshanstatic.com/obj/media-fe/xgplayer_doc_video/hls/xgplayer-demo.m3u8', NULL, 'yYR3lUuexx9OPbBXztS0Y5AoVG01g7zq', '2025-08-06 07:59:20.000000', '2025-08-28 14:57:49.851831');
INSERT INTO `episode_urls` (`id`, `episode_id`, `quality`, `oss_url`, `cdn_url`, `origin_url`, `subtitle_url`, `access_key`, `created_at`, `updated_at`) VALUES (521, 2177, '1080p', 'https://sf1-cdn-tos.huoshanstatic.com/obj/media-fe/xgplayer_doc_video/hls/xgplayer-demo.m3u8', 'https://cdn.example.com/videos/1080p/series_2002_ep_18_1080p.mp4', 'https://sf1-cdn-tos.huoshanstatic.com/obj/media-fe/xgplayer_doc_video/hls/xgplayer-demo.m3u8', 'https://cdn.example.com/subtitles/series_2002_ep_18.srt', 'WDCxkcrGpmjoaRCercYqDd7DEDLET1ue', '2025-08-06 07:59:20.000000', '2025-08-28 14:57:49.851831');
INSERT INTO `episode_urls` (`id`, `episode_id`, `quality`, `oss_url`, `cdn_url`, `origin_url`, `subtitle_url`, `access_key`, `created_at`, `updated_at`) VALUES (522, 2177, '4K', 'https://sf1-cdn-tos.huoshanstatic.com/obj/media-fe/xgplayer_doc_video/hls/xgplayer-demo.m3u8', 'https://cdn.example.com/videos/4k/series_2002_ep_18_4K.mp4', 'https://sf1-cdn-tos.huoshanstatic.com/obj/media-fe/xgplayer_doc_video/hls/xgplayer-demo.m3u8', NULL, 'ax775yQoTv1gEfwzsbvfXVqCAv5xZaN0', '2025-08-06 07:59:20.000000', '2025-08-28 14:57:49.851831');
INSERT INTO `episode_urls` (`id`, `episode_id`, `quality`, `oss_url`, `cdn_url`, `origin_url`, `subtitle_url`, `access_key`, `created_at`, `updated_at`) VALUES (523, 2178, '720p', 'https://sf1-cdn-tos.huoshanstatic.com/obj/media-fe/xgplayer_doc_video/hls/xgplayer-demo.m3u8', 'https://cdn.example.com/videos/720p/series_2002_ep_19_720p.mp4', 'https://sf1-cdn-tos.huoshanstatic.com/obj/media-fe/xgplayer_doc_video/hls/xgplayer-demo.m3u8', NULL, 'ZWRGWNcSil8mQlL2l3M35jVIsoJK7swy', '2025-08-06 07:59:20.000000', '2025-08-28 14:57:49.851831');
INSERT INTO `episode_urls` (`id`, `episode_id`, `quality`, `oss_url`, `cdn_url`, `origin_url`, `subtitle_url`, `access_key`, `created_at`, `updated_at`) VALUES (524, 2178, '1080p', 'https://sf1-cdn-tos.huoshanstatic.com/obj/media-fe/xgplayer_doc_video/hls/xgplayer-demo.m3u8', 'https://cdn.example.com/videos/1080p/series_2002_ep_19_1080p.mp4', 'https://sf1-cdn-tos.huoshanstatic.com/obj/media-fe/xgplayer_doc_video/hls/xgplayer-demo.m3u8', 'https://cdn.example.com/subtitles/series_2002_ep_19.srt', '4fkpCVowLG8ryuKkyCBxbQ01aHaMKIyP', '2025-08-06 07:59:20.000000', '2025-08-28 14:57:49.851831');
INSERT INTO `episode_urls` (`id`, `episode_id`, `quality`, `oss_url`, `cdn_url`, `origin_url`, `subtitle_url`, `access_key`, `created_at`, `updated_at`) VALUES (525, 2178, '4K', 'https://sf1-cdn-tos.huoshanstatic.com/obj/media-fe/xgplayer_doc_video/hls/xgplayer-demo.m3u8', 'https://cdn.example.com/videos/4k/series_2002_ep_19_4K.mp4', 'https://sf1-cdn-tos.huoshanstatic.com/obj/media-fe/xgplayer_doc_video/hls/xgplayer-demo.m3u8', NULL, '9HC5RXYgHYUiHwacKnPhWNYiMY34xpCe', '2025-08-06 07:59:20.000000', '2025-08-28 14:57:49.851831');
INSERT INTO `episode_urls` (`id`, `episode_id`, `quality`, `oss_url`, `cdn_url`, `origin_url`, `subtitle_url`, `access_key`, `created_at`, `updated_at`) VALUES (526, 2179, '720p', 'https://sf1-cdn-tos.huoshanstatic.com/obj/media-fe/xgplayer_doc_video/hls/xgplayer-demo.m3u8', 'https://cdn.example.com/videos/720p/series_2002_ep_20_720p.mp4', 'https://sf1-cdn-tos.huoshanstatic.com/obj/media-fe/xgplayer_doc_video/hls/xgplayer-demo.m3u8', NULL, '3rGw8Exf2AwRSF6iYTK8zvIIWNfpBOmB', '2025-08-06 07:59:20.000000', '2025-08-28 14:57:49.851831');
INSERT INTO `episode_urls` (`id`, `episode_id`, `quality`, `oss_url`, `cdn_url`, `origin_url`, `subtitle_url`, `access_key`, `created_at`, `updated_at`) VALUES (527, 2179, '1080p', 'https://sf1-cdn-tos.huoshanstatic.com/obj/media-fe/xgplayer_doc_video/hls/xgplayer-demo.m3u8', 'https://cdn.example.com/videos/1080p/series_2002_ep_20_1080p.mp4', 'https://sf1-cdn-tos.huoshanstatic.com/obj/media-fe/xgplayer_doc_video/hls/xgplayer-demo.m3u8', 'https://cdn.example.com/subtitles/series_2002_ep_20.srt', 'b4XhMnPX9pP5kHPSdm38P3PrV1vf7e4t', '2025-08-06 07:59:20.000000', '2025-08-28 14:57:49.851831');
INSERT INTO `episode_urls` (`id`, `episode_id`, `quality`, `oss_url`, `cdn_url`, `origin_url`, `subtitle_url`, `access_key`, `created_at`, `updated_at`) VALUES (528, 2179, '4K', 'https://sf1-cdn-tos.huoshanstatic.com/obj/media-fe/xgplayer_doc_video/hls/xgplayer-demo.m3u8', 'https://cdn.example.com/videos/4k/series_2002_ep_20_4K.mp4', 'https://sf1-cdn-tos.huoshanstatic.com/obj/media-fe/xgplayer_doc_video/hls/xgplayer-demo.m3u8', NULL, 'DwmYQB0JW900KNhA5Sodttu0LB2eE19x', '2025-08-06 07:59:20.000000', '2025-08-28 14:57:49.851831');
INSERT INTO `episode_urls` (`id`, `episode_id`, `quality`, `oss_url`, `cdn_url`, `origin_url`, `subtitle_url`, `access_key`, `created_at`, `updated_at`) VALUES (529, 2180, '720p', 'https://sf1-cdn-tos.huoshanstatic.com/obj/media-fe/xgplayer_doc_video/hls/xgplayer-demo.m3u8', 'https://cdn.example.com/videos/720p/series_2002_ep_21_720p.mp4', 'https://sf1-cdn-tos.huoshanstatic.com/obj/media-fe/xgplayer_doc_video/hls/xgplayer-demo.m3u8', NULL, '2y7vwBxtwoB4PmQxCVc0oDxa3yA64xRk', '2025-08-06 07:59:20.000000', '2025-08-28 14:57:49.851831');
INSERT INTO `episode_urls` (`id`, `episode_id`, `quality`, `oss_url`, `cdn_url`, `origin_url`, `subtitle_url`, `access_key`, `created_at`, `updated_at`) VALUES (530, 2180, '1080p', 'https://sf1-cdn-tos.huoshanstatic.com/obj/media-fe/xgplayer_doc_video/hls/xgplayer-demo.m3u8', 'https://cdn.example.com/videos/1080p/series_2002_ep_21_1080p.mp4', 'https://sf1-cdn-tos.huoshanstatic.com/obj/media-fe/xgplayer_doc_video/hls/xgplayer-demo.m3u8', 'https://cdn.example.com/subtitles/series_2002_ep_21.srt', 'SmkyBacNJd9WqHpapvCGaQFtXz5mxnQc', '2025-08-06 07:59:20.000000', '2025-08-28 14:57:49.851831');
INSERT INTO `episode_urls` (`id`, `episode_id`, `quality`, `oss_url`, `cdn_url`, `origin_url`, `subtitle_url`, `access_key`, `created_at`, `updated_at`) VALUES (531, 2180, '4K', 'https://sf1-cdn-tos.huoshanstatic.com/obj/media-fe/xgplayer_doc_video/hls/xgplayer-demo.m3u8', 'https://cdn.example.com/videos/4k/series_2002_ep_21_4K.mp4', 'https://sf1-cdn-tos.huoshanstatic.com/obj/media-fe/xgplayer_doc_video/hls/xgplayer-demo.m3u8', NULL, 'gPMgPBu3mlv65d01YFmvdmFOHtPbbzhH', '2025-08-06 07:59:20.000000', '2025-08-28 14:57:49.851831');
INSERT INTO `episode_urls` (`id`, `episode_id`, `quality`, `oss_url`, `cdn_url`, `origin_url`, `subtitle_url`, `access_key`, `created_at`, `updated_at`) VALUES (532, 2181, '720p', 'https://sf1-cdn-tos.huoshanstatic.com/obj/media-fe/xgplayer_doc_video/hls/xgplayer-demo.m3u8', 'https://cdn.example.com/videos/720p/series_2002_ep_22_720p.mp4', 'https://sf1-cdn-tos.huoshanstatic.com/obj/media-fe/xgplayer_doc_video/hls/xgplayer-demo.m3u8', NULL, 'FWTxPuddf0NaNK8Kc0jUA70XX9ySrNhb', '2025-08-06 07:59:20.000000', '2025-08-28 14:57:49.851831');
INSERT INTO `episode_urls` (`id`, `episode_id`, `quality`, `oss_url`, `cdn_url`, `origin_url`, `subtitle_url`, `access_key`, `created_at`, `updated_at`) VALUES (533, 2181, '1080p', 'https://sf1-cdn-tos.huoshanstatic.com/obj/media-fe/xgplayer_doc_video/hls/xgplayer-demo.m3u8', 'https://cdn.example.com/videos/1080p/series_2002_ep_22_1080p.mp4', 'https://sf1-cdn-tos.huoshanstatic.com/obj/media-fe/xgplayer_doc_video/hls/xgplayer-demo.m3u8', 'https://cdn.example.com/subtitles/series_2002_ep_22.srt', 'QkXLnFQKuzfeytcfdT8DTPumnjM63cXj', '2025-08-06 07:59:20.000000', '2025-08-28 14:57:49.851831');
INSERT INTO `episode_urls` (`id`, `episode_id`, `quality`, `oss_url`, `cdn_url`, `origin_url`, `subtitle_url`, `access_key`, `created_at`, `updated_at`) VALUES (534, 2181, '4K', 'https://sf1-cdn-tos.huoshanstatic.com/obj/media-fe/xgplayer_doc_video/hls/xgplayer-demo.m3u8', 'https://cdn.example.com/videos/4k/series_2002_ep_22_4K.mp4', 'https://sf1-cdn-tos.huoshanstatic.com/obj/media-fe/xgplayer_doc_video/hls/xgplayer-demo.m3u8', NULL, 'iV2EDwB0WZcMpxYNlA1LBgQU4IPXG3zN', '2025-08-06 07:59:20.000000', '2025-08-28 14:57:49.851831');
INSERT INTO `episode_urls` (`id`, `episode_id`, `quality`, `oss_url`, `cdn_url`, `origin_url`, `subtitle_url`, `access_key`, `created_at`, `updated_at`) VALUES (535, 2182, '720p', 'https://sf1-cdn-tos.huoshanstatic.com/obj/media-fe/xgplayer_doc_video/hls/xgplayer-demo.m3u8', 'https://cdn.example.com/videos/720p/series_2002_ep_23_720p.mp4', 'https://sf1-cdn-tos.huoshanstatic.com/obj/media-fe/xgplayer_doc_video/hls/xgplayer-demo.m3u8', NULL, 'czcA0R1gyOlfDOlugheooT7STgaH5RQm', '2025-08-06 07:59:20.000000', '2025-08-28 14:57:49.851831');
INSERT INTO `episode_urls` (`id`, `episode_id`, `quality`, `oss_url`, `cdn_url`, `origin_url`, `subtitle_url`, `access_key`, `created_at`, `updated_at`) VALUES (536, 2182, '1080p', 'https://sf1-cdn-tos.huoshanstatic.com/obj/media-fe/xgplayer_doc_video/hls/xgplayer-demo.m3u8', 'https://cdn.example.com/videos/1080p/series_2002_ep_23_1080p.mp4', 'https://sf1-cdn-tos.huoshanstatic.com/obj/media-fe/xgplayer_doc_video/hls/xgplayer-demo.m3u8', 'https://cdn.example.com/subtitles/series_2002_ep_23.srt', 'yKUDrDyUT0fY5LMVLcjkU5DkAbYxG8e7', '2025-08-06 07:59:20.000000', '2025-08-28 14:57:49.851831');
INSERT INTO `episode_urls` (`id`, `episode_id`, `quality`, `oss_url`, `cdn_url`, `origin_url`, `subtitle_url`, `access_key`, `created_at`, `updated_at`) VALUES (537, 2182, '4K', 'https://sf1-cdn-tos.huoshanstatic.com/obj/media-fe/xgplayer_doc_video/hls/xgplayer-demo.m3u8', 'https://cdn.example.com/videos/4k/series_2002_ep_23_4K.mp4', 'https://sf1-cdn-tos.huoshanstatic.com/obj/media-fe/xgplayer_doc_video/hls/xgplayer-demo.m3u8', NULL, 'e2dAPouSDQNqpL9xHadd9yV8TIRbyn4b', '2025-08-06 07:59:20.000000', '2025-08-28 14:57:49.851831');
INSERT INTO `episode_urls` (`id`, `episode_id`, `quality`, `oss_url`, `cdn_url`, `origin_url`, `subtitle_url`, `access_key`, `created_at`, `updated_at`) VALUES (538, 2183, '720p', 'https://sf1-cdn-tos.huoshanstatic.com/obj/media-fe/xgplayer_doc_video/hls/xgplayer-demo.m3u8', 'https://cdn.example.com/videos/720p/series_2002_ep_24_720p.mp4', 'https://sf1-cdn-tos.huoshanstatic.com/obj/media-fe/xgplayer_doc_video/hls/xgplayer-demo.m3u8', NULL, 'mn8P1IlALrK2U9Bj3YQIWNxPkjjS3lf4', '2025-08-06 07:59:20.000000', '2025-08-28 14:57:49.851831');
INSERT INTO `episode_urls` (`id`, `episode_id`, `quality`, `oss_url`, `cdn_url`, `origin_url`, `subtitle_url`, `access_key`, `created_at`, `updated_at`) VALUES (539, 2183, '1080p', 'https://sf1-cdn-tos.huoshanstatic.com/obj/media-fe/xgplayer_doc_video/hls/xgplayer-demo.m3u8', 'https://cdn.example.com/videos/1080p/series_2002_ep_24_1080p.mp4', 'https://sf1-cdn-tos.huoshanstatic.com/obj/media-fe/xgplayer_doc_video/hls/xgplayer-demo.m3u8', 'https://cdn.example.com/subtitles/series_2002_ep_24.srt', '2kNyCcjs9vtJOn3RNFL5TAHoxsCwt8wE', '2025-08-06 07:59:20.000000', '2025-08-28 14:57:49.851831');
INSERT INTO `episode_urls` (`id`, `episode_id`, `quality`, `oss_url`, `cdn_url`, `origin_url`, `subtitle_url`, `access_key`, `created_at`, `updated_at`) VALUES (540, 2183, '4K', 'https://sf1-cdn-tos.huoshanstatic.com/obj/media-fe/xgplayer_doc_video/hls/xgplayer-demo.m3u8', 'https://cdn.example.com/videos/4k/series_2002_ep_24_4K.mp4', 'https://sf1-cdn-tos.huoshanstatic.com/obj/media-fe/xgplayer_doc_video/hls/xgplayer-demo.m3u8', NULL, 'acjlIXuW3YSm5xucVTmwZAx6WhAhHXEy', '2025-08-06 07:59:20.000000', '2025-08-28 14:57:49.851831');
INSERT INTO `episode_urls` (`id`, `episode_id`, `quality`, `oss_url`, `cdn_url`, `origin_url`, `subtitle_url`, `access_key`, `created_at`, `updated_at`) VALUES (541, 2184, '720p', 'https://sf1-cdn-tos.huoshanstatic.com/obj/media-fe/xgplayer_doc_video/hls/xgplayer-demo.m3u8', 'https://cdn.example.com/videos/720p/series_2002_ep_25_720p.mp4', 'https://sf1-cdn-tos.huoshanstatic.com/obj/media-fe/xgplayer_doc_video/hls/xgplayer-demo.m3u8', NULL, 'nCaVKCu7wUfUixu3AWSVjt1kLHFVl3aV', '2025-08-06 07:59:20.000000', '2025-08-28 14:57:49.851831');
INSERT INTO `episode_urls` (`id`, `episode_id`, `quality`, `oss_url`, `cdn_url`, `origin_url`, `subtitle_url`, `access_key`, `created_at`, `updated_at`) VALUES (542, 2184, '1080p', 'https://sf1-cdn-tos.huoshanstatic.com/obj/media-fe/xgplayer_doc_video/hls/xgplayer-demo.m3u8', 'https://cdn.example.com/videos/1080p/series_2002_ep_25_1080p.mp4', 'https://sf1-cdn-tos.huoshanstatic.com/obj/media-fe/xgplayer_doc_video/hls/xgplayer-demo.m3u8', 'https://cdn.example.com/subtitles/series_2002_ep_25.srt', 'oOeMrXUPM8ysKJn9afrjTzJprdjhUzVe', '2025-08-06 07:59:20.000000', '2025-08-28 14:57:49.851831');
INSERT INTO `episode_urls` (`id`, `episode_id`, `quality`, `oss_url`, `cdn_url`, `origin_url`, `subtitle_url`, `access_key`, `created_at`, `updated_at`) VALUES (543, 2184, '4K', 'https://sf1-cdn-tos.huoshanstatic.com/obj/media-fe/xgplayer_doc_video/hls/xgplayer-demo.m3u8', 'https://cdn.example.com/videos/4k/series_2002_ep_25_4K.mp4', 'https://sf1-cdn-tos.huoshanstatic.com/obj/media-fe/xgplayer_doc_video/hls/xgplayer-demo.m3u8', NULL, 'Ft27sZDSiDxHcRkV2OnwgbrCaOXi7XJd', '2025-08-06 07:59:20.000000', '2025-08-28 14:57:49.851831');
INSERT INTO `episode_urls` (`id`, `episode_id`, `quality`, `oss_url`, `cdn_url`, `origin_url`, `subtitle_url`, `access_key`, `created_at`, `updated_at`) VALUES (544, 2185, '720p', 'https://sf1-cdn-tos.huoshanstatic.com/obj/media-fe/xgplayer_doc_video/hls/xgplayer-demo.m3u8', 'https://cdn.example.com/videos/720p/series_2002_ep_26_720p.mp4', 'https://sf1-cdn-tos.huoshanstatic.com/obj/media-fe/xgplayer_doc_video/hls/xgplayer-demo.m3u8', NULL, 'Zy7vcLMHWDtxbQirRFQ4X9H4LUuXT0nJ', '2025-08-06 07:59:20.000000', '2025-08-28 14:57:49.851831');
INSERT INTO `episode_urls` (`id`, `episode_id`, `quality`, `oss_url`, `cdn_url`, `origin_url`, `subtitle_url`, `access_key`, `created_at`, `updated_at`) VALUES (545, 2185, '1080p', 'https://sf1-cdn-tos.huoshanstatic.com/obj/media-fe/xgplayer_doc_video/hls/xgplayer-demo.m3u8', 'https://cdn.example.com/videos/1080p/series_2002_ep_26_1080p.mp4', 'https://sf1-cdn-tos.huoshanstatic.com/obj/media-fe/xgplayer_doc_video/hls/xgplayer-demo.m3u8', 'https://cdn.example.com/subtitles/series_2002_ep_26.srt', 'exd5maXi6qbqYGuM0VeNCob749ijLAYf', '2025-08-06 07:59:20.000000', '2025-08-28 14:57:49.851831');
INSERT INTO `episode_urls` (`id`, `episode_id`, `quality`, `oss_url`, `cdn_url`, `origin_url`, `subtitle_url`, `access_key`, `created_at`, `updated_at`) VALUES (546, 2185, '4K', 'https://sf1-cdn-tos.huoshanstatic.com/obj/media-fe/xgplayer_doc_video/hls/xgplayer-demo.m3u8', 'https://cdn.example.com/videos/4k/series_2002_ep_26_4K.mp4', 'https://sf1-cdn-tos.huoshanstatic.com/obj/media-fe/xgplayer_doc_video/hls/xgplayer-demo.m3u8', NULL, 'iQ1YoGSqfbbfJHdFumcTQAca2AJI44kM', '2025-08-06 07:59:20.000000', '2025-08-28 14:57:49.851831');
INSERT INTO `episode_urls` (`id`, `episode_id`, `quality`, `oss_url`, `cdn_url`, `origin_url`, `subtitle_url`, `access_key`, `created_at`, `updated_at`) VALUES (547, 2186, '720p', 'https://sf1-cdn-tos.huoshanstatic.com/obj/media-fe/xgplayer_doc_video/hls/xgplayer-demo.m3u8', 'https://cdn.example.com/videos/720p/series_2002_ep_27_720p.mp4', 'https://sf1-cdn-tos.huoshanstatic.com/obj/media-fe/xgplayer_doc_video/hls/xgplayer-demo.m3u8', NULL, 'wWpFvbD3cZsv72VKcIBd3AromFyc0ZgO', '2025-08-06 07:59:20.000000', '2025-08-28 14:57:49.851831');
INSERT INTO `episode_urls` (`id`, `episode_id`, `quality`, `oss_url`, `cdn_url`, `origin_url`, `subtitle_url`, `access_key`, `created_at`, `updated_at`) VALUES (548, 2186, '1080p', 'https://sf1-cdn-tos.huoshanstatic.com/obj/media-fe/xgplayer_doc_video/hls/xgplayer-demo.m3u8', 'https://cdn.example.com/videos/1080p/series_2002_ep_27_1080p.mp4', 'https://sf1-cdn-tos.huoshanstatic.com/obj/media-fe/xgplayer_doc_video/hls/xgplayer-demo.m3u8', 'https://cdn.example.com/subtitles/series_2002_ep_27.srt', 'HwbS63yIDDDJKMg22j4ezJla0hDqebdm', '2025-08-06 07:59:20.000000', '2025-08-28 14:57:49.851831');
INSERT INTO `episode_urls` (`id`, `episode_id`, `quality`, `oss_url`, `cdn_url`, `origin_url`, `subtitle_url`, `access_key`, `created_at`, `updated_at`) VALUES (549, 2186, '4K', 'https://sf1-cdn-tos.huoshanstatic.com/obj/media-fe/xgplayer_doc_video/hls/xgplayer-demo.m3u8', 'https://cdn.example.com/videos/4k/series_2002_ep_27_4K.mp4', 'https://sf1-cdn-tos.huoshanstatic.com/obj/media-fe/xgplayer_doc_video/hls/xgplayer-demo.m3u8', NULL, 'hY4hSycpxNkbbsFTIhiZE7Qbem5q1oyR', '2025-08-06 07:59:20.000000', '2025-08-28 14:57:49.851831');
INSERT INTO `episode_urls` (`id`, `episode_id`, `quality`, `oss_url`, `cdn_url`, `origin_url`, `subtitle_url`, `access_key`, `created_at`, `updated_at`) VALUES (550, 2187, '720p', 'https://sf1-cdn-tos.huoshanstatic.com/obj/media-fe/xgplayer_doc_video/hls/xgplayer-demo.m3u8', 'https://cdn.example.com/videos/720p/series_2002_ep_28_720p.mp4', 'https://sf1-cdn-tos.huoshanstatic.com/obj/media-fe/xgplayer_doc_video/hls/xgplayer-demo.m3u8', NULL, 'Zvap0UAznBoMSmjXFKx4v9JxPwwuYx7I', '2025-08-06 07:59:20.000000', '2025-08-28 14:57:49.851831');
INSERT INTO `episode_urls` (`id`, `episode_id`, `quality`, `oss_url`, `cdn_url`, `origin_url`, `subtitle_url`, `access_key`, `created_at`, `updated_at`) VALUES (551, 2187, '1080p', 'https://sf1-cdn-tos.huoshanstatic.com/obj/media-fe/xgplayer_doc_video/hls/xgplayer-demo.m3u8', 'https://cdn.example.com/videos/1080p/series_2002_ep_28_1080p.mp4', 'https://sf1-cdn-tos.huoshanstatic.com/obj/media-fe/xgplayer_doc_video/hls/xgplayer-demo.m3u8', 'https://cdn.example.com/subtitles/series_2002_ep_28.srt', 'h93Y8q8HOBkOBcHBLOgcKi8mmDw1ksUQ', '2025-08-06 07:59:20.000000', '2025-08-28 14:57:49.851831');
INSERT INTO `episode_urls` (`id`, `episode_id`, `quality`, `oss_url`, `cdn_url`, `origin_url`, `subtitle_url`, `access_key`, `created_at`, `updated_at`) VALUES (552, 2187, '4K', 'https://sf1-cdn-tos.huoshanstatic.com/obj/media-fe/xgplayer_doc_video/hls/xgplayer-demo.m3u8', 'https://cdn.example.com/videos/4k/series_2002_ep_28_4K.mp4', 'https://sf1-cdn-tos.huoshanstatic.com/obj/media-fe/xgplayer_doc_video/hls/xgplayer-demo.m3u8', NULL, 'SiwlX04a4c1SWAXIDTgfBjX9Nf7ZwgvP', '2025-08-06 07:59:20.000000', '2025-08-28 14:57:49.851831');
INSERT INTO `episode_urls` (`id`, `episode_id`, `quality`, `oss_url`, `cdn_url`, `origin_url`, `subtitle_url`, `access_key`, `created_at`, `updated_at`) VALUES (553, 2188, '720p', 'https://sf1-cdn-tos.huoshanstatic.com/obj/media-fe/xgplayer_doc_video/hls/xgplayer-demo.m3u8', 'https://cdn.example.com/videos/720p/series_2002_ep_29_720p.mp4', 'https://sf1-cdn-tos.huoshanstatic.com/obj/media-fe/xgplayer_doc_video/hls/xgplayer-demo.m3u8', NULL, 'GDh2S3UEZCM9ImYLLGa0t8yQexat2KzC', '2025-08-06 07:59:20.000000', '2025-08-28 14:57:49.851831');
INSERT INTO `episode_urls` (`id`, `episode_id`, `quality`, `oss_url`, `cdn_url`, `origin_url`, `subtitle_url`, `access_key`, `created_at`, `updated_at`) VALUES (554, 2188, '1080p', 'https://sf1-cdn-tos.huoshanstatic.com/obj/media-fe/xgplayer_doc_video/hls/xgplayer-demo.m3u8', 'https://cdn.example.com/videos/1080p/series_2002_ep_29_1080p.mp4', 'https://sf1-cdn-tos.huoshanstatic.com/obj/media-fe/xgplayer_doc_video/hls/xgplayer-demo.m3u8', 'https://cdn.example.com/subtitles/series_2002_ep_29.srt', 'Fh5Y2M9ozDSCM21DlFgroZ18vFfo6PUj', '2025-08-06 07:59:20.000000', '2025-08-28 14:57:49.851831');
INSERT INTO `episode_urls` (`id`, `episode_id`, `quality`, `oss_url`, `cdn_url`, `origin_url`, `subtitle_url`, `access_key`, `created_at`, `updated_at`) VALUES (555, 2188, '4K', 'https://sf1-cdn-tos.huoshanstatic.com/obj/media-fe/xgplayer_doc_video/hls/xgplayer-demo.m3u8', 'https://cdn.example.com/videos/4k/series_2002_ep_29_4K.mp4', 'https://sf1-cdn-tos.huoshanstatic.com/obj/media-fe/xgplayer_doc_video/hls/xgplayer-demo.m3u8', NULL, 'hds5nID2VIIrYHO5l9sKNLvGmQBGaIHx', '2025-08-06 07:59:20.000000', '2025-08-28 14:57:49.851831');
INSERT INTO `episode_urls` (`id`, `episode_id`, `quality`, `oss_url`, `cdn_url`, `origin_url`, `subtitle_url`, `access_key`, `created_at`, `updated_at`) VALUES (556, 2189, '720p', 'https://sf1-cdn-tos.huoshanstatic.com/obj/media-fe/xgplayer_doc_video/hls/xgplayer-demo.m3u8', 'https://cdn.example.com/videos/720p/series_2002_ep_30_720p.mp4', 'https://sf1-cdn-tos.huoshanstatic.com/obj/media-fe/xgplayer_doc_video/hls/xgplayer-demo.m3u8', NULL, 'eFUbgjyZkDz1Dgj4WVV79VygikK2erLk', '2025-08-06 07:59:20.000000', '2025-08-28 14:57:49.851831');
INSERT INTO `episode_urls` (`id`, `episode_id`, `quality`, `oss_url`, `cdn_url`, `origin_url`, `subtitle_url`, `access_key`, `created_at`, `updated_at`) VALUES (557, 2189, '1080p', 'https://sf1-cdn-tos.huoshanstatic.com/obj/media-fe/xgplayer_doc_video/hls/xgplayer-demo.m3u8', 'https://cdn.example.com/videos/1080p/series_2002_ep_30_1080p.mp4', 'https://sf1-cdn-tos.huoshanstatic.com/obj/media-fe/xgplayer_doc_video/hls/xgplayer-demo.m3u8', 'https://cdn.example.com/subtitles/series_2002_ep_30.srt', 'rHJySNkHEqThpdOH57Mq2y2wnjQl472L', '2025-08-06 07:59:20.000000', '2025-08-28 14:57:49.851831');
INSERT INTO `episode_urls` (`id`, `episode_id`, `quality`, `oss_url`, `cdn_url`, `origin_url`, `subtitle_url`, `access_key`, `created_at`, `updated_at`) VALUES (558, 2189, '4K', 'https://sf1-cdn-tos.huoshanstatic.com/obj/media-fe/xgplayer_doc_video/hls/xgplayer-demo.m3u8', 'https://cdn.example.com/videos/4k/series_2002_ep_30_4K.mp4', 'https://sf1-cdn-tos.huoshanstatic.com/obj/media-fe/xgplayer_doc_video/hls/xgplayer-demo.m3u8', NULL, 'FpUImOXTZgxrB0vC766plbDKh0lCDzzy', '2025-08-06 07:59:20.000000', '2025-08-28 14:57:49.851831');
INSERT INTO `episode_urls` (`id`, `episode_id`, `quality`, `oss_url`, `cdn_url`, `origin_url`, `subtitle_url`, `access_key`, `created_at`, `updated_at`) VALUES (559, 2190, '720p', 'https://sf1-cdn-tos.huoshanstatic.com/obj/media-fe/xgplayer_doc_video/hls/xgplayer-demo.m3u8', 'https://cdn.example.com/videos/720p/series_2003_ep_1_720p.mp4', 'https://sf1-cdn-tos.huoshanstatic.com/obj/media-fe/xgplayer_doc_video/hls/xgplayer-demo.m3u8', NULL, 'KZjysnQZlQ3pBfFZlokyUhro4VEc3pLg', '2025-08-06 07:59:20.000000', '2025-08-28 14:57:49.851831');
INSERT INTO `episode_urls` (`id`, `episode_id`, `quality`, `oss_url`, `cdn_url`, `origin_url`, `subtitle_url`, `access_key`, `created_at`, `updated_at`) VALUES (560, 2190, '1080p', 'https://sf1-cdn-tos.huoshanstatic.com/obj/media-fe/xgplayer_doc_video/hls/xgplayer-demo.m3u8', 'https://cdn.example.com/videos/1080p/series_2003_ep_1_1080p.mp4', 'https://sf1-cdn-tos.huoshanstatic.com/obj/media-fe/xgplayer_doc_video/hls/xgplayer-demo.m3u8', 'https://cdn.example.com/subtitles/series_2003_ep_1.srt', 'IdUYYqMEkbItHLPH4Mqjuzq9OQkaaBmV', '2025-08-06 07:59:20.000000', '2025-08-28 14:57:49.851831');
INSERT INTO `episode_urls` (`id`, `episode_id`, `quality`, `oss_url`, `cdn_url`, `origin_url`, `subtitle_url`, `access_key`, `created_at`, `updated_at`) VALUES (561, 2190, '4K', 'https://sf1-cdn-tos.huoshanstatic.com/obj/media-fe/xgplayer_doc_video/hls/xgplayer-demo.m3u8', 'https://cdn.example.com/videos/4k/series_2003_ep_1_4K.mp4', 'https://sf1-cdn-tos.huoshanstatic.com/obj/media-fe/xgplayer_doc_video/hls/xgplayer-demo.m3u8', NULL, '57tXZdRhcHyFuZR5bvRaSIokGOhrb3Xi', '2025-08-06 07:59:20.000000', '2025-08-28 14:57:49.851831');
INSERT INTO `episode_urls` (`id`, `episode_id`, `quality`, `oss_url`, `cdn_url`, `origin_url`, `subtitle_url`, `access_key`, `created_at`, `updated_at`) VALUES (562, 2191, '720p', 'https://sf1-cdn-tos.huoshanstatic.com/obj/media-fe/xgplayer_doc_video/hls/xgplayer-demo.m3u8', 'https://cdn.example.com/videos/720p/series_2003_ep_2_720p.mp4', 'https://sf1-cdn-tos.huoshanstatic.com/obj/media-fe/xgplayer_doc_video/hls/xgplayer-demo.m3u8', NULL, '9MbZKvVigrPwDISjYPLjD9OENurBuG6W', '2025-08-06 07:59:20.000000', '2025-08-28 14:57:49.851831');
INSERT INTO `episode_urls` (`id`, `episode_id`, `quality`, `oss_url`, `cdn_url`, `origin_url`, `subtitle_url`, `access_key`, `created_at`, `updated_at`) VALUES (563, 2191, '1080p', 'https://sf1-cdn-tos.huoshanstatic.com/obj/media-fe/xgplayer_doc_video/hls/xgplayer-demo.m3u8', 'https://cdn.example.com/videos/1080p/series_2003_ep_2_1080p.mp4', 'https://sf1-cdn-tos.huoshanstatic.com/obj/media-fe/xgplayer_doc_video/hls/xgplayer-demo.m3u8', 'https://cdn.example.com/subtitles/series_2003_ep_2.srt', '3sRv9KFsozTg2HpsLMBhrKQH7zPZhDAt', '2025-08-06 07:59:20.000000', '2025-08-28 14:57:49.851831');
INSERT INTO `episode_urls` (`id`, `episode_id`, `quality`, `oss_url`, `cdn_url`, `origin_url`, `subtitle_url`, `access_key`, `created_at`, `updated_at`) VALUES (564, 2191, '4K', 'https://sf1-cdn-tos.huoshanstatic.com/obj/media-fe/xgplayer_doc_video/hls/xgplayer-demo.m3u8', 'https://cdn.example.com/videos/4k/series_2003_ep_2_4K.mp4', 'https://sf1-cdn-tos.huoshanstatic.com/obj/media-fe/xgplayer_doc_video/hls/xgplayer-demo.m3u8', NULL, '6tFGXQj3lGCy1KuRHTbCzuRB3XfEveqn', '2025-08-06 07:59:20.000000', '2025-08-28 14:57:49.851831');
INSERT INTO `episode_urls` (`id`, `episode_id`, `quality`, `oss_url`, `cdn_url`, `origin_url`, `subtitle_url`, `access_key`, `created_at`, `updated_at`) VALUES (565, 2192, '720p', 'https://sf1-cdn-tos.huoshanstatic.com/obj/media-fe/xgplayer_doc_video/hls/xgplayer-demo.m3u8', 'https://cdn.example.com/videos/720p/series_2003_ep_3_720p.mp4', 'https://sf1-cdn-tos.huoshanstatic.com/obj/media-fe/xgplayer_doc_video/hls/xgplayer-demo.m3u8', NULL, '6hjiQvtSyyPPbFMPsbvfzoXBz6GU1qjX', '2025-08-06 07:59:20.000000', '2025-08-28 14:57:49.851831');
INSERT INTO `episode_urls` (`id`, `episode_id`, `quality`, `oss_url`, `cdn_url`, `origin_url`, `subtitle_url`, `access_key`, `created_at`, `updated_at`) VALUES (566, 2192, '1080p', 'https://sf1-cdn-tos.huoshanstatic.com/obj/media-fe/xgplayer_doc_video/hls/xgplayer-demo.m3u8', 'https://cdn.example.com/videos/1080p/series_2003_ep_3_1080p.mp4', 'https://sf1-cdn-tos.huoshanstatic.com/obj/media-fe/xgplayer_doc_video/hls/xgplayer-demo.m3u8', 'https://cdn.example.com/subtitles/series_2003_ep_3.srt', 'VdzcVgcCAnpwwZYzEwSbiGs7Pu9TskC6', '2025-08-06 07:59:20.000000', '2025-08-28 14:57:49.851831');
INSERT INTO `episode_urls` (`id`, `episode_id`, `quality`, `oss_url`, `cdn_url`, `origin_url`, `subtitle_url`, `access_key`, `created_at`, `updated_at`) VALUES (567, 2192, '4K', 'https://sf1-cdn-tos.huoshanstatic.com/obj/media-fe/xgplayer_doc_video/hls/xgplayer-demo.m3u8', 'https://cdn.example.com/videos/4k/series_2003_ep_3_4K.mp4', 'https://sf1-cdn-tos.huoshanstatic.com/obj/media-fe/xgplayer_doc_video/hls/xgplayer-demo.m3u8', NULL, 'X5DEFvj8Pdijgpn2vTLhJBtob2i21zpQ', '2025-08-06 07:59:20.000000', '2025-08-28 14:57:49.851831');
INSERT INTO `episode_urls` (`id`, `episode_id`, `quality`, `oss_url`, `cdn_url`, `origin_url`, `subtitle_url`, `access_key`, `created_at`, `updated_at`) VALUES (568, 2193, '720p', 'https://sf1-cdn-tos.huoshanstatic.com/obj/media-fe/xgplayer_doc_video/hls/xgplayer-demo.m3u8', 'https://cdn.example.com/videos/720p/series_2003_ep_4_720p.mp4', 'https://sf1-cdn-tos.huoshanstatic.com/obj/media-fe/xgplayer_doc_video/hls/xgplayer-demo.m3u8', NULL, 'a5wne4snBPchC3lLqAeplMpHU0uqZFUu', '2025-08-06 07:59:20.000000', '2025-08-28 14:57:49.851831');
INSERT INTO `episode_urls` (`id`, `episode_id`, `quality`, `oss_url`, `cdn_url`, `origin_url`, `subtitle_url`, `access_key`, `created_at`, `updated_at`) VALUES (569, 2193, '1080p', 'https://sf1-cdn-tos.huoshanstatic.com/obj/media-fe/xgplayer_doc_video/hls/xgplayer-demo.m3u8', 'https://cdn.example.com/videos/1080p/series_2003_ep_4_1080p.mp4', 'https://sf1-cdn-tos.huoshanstatic.com/obj/media-fe/xgplayer_doc_video/hls/xgplayer-demo.m3u8', 'https://cdn.example.com/subtitles/series_2003_ep_4.srt', 'UKm5dfUqjBJ1UPDAuWN7rdGJE5t2ZmwV', '2025-08-06 07:59:20.000000', '2025-08-28 14:57:49.851831');
INSERT INTO `episode_urls` (`id`, `episode_id`, `quality`, `oss_url`, `cdn_url`, `origin_url`, `subtitle_url`, `access_key`, `created_at`, `updated_at`) VALUES (570, 2193, '4K', 'https://sf1-cdn-tos.huoshanstatic.com/obj/media-fe/xgplayer_doc_video/hls/xgplayer-demo.m3u8', 'https://cdn.example.com/videos/4k/series_2003_ep_4_4K.mp4', 'https://sf1-cdn-tos.huoshanstatic.com/obj/media-fe/xgplayer_doc_video/hls/xgplayer-demo.m3u8', NULL, 'VMhrySXOLBCp9eFWrLbzXtAWkS3skl8R', '2025-08-06 07:59:20.000000', '2025-08-28 14:57:49.851831');
INSERT INTO `episode_urls` (`id`, `episode_id`, `quality`, `oss_url`, `cdn_url`, `origin_url`, `subtitle_url`, `access_key`, `created_at`, `updated_at`) VALUES (571, 2194, '720p', 'https://sf1-cdn-tos.huoshanstatic.com/obj/media-fe/xgplayer_doc_video/hls/xgplayer-demo.m3u8', 'https://cdn.example.com/videos/720p/series_2003_ep_5_720p.mp4', 'https://sf1-cdn-tos.huoshanstatic.com/obj/media-fe/xgplayer_doc_video/hls/xgplayer-demo.m3u8', NULL, '7DietgLrzgoycq216OdV5OZDovdABDsv', '2025-08-06 07:59:20.000000', '2025-08-28 14:57:49.851831');
INSERT INTO `episode_urls` (`id`, `episode_id`, `quality`, `oss_url`, `cdn_url`, `origin_url`, `subtitle_url`, `access_key`, `created_at`, `updated_at`) VALUES (572, 2194, '1080p', 'https://sf1-cdn-tos.huoshanstatic.com/obj/media-fe/xgplayer_doc_video/hls/xgplayer-demo.m3u8', 'https://cdn.example.com/videos/1080p/series_2003_ep_5_1080p.mp4', 'https://sf1-cdn-tos.huoshanstatic.com/obj/media-fe/xgplayer_doc_video/hls/xgplayer-demo.m3u8', 'https://cdn.example.com/subtitles/series_2003_ep_5.srt', '91IZkblDiCCSYbyEMxcOavNaSQhGcDh7', '2025-08-06 07:59:20.000000', '2025-08-28 14:57:49.851831');
INSERT INTO `episode_urls` (`id`, `episode_id`, `quality`, `oss_url`, `cdn_url`, `origin_url`, `subtitle_url`, `access_key`, `created_at`, `updated_at`) VALUES (573, 2194, '4K', 'https://sf1-cdn-tos.huoshanstatic.com/obj/media-fe/xgplayer_doc_video/hls/xgplayer-demo.m3u8', 'https://cdn.example.com/videos/4k/series_2003_ep_5_4K.mp4', 'https://sf1-cdn-tos.huoshanstatic.com/obj/media-fe/xgplayer_doc_video/hls/xgplayer-demo.m3u8', NULL, 'ENT0mcdvfbQTKXInQzXIoJ82bf0pPmwi', '2025-08-06 07:59:20.000000', '2025-08-28 14:57:49.851831');
INSERT INTO `episode_urls` (`id`, `episode_id`, `quality`, `oss_url`, `cdn_url`, `origin_url`, `subtitle_url`, `access_key`, `created_at`, `updated_at`) VALUES (574, 2195, '720p', 'https://sf1-cdn-tos.huoshanstatic.com/obj/media-fe/xgplayer_doc_video/hls/xgplayer-demo.m3u8', 'https://cdn.example.com/videos/720p/series_2003_ep_6_720p.mp4', 'https://sf1-cdn-tos.huoshanstatic.com/obj/media-fe/xgplayer_doc_video/hls/xgplayer-demo.m3u8', NULL, '5iTCGnOF6HHPoRfJHx5VgoqCnfR7CnaT', '2025-08-06 07:59:20.000000', '2025-08-28 14:57:49.851831');
INSERT INTO `episode_urls` (`id`, `episode_id`, `quality`, `oss_url`, `cdn_url`, `origin_url`, `subtitle_url`, `access_key`, `created_at`, `updated_at`) VALUES (575, 2195, '1080p', 'https://sf1-cdn-tos.huoshanstatic.com/obj/media-fe/xgplayer_doc_video/hls/xgplayer-demo.m3u8', 'https://cdn.example.com/videos/1080p/series_2003_ep_6_1080p.mp4', 'https://sf1-cdn-tos.huoshanstatic.com/obj/media-fe/xgplayer_doc_video/hls/xgplayer-demo.m3u8', 'https://cdn.example.com/subtitles/series_2003_ep_6.srt', 'D1t3QBOcVWC3QhMIMVYlhuoU4Id7X2K3', '2025-08-06 07:59:20.000000', '2025-08-28 14:57:49.851831');
INSERT INTO `episode_urls` (`id`, `episode_id`, `quality`, `oss_url`, `cdn_url`, `origin_url`, `subtitle_url`, `access_key`, `created_at`, `updated_at`) VALUES (576, 2195, '4K', 'https://sf1-cdn-tos.huoshanstatic.com/obj/media-fe/xgplayer_doc_video/hls/xgplayer-demo.m3u8', 'https://cdn.example.com/videos/4k/series_2003_ep_6_4K.mp4', 'https://sf1-cdn-tos.huoshanstatic.com/obj/media-fe/xgplayer_doc_video/hls/xgplayer-demo.m3u8', NULL, 'Uc1wDJPbzjgCJiPrvWvbTmkaxMcAhETH', '2025-08-06 07:59:20.000000', '2025-08-28 14:57:49.851831');
INSERT INTO `episode_urls` (`id`, `episode_id`, `quality`, `oss_url`, `cdn_url`, `origin_url`, `subtitle_url`, `access_key`, `created_at`, `updated_at`) VALUES (577, 2196, '720p', 'https://sf1-cdn-tos.huoshanstatic.com/obj/media-fe/xgplayer_doc_video/hls/xgplayer-demo.m3u8', 'https://cdn.example.com/videos/720p/series_2003_ep_7_720p.mp4', 'https://sf1-cdn-tos.huoshanstatic.com/obj/media-fe/xgplayer_doc_video/hls/xgplayer-demo.m3u8', NULL, 'zIXJsUgrEayEwYEfHqK0Epmuj8pl0cYt', '2025-08-06 07:59:20.000000', '2025-08-28 14:57:49.851831');
INSERT INTO `episode_urls` (`id`, `episode_id`, `quality`, `oss_url`, `cdn_url`, `origin_url`, `subtitle_url`, `access_key`, `created_at`, `updated_at`) VALUES (578, 2196, '1080p', 'https://sf1-cdn-tos.huoshanstatic.com/obj/media-fe/xgplayer_doc_video/hls/xgplayer-demo.m3u8', 'https://cdn.example.com/videos/1080p/series_2003_ep_7_1080p.mp4', 'https://sf1-cdn-tos.huoshanstatic.com/obj/media-fe/xgplayer_doc_video/hls/xgplayer-demo.m3u8', 'https://cdn.example.com/subtitles/series_2003_ep_7.srt', 'Q4iRnFZE74FeDCtEBoLbeqM4SrdeD1B0', '2025-08-06 07:59:20.000000', '2025-08-28 14:57:49.851831');
INSERT INTO `episode_urls` (`id`, `episode_id`, `quality`, `oss_url`, `cdn_url`, `origin_url`, `subtitle_url`, `access_key`, `created_at`, `updated_at`) VALUES (579, 2196, '4K', 'https://sf1-cdn-tos.huoshanstatic.com/obj/media-fe/xgplayer_doc_video/hls/xgplayer-demo.m3u8', 'https://cdn.example.com/videos/4k/series_2003_ep_7_4K.mp4', 'https://sf1-cdn-tos.huoshanstatic.com/obj/media-fe/xgplayer_doc_video/hls/xgplayer-demo.m3u8', NULL, 'mH0KxQ2Dw5dyuGGXvSo9X02DvnzEnb7O', '2025-08-06 07:59:20.000000', '2025-08-28 14:57:49.851831');
INSERT INTO `episode_urls` (`id`, `episode_id`, `quality`, `oss_url`, `cdn_url`, `origin_url`, `subtitle_url`, `access_key`, `created_at`, `updated_at`) VALUES (580, 2197, '720p', 'https://sf1-cdn-tos.huoshanstatic.com/obj/media-fe/xgplayer_doc_video/hls/xgplayer-demo.m3u8', 'https://cdn.example.com/videos/720p/series_2003_ep_8_720p.mp4', 'https://sf1-cdn-tos.huoshanstatic.com/obj/media-fe/xgplayer_doc_video/hls/xgplayer-demo.m3u8', NULL, '4vZs8LO1KqBAj5R5JsNKggmtJZtARzIW', '2025-08-06 07:59:20.000000', '2025-08-28 14:57:49.851831');
INSERT INTO `episode_urls` (`id`, `episode_id`, `quality`, `oss_url`, `cdn_url`, `origin_url`, `subtitle_url`, `access_key`, `created_at`, `updated_at`) VALUES (581, 2197, '1080p', 'https://sf1-cdn-tos.huoshanstatic.com/obj/media-fe/xgplayer_doc_video/hls/xgplayer-demo.m3u8', 'https://cdn.example.com/videos/1080p/series_2003_ep_8_1080p.mp4', 'https://sf1-cdn-tos.huoshanstatic.com/obj/media-fe/xgplayer_doc_video/hls/xgplayer-demo.m3u8', 'https://cdn.example.com/subtitles/series_2003_ep_8.srt', 'HLgvQ7LMu75XenEqk40u0SWPgSlxJR3F', '2025-08-06 07:59:20.000000', '2025-08-28 14:57:49.851831');
INSERT INTO `episode_urls` (`id`, `episode_id`, `quality`, `oss_url`, `cdn_url`, `origin_url`, `subtitle_url`, `access_key`, `created_at`, `updated_at`) VALUES (582, 2197, '4K', 'https://sf1-cdn-tos.huoshanstatic.com/obj/media-fe/xgplayer_doc_video/hls/xgplayer-demo.m3u8', 'https://cdn.example.com/videos/4k/series_2003_ep_8_4K.mp4', 'https://sf1-cdn-tos.huoshanstatic.com/obj/media-fe/xgplayer_doc_video/hls/xgplayer-demo.m3u8', NULL, 'y2Qi67yuTG2MDG7dQ4awqZHmVKzAPuFf', '2025-08-06 07:59:20.000000', '2025-08-28 14:57:49.851831');
INSERT INTO `episode_urls` (`id`, `episode_id`, `quality`, `oss_url`, `cdn_url`, `origin_url`, `subtitle_url`, `access_key`, `created_at`, `updated_at`) VALUES (583, 2198, '720p', 'https://sf1-cdn-tos.huoshanstatic.com/obj/media-fe/xgplayer_doc_video/hls/xgplayer-demo.m3u8', 'https://cdn.example.com/videos/720p/series_2003_ep_9_720p.mp4', 'https://sf1-cdn-tos.huoshanstatic.com/obj/media-fe/xgplayer_doc_video/hls/xgplayer-demo.m3u8', NULL, 'H0IN32smsytVgLkg9MkUdJ1GHiYPsngj', '2025-08-06 07:59:20.000000', '2025-08-28 14:57:49.851831');
INSERT INTO `episode_urls` (`id`, `episode_id`, `quality`, `oss_url`, `cdn_url`, `origin_url`, `subtitle_url`, `access_key`, `created_at`, `updated_at`) VALUES (584, 2198, '1080p', 'https://sf1-cdn-tos.huoshanstatic.com/obj/media-fe/xgplayer_doc_video/hls/xgplayer-demo.m3u8', 'https://cdn.example.com/videos/1080p/series_2003_ep_9_1080p.mp4', 'https://sf1-cdn-tos.huoshanstatic.com/obj/media-fe/xgplayer_doc_video/hls/xgplayer-demo.m3u8', 'https://cdn.example.com/subtitles/series_2003_ep_9.srt', 'UsvV256vSr0hgKM7OaCYHwPYtqS4lEeW', '2025-08-06 07:59:20.000000', '2025-08-28 14:57:49.851831');
INSERT INTO `episode_urls` (`id`, `episode_id`, `quality`, `oss_url`, `cdn_url`, `origin_url`, `subtitle_url`, `access_key`, `created_at`, `updated_at`) VALUES (585, 2198, '4K', 'https://sf1-cdn-tos.huoshanstatic.com/obj/media-fe/xgplayer_doc_video/hls/xgplayer-demo.m3u8', 'https://cdn.example.com/videos/4k/series_2003_ep_9_4K.mp4', 'https://sf1-cdn-tos.huoshanstatic.com/obj/media-fe/xgplayer_doc_video/hls/xgplayer-demo.m3u8', NULL, 'THVw8SDGFFTVdJlAQssUlsqwXz1ndSkf', '2025-08-06 07:59:20.000000', '2025-08-28 14:57:49.851831');
INSERT INTO `episode_urls` (`id`, `episode_id`, `quality`, `oss_url`, `cdn_url`, `origin_url`, `subtitle_url`, `access_key`, `created_at`, `updated_at`) VALUES (586, 2199, '720p', 'https://sf1-cdn-tos.huoshanstatic.com/obj/media-fe/xgplayer_doc_video/hls/xgplayer-demo.m3u8', 'https://cdn.example.com/videos/720p/series_2003_ep_10_720p.mp4', 'https://sf1-cdn-tos.huoshanstatic.com/obj/media-fe/xgplayer_doc_video/hls/xgplayer-demo.m3u8', NULL, 'OZ34qTNBBcO31tlX3w8EZg0b6jts1bNL', '2025-08-06 07:59:20.000000', '2025-08-28 14:57:49.851831');
INSERT INTO `episode_urls` (`id`, `episode_id`, `quality`, `oss_url`, `cdn_url`, `origin_url`, `subtitle_url`, `access_key`, `created_at`, `updated_at`) VALUES (587, 2199, '1080p', 'https://sf1-cdn-tos.huoshanstatic.com/obj/media-fe/xgplayer_doc_video/hls/xgplayer-demo.m3u8', 'https://cdn.example.com/videos/1080p/series_2003_ep_10_1080p.mp4', 'https://sf1-cdn-tos.huoshanstatic.com/obj/media-fe/xgplayer_doc_video/hls/xgplayer-demo.m3u8', 'https://cdn.example.com/subtitles/series_2003_ep_10.srt', 'whtCjkICcRlRNYUeJnBdvTo51cUq1JHq', '2025-08-06 07:59:20.000000', '2025-08-28 14:57:49.851831');
INSERT INTO `episode_urls` (`id`, `episode_id`, `quality`, `oss_url`, `cdn_url`, `origin_url`, `subtitle_url`, `access_key`, `created_at`, `updated_at`) VALUES (588, 2199, '4K', 'https://sf1-cdn-tos.huoshanstatic.com/obj/media-fe/xgplayer_doc_video/hls/xgplayer-demo.m3u8', 'https://cdn.example.com/videos/4k/series_2003_ep_10_4K.mp4', 'https://sf1-cdn-tos.huoshanstatic.com/obj/media-fe/xgplayer_doc_video/hls/xgplayer-demo.m3u8', NULL, '7iWm0CpiCTOA7o9Dc5Px7NbC32bmyt9m', '2025-08-06 07:59:20.000000', '2025-08-28 14:57:49.851831');
INSERT INTO `episode_urls` (`id`, `episode_id`, `quality`, `oss_url`, `cdn_url`, `origin_url`, `subtitle_url`, `access_key`, `created_at`, `updated_at`) VALUES (589, 2200, '720p', 'https://sf1-cdn-tos.huoshanstatic.com/obj/media-fe/xgplayer_doc_video/hls/xgplayer-demo.m3u8', 'https://cdn.example.com/videos/720p/series_2003_ep_11_720p.mp4', 'https://sf1-cdn-tos.huoshanstatic.com/obj/media-fe/xgplayer_doc_video/hls/xgplayer-demo.m3u8', NULL, 'HXosaVnwWedCX9IfQVjAolV58wvwg5pc', '2025-08-06 07:59:20.000000', '2025-08-28 14:57:49.851831');
INSERT INTO `episode_urls` (`id`, `episode_id`, `quality`, `oss_url`, `cdn_url`, `origin_url`, `subtitle_url`, `access_key`, `created_at`, `updated_at`) VALUES (590, 2200, '1080p', 'https://sf1-cdn-tos.huoshanstatic.com/obj/media-fe/xgplayer_doc_video/hls/xgplayer-demo.m3u8', 'https://cdn.example.com/videos/1080p/series_2003_ep_11_1080p.mp4', 'https://sf1-cdn-tos.huoshanstatic.com/obj/media-fe/xgplayer_doc_video/hls/xgplayer-demo.m3u8', 'https://cdn.example.com/subtitles/series_2003_ep_11.srt', 'BtuvekJvfOfi7X6whBc3421OmCFS2ZAH', '2025-08-06 07:59:20.000000', '2025-08-28 14:57:49.851831');
INSERT INTO `episode_urls` (`id`, `episode_id`, `quality`, `oss_url`, `cdn_url`, `origin_url`, `subtitle_url`, `access_key`, `created_at`, `updated_at`) VALUES (591, 2200, '4K', 'https://sf1-cdn-tos.huoshanstatic.com/obj/media-fe/xgplayer_doc_video/hls/xgplayer-demo.m3u8', 'https://cdn.example.com/videos/4k/series_2003_ep_11_4K.mp4', 'https://sf1-cdn-tos.huoshanstatic.com/obj/media-fe/xgplayer_doc_video/hls/xgplayer-demo.m3u8', NULL, '2P1HpphZtYCydRy9uF76BxETQa6grveP', '2025-08-06 07:59:20.000000', '2025-08-28 14:57:49.851831');
INSERT INTO `episode_urls` (`id`, `episode_id`, `quality`, `oss_url`, `cdn_url`, `origin_url`, `subtitle_url`, `access_key`, `created_at`, `updated_at`) VALUES (592, 2201, '720p', 'https://sf1-cdn-tos.huoshanstatic.com/obj/media-fe/xgplayer_doc_video/hls/xgplayer-demo.m3u8', 'https://cdn.example.com/videos/720p/series_2003_ep_12_720p.mp4', 'https://sf1-cdn-tos.huoshanstatic.com/obj/media-fe/xgplayer_doc_video/hls/xgplayer-demo.m3u8', NULL, 'XFekoEK6MThfpVyw3jPnIbFgyOnqEuW0', '2025-08-06 07:59:20.000000', '2025-08-28 14:57:49.851831');
INSERT INTO `episode_urls` (`id`, `episode_id`, `quality`, `oss_url`, `cdn_url`, `origin_url`, `subtitle_url`, `access_key`, `created_at`, `updated_at`) VALUES (593, 2201, '1080p', 'https://sf1-cdn-tos.huoshanstatic.com/obj/media-fe/xgplayer_doc_video/hls/xgplayer-demo.m3u8', 'https://cdn.example.com/videos/1080p/series_2003_ep_12_1080p.mp4', 'https://sf1-cdn-tos.huoshanstatic.com/obj/media-fe/xgplayer_doc_video/hls/xgplayer-demo.m3u8', 'https://cdn.example.com/subtitles/series_2003_ep_12.srt', '61GyoDpxy8mlTGrLYgYtXbTVHF0SFPLQ', '2025-08-06 07:59:20.000000', '2025-08-28 14:57:49.851831');
INSERT INTO `episode_urls` (`id`, `episode_id`, `quality`, `oss_url`, `cdn_url`, `origin_url`, `subtitle_url`, `access_key`, `created_at`, `updated_at`) VALUES (594, 2201, '4K', 'https://sf1-cdn-tos.huoshanstatic.com/obj/media-fe/xgplayer_doc_video/hls/xgplayer-demo.m3u8', 'https://cdn.example.com/videos/4k/series_2003_ep_12_4K.mp4', 'https://sf1-cdn-tos.huoshanstatic.com/obj/media-fe/xgplayer_doc_video/hls/xgplayer-demo.m3u8', NULL, 'BewV6a4aB1LncNY0HyA0sOhxDDxuVKIF', '2025-08-06 07:59:20.000000', '2025-08-28 14:57:49.851831');
INSERT INTO `episode_urls` (`id`, `episode_id`, `quality`, `oss_url`, `cdn_url`, `origin_url`, `subtitle_url`, `access_key`, `created_at`, `updated_at`) VALUES (595, 2136, '720P', 'https://oss.example.com/videos/episode_2136_720p.mp4', 'https://cdn.example.com/videos/episode_2136_720p.mp4', 'https://oss.example.com/videos/episode_2136_720p.mp4', 'https://cdn.example.com/subtitles/episode_2136.srt', '02a66c51a292abec384755708e1ca4a5', '2025-08-14 02:06:45.357789', '2025-08-28 14:57:49.851831');
INSERT INTO `episode_urls` (`id`, `episode_id`, `quality`, `oss_url`, `cdn_url`, `origin_url`, `subtitle_url`, `access_key`, `created_at`, `updated_at`) VALUES (596, 2202, '720p', 'https://oss.example.com/ep1-keep.m3u8', 'https://cdn.example.com/ep1-keep.m3u8', 'https://origin.example.com/ep1-keep', NULL, 'affd9158abe714354104749d869b1a23', '2025-08-28 17:17:25.137589', '2025-08-28 17:40:13.000000');
INSERT INTO `episode_urls` (`id`, `episode_id`, `quality`, `oss_url`, `cdn_url`, `origin_url`, `subtitle_url`, `access_key`, `created_at`, `updated_at`) VALUES (597, 2203, '720p', 'https://example.com/ep1-1.m3u8', 'https://example.com/ep1-1.m3u8', 'https://example.com/ep1-1', NULL, 'ae65a56a77112e8c5e7f661834fb9efd', '2025-08-28 17:17:53.279131', '2025-08-28 17:17:53.279131');
INSERT INTO `episode_urls` (`id`, `episode_id`, `quality`, `oss_url`, `cdn_url`, `origin_url`, `subtitle_url`, `access_key`, `created_at`, `updated_at`) VALUES (598, 2204, '720p', 'https://example.com/ep2-1.m3u8', 'https://example.com/ep2-1.m3u8', 'https://example.com/ep2-1', NULL, '3d9ceaf2264a447658ef0056e028d781', '2025-08-28 17:17:53.296191', '2025-08-28 17:17:53.296191');
INSERT INTO `episode_urls` (`id`, `episode_id`, `quality`, `oss_url`, `cdn_url`, `origin_url`, `subtitle_url`, `access_key`, `created_at`, `updated_at`) VALUES (604, 2217, '480p', 'test-oss', 'test-cdn', 'test-origin', NULL, '458ce373ef70440061d0a50a569b09d3', '2025-08-28 17:41:08.032430', '2025-08-28 17:41:08.032430');
INSERT INTO `episode_urls` (`id`, `episode_id`, `quality`, `oss_url`, `cdn_url`, `origin_url`, `subtitle_url`, `access_key`, `created_at`, `updated_at`) VALUES (605, 2218, '720p', 'https://oss.example.com/ep1-updated.m3u8', 'https://cdn.example.com/ep1-updated.m3u8', 'https://origin.example.com/ep1-updated', 'https://subtitle.example.com/ep1.srt', '67a1a40edae5c9251fb9b1ec7caa163e', '2025-08-30 15:26:36.625708', '2025-08-30 16:02:05.000000');
INSERT INTO `episode_urls` (`id`, `episode_id`, `quality`, `oss_url`, `cdn_url`, `origin_url`, `subtitle_url`, `access_key`, `created_at`, `updated_at`) VALUES (608, 2220, '720p', 'https://oss.example.com/series-a-ep1.m3u8', 'https://cdn.example.com/series-a-ep1.m3u8', 'https://origin.example.com/series-a-ep1', NULL, '00379d5ddd9036a7c0144c9cf7c65311', '2025-08-30 15:27:52.205948', '2025-08-30 15:27:52.205948');
INSERT INTO `episode_urls` (`id`, `episode_id`, `quality`, `oss_url`, `cdn_url`, `origin_url`, `subtitle_url`, `access_key`, `created_at`, `updated_at`) VALUES (609, 2221, '720p', 'https://oss.example.com/series-b-ep1.m3u8', 'https://cdn.example.com/series-b-ep1.m3u8', 'https://origin.example.com/series-b-ep1', NULL, '22dc3dd7d7f8cf663af72f12ea63fdae', '2025-08-30 15:27:52.227738', '2025-08-30 15:27:52.227738');
INSERT INTO `episode_urls` (`id`, `episode_id`, `quality`, `oss_url`, `cdn_url`, `origin_url`, `subtitle_url`, `access_key`, `created_at`, `updated_at`) VALUES (610, 2222, '720p', 'https://oss.example.com/ep3.m3u8', 'https://cdn.example.com/ep3.m3u8', 'https://origin.example.com/ep3', NULL, 'a5a68ebe4660fd27b13a21697889189a', '2025-08-30 15:27:53.278596', '2025-08-30 15:27:53.278596');
INSERT INTO `episode_urls` (`id`, `episode_id`, `quality`, `oss_url`, `cdn_url`, `origin_url`, `subtitle_url`, `access_key`, `created_at`, `updated_at`) VALUES (613, 2224, '720p', '', 'https://cdn.example.com/minimal-ep1-720.m3u8', 'https://origin.example.com/minimal-ep1-720', NULL, '44da816566f64fee3c52fe9ee19809ea', '2025-08-30 15:34:23.618519', '2025-09-01 15:02:58.000000');
INSERT INTO `episode_urls` (`id`, `episode_id`, `quality`, `oss_url`, `cdn_url`, `origin_url`, `subtitle_url`, `access_key`, `created_at`, `updated_at`) VALUES (618, 2227, '720p', '', 'https://cdn.example.com/ok.m3u8', 'https://origin.example.com/ok', NULL, 'b9f13409f304f06ff4fa15173a59042b', '2025-08-30 15:41:37.051580', '2025-08-30 15:41:37.051580');
INSERT INTO `episode_urls` (`id`, `episode_id`, `quality`, `oss_url`, `cdn_url`, `origin_url`, `subtitle_url`, `access_key`, `created_at`, `updated_at`) VALUES (619, 2228, '720p', '', 'https://cdn.example.com/bad.m3u8', 'https://origin.example.com/bad', NULL, '301c74fe36649b33a3da984099c40e74', '2025-08-30 15:41:37.073000', '2025-08-30 15:41:37.073000');
INSERT INTO `episode_urls` (`id`, `episode_id`, `quality`, `oss_url`, `cdn_url`, `origin_url`, `subtitle_url`, `access_key`, `created_at`, `updated_at`) VALUES (630, 2234, '720p', 'https://oss.example.com/single-ep1-720.m3u8', 'https://cdn.example.com/single-ep1-720.m3u8', 'https://origin.example.com/single-ep1-720', 'https://subtitle.example.com/single-ep1-zh.srt', 'ebb839c5647a7f9a9fa9301de9c9e307', '2025-09-01 15:02:55.127961', '2025-09-01 15:02:55.127961');
INSERT INTO `episode_urls` (`id`, `episode_id`, `quality`, `oss_url`, `cdn_url`, `origin_url`, `subtitle_url`, `access_key`, `created_at`, `updated_at`) VALUES (631, 2234, '1080p', '', 'https://cdn.example.com/single-ep1-1080-v2.m3u8', 'https://origin.example.com/single-ep1-1080-v2', NULL, '165425346b88b3b837abaec42cb97c61', '2025-09-01 15:02:55.132463', '2025-09-01 15:02:57.000000');
INSERT INTO `episode_urls` (`id`, `episode_id`, `quality`, `oss_url`, `cdn_url`, `origin_url`, `subtitle_url`, `access_key`, `created_at`, `updated_at`) VALUES (632, 2235, '720p', '', 'https://cdn.example.com/single-ep2-720.m3u8', 'https://origin.example.com/single-ep2-720', NULL, 'a1ffd9e89de96e8a9ef565bf365a9732', '2025-09-01 15:02:55.141044', '2025-09-01 15:02:55.141044');
INSERT INTO `episode_urls` (`id`, `episode_id`, `quality`, `oss_url`, `cdn_url`, `origin_url`, `subtitle_url`, `access_key`, `created_at`, `updated_at`) VALUES (633, 2236, '720p', '', 'https://cdn.example.com/batch-a-ep1-720.m3u8', 'https://origin.example.com/batch-a-ep1-720', NULL, 'a39cb2c87c9fff1a4d6d7a68afd7b765', '2025-09-01 15:02:56.190178', '2025-09-01 15:02:56.190178');
INSERT INTO `episode_urls` (`id`, `episode_id`, `quality`, `oss_url`, `cdn_url`, `origin_url`, `subtitle_url`, `access_key`, `created_at`, `updated_at`) VALUES (634, 2237, '720p', '', 'https://cdn.example.com/batch-b-ep1-720.m3u8', 'https://origin.example.com/batch-b-ep1-720', NULL, 'e4b081b30533e77dcbd9555885dfa0be', '2025-09-01 15:02:56.215650', '2025-09-01 15:02:56.215650');
INSERT INTO `episode_urls` (`id`, `episode_id`, `quality`, `oss_url`, `cdn_url`, `origin_url`, `subtitle_url`, `access_key`, `created_at`, `updated_at`) VALUES (635, 2238, '720p', '', 'https://cdn.example.com/single-ep3-720.m3u8', 'https://origin.example.com/single-ep3-720', NULL, 'e3dca04bf9ef83ff64dc62124a246f26', '2025-09-01 15:02:57.273466', '2025-09-01 15:02:57.273466');
INSERT INTO `episode_urls` (`id`, `episode_id`, `quality`, `oss_url`, `cdn_url`, `origin_url`, `subtitle_url`, `access_key`, `created_at`, `updated_at`) VALUES (636, 2239, '720p', '', 'https://cdn.example.com/ep1.m3u8', 'https://origin.example.com/ep1', NULL, '744fc87d56e9c1643196e79b3cb7b923', '2025-09-09 15:59:17.490404', '2025-09-09 15:59:17.490404');
INSERT INTO `episode_urls` (`id`, `episode_id`, `quality`, `oss_url`, `cdn_url`, `origin_url`, `subtitle_url`, `access_key`, `created_at`, `updated_at`) VALUES (637, 2240, '720p', 'https://oss.example.com/demo-ep1.m3u8', 'https://cdn.example.com/demo-ep1.m3u8', 'https://origin.example.com/demo-ep1', 'https://subtitle.example.com/demo-ep1.srt', '0e537a458774563bf678f80055cb84e3', '2025-09-11 05:36:53.403207', '2025-09-11 05:36:53.403207');
INSERT INTO `episode_urls` (`id`, `episode_id`, `quality`, `oss_url`, `cdn_url`, `origin_url`, `subtitle_url`, `access_key`, `created_at`, `updated_at`) VALUES (638, 2241, '720p', 'https://oss.example.com/demo-ep2.m3u8', 'https://cdn.example.com/demo-ep2.m3u8', 'https://origin.example.com/demo-ep2', NULL, '5bd83c3ba33b5afdc22390c1f1c2d4be', '2025-09-11 05:36:53.415857', '2025-09-11 05:36:53.415857');
INSERT INTO `episode_urls` (`id`, `episode_id`, `quality`, `oss_url`, `cdn_url`, `origin_url`, `subtitle_url`, `access_key`, `created_at`, `updated_at`) VALUES (639, 2242, '720p', 'https://oss.example.com/demo-ep3.m3u8', 'https://cdn.example.com/demo-ep3.m3u8', 'https://origin.example.com/demo-ep3', NULL, '7845ea0d71415e9929e183ad59ed6720', '2025-09-11 05:36:53.457083', '2025-09-11 05:36:53.457083');
INSERT INTO `episode_urls` (`id`, `episode_id`, `quality`, `oss_url`, `cdn_url`, `origin_url`, `subtitle_url`, `access_key`, `created_at`, `updated_at`) VALUES (640, 2243, '720p', 'https://oss.example.com/bulk-demo-20250911-01-ep1-720p.m3u8', 'https://cdn.example.com/bulk-demo-20250911-01-ep1-720p.m3u8', 'https://origin.example.com/bulk-demo-20250911-01-ep1-720p', NULL, '08f9cc38c90e80ce01064cb819e32c22', '2025-09-11 05:41:40.584537', '2025-09-11 05:41:40.584537');
INSERT INTO `episode_urls` (`id`, `episode_id`, `quality`, `oss_url`, `cdn_url`, `origin_url`, `subtitle_url`, `access_key`, `created_at`, `updated_at`) VALUES (641, 2244, '720p', 'https://oss.example.com/bulk-demo-20250911-01-ep2-720p.m3u8', 'https://cdn.example.com/bulk-demo-20250911-01-ep2-720p.m3u8', 'https://origin.example.com/bulk-demo-20250911-01-ep2-720p', NULL, 'd99350356e76ca8ae85907a7e18ff1b4', '2025-09-11 05:41:40.597388', '2025-09-11 05:41:40.597388');
INSERT INTO `episode_urls` (`id`, `episode_id`, `quality`, `oss_url`, `cdn_url`, `origin_url`, `subtitle_url`, `access_key`, `created_at`, `updated_at`) VALUES (642, 2245, '720p', 'https://oss.example.com/bulk-demo-20250911-01-ep3-720p.m3u8', 'https://cdn.example.com/bulk-demo-20250911-01-ep3-720p.m3u8', 'https://origin.example.com/bulk-demo-20250911-01-ep3-720p', NULL, '333c7a9b0ebbac730da7eb8cf39c17c4', '2025-09-11 05:41:40.607322', '2025-09-11 05:41:40.607322');
INSERT INTO `episode_urls` (`id`, `episode_id`, `quality`, `oss_url`, `cdn_url`, `origin_url`, `subtitle_url`, `access_key`, `created_at`, `updated_at`) VALUES (643, 2246, '720p', 'https://oss.example.com/bulk-demo-20250911-02-ep1-720p.m3u8', 'https://cdn.example.com/bulk-demo-20250911-02-ep1-720p.m3u8', 'https://origin.example.com/bulk-demo-20250911-02-ep1-720p', NULL, '75d49e8230f88f3950a99341a1da1afc', '2025-09-11 05:41:40.642033', '2025-09-11 05:41:40.642033');
INSERT INTO `episode_urls` (`id`, `episode_id`, `quality`, `oss_url`, `cdn_url`, `origin_url`, `subtitle_url`, `access_key`, `created_at`, `updated_at`) VALUES (644, 2247, '720p', 'https://oss.example.com/bulk-demo-20250911-02-ep2-720p.m3u8', 'https://cdn.example.com/bulk-demo-20250911-02-ep2-720p.m3u8', 'https://origin.example.com/bulk-demo-20250911-02-ep2-720p', NULL, '711bbb0ceb606dcae28b553581c20ca9', '2025-09-11 05:41:40.651785', '2025-09-11 05:41:40.651785');
INSERT INTO `episode_urls` (`id`, `episode_id`, `quality`, `oss_url`, `cdn_url`, `origin_url`, `subtitle_url`, `access_key`, `created_at`, `updated_at`) VALUES (645, 2248, '720p', 'https://oss.example.com/bulk-demo-20250911-02-ep3-720p.m3u8', 'https://cdn.example.com/bulk-demo-20250911-02-ep3-720p.m3u8', 'https://origin.example.com/bulk-demo-20250911-02-ep3-720p', NULL, 'ec2a07f314c9d4977cfc86dd157cc429', '2025-09-11 05:41:40.661750', '2025-09-11 05:41:40.661750');
INSERT INTO `episode_urls` (`id`, `episode_id`, `quality`, `oss_url`, `cdn_url`, `origin_url`, `subtitle_url`, `access_key`, `created_at`, `updated_at`) VALUES (646, 2249, '720p', 'https://oss.example.com/bulk-demo-20250911-03-ep1-720p.m3u8', 'https://cdn.example.com/bulk-demo-20250911-03-ep1-720p.m3u8', 'https://origin.example.com/bulk-demo-20250911-03-ep1-720p', NULL, 'ba678fd534e524eb5207f70746967413', '2025-09-11 05:41:41.246096', '2025-09-11 05:41:41.246096');
INSERT INTO `episode_urls` (`id`, `episode_id`, `quality`, `oss_url`, `cdn_url`, `origin_url`, `subtitle_url`, `access_key`, `created_at`, `updated_at`) VALUES (647, 2250, '720p', 'https://oss.example.com/bulk-demo-20250911-03-ep2-720p.m3u8', 'https://cdn.example.com/bulk-demo-20250911-03-ep2-720p.m3u8', 'https://origin.example.com/bulk-demo-20250911-03-ep2-720p', NULL, '37bb7b3aa95d12ab358aebb40de815e9', '2025-09-11 05:41:41.258305', '2025-09-11 05:41:41.258305');
INSERT INTO `episode_urls` (`id`, `episode_id`, `quality`, `oss_url`, `cdn_url`, `origin_url`, `subtitle_url`, `access_key`, `created_at`, `updated_at`) VALUES (648, 2251, '720p', 'https://oss.example.com/bulk-demo-20250911-03-ep3-720p.m3u8', 'https://cdn.example.com/bulk-demo-20250911-03-ep3-720p.m3u8', 'https://origin.example.com/bulk-demo-20250911-03-ep3-720p', NULL, 'affabd65d5712238315b1e73a18dd6f4', '2025-09-11 05:41:41.269273', '2025-09-11 05:41:41.269273');
INSERT INTO `episode_urls` (`id`, `episode_id`, `quality`, `oss_url`, `cdn_url`, `origin_url`, `subtitle_url`, `access_key`, `created_at`, `updated_at`) VALUES (649, 2252, '720p', 'https://oss.example.com/bulk-demo-20250911-04-ep1-720p.m3u8', 'https://cdn.example.com/bulk-demo-20250911-04-ep1-720p.m3u8', 'https://origin.example.com/bulk-demo-20250911-04-ep1-720p', NULL, '29dfbb7ccd228656e1bb2a99d2c67a9d', '2025-09-11 05:41:41.306568', '2025-09-11 05:41:41.306568');
INSERT INTO `episode_urls` (`id`, `episode_id`, `quality`, `oss_url`, `cdn_url`, `origin_url`, `subtitle_url`, `access_key`, `created_at`, `updated_at`) VALUES (650, 2253, '720p', 'https://oss.example.com/bulk-demo-20250911-04-ep2-720p.m3u8', 'https://cdn.example.com/bulk-demo-20250911-04-ep2-720p.m3u8', 'https://origin.example.com/bulk-demo-20250911-04-ep2-720p', NULL, '19fcb214bb8a160860efef1f17086ac6', '2025-09-11 05:41:41.317715', '2025-09-11 05:41:41.317715');
INSERT INTO `episode_urls` (`id`, `episode_id`, `quality`, `oss_url`, `cdn_url`, `origin_url`, `subtitle_url`, `access_key`, `created_at`, `updated_at`) VALUES (651, 2254, '720p', 'https://oss.example.com/bulk-demo-20250911-04-ep3-720p.m3u8', 'https://cdn.example.com/bulk-demo-20250911-04-ep3-720p.m3u8', 'https://origin.example.com/bulk-demo-20250911-04-ep3-720p', NULL, '3ee4d021b8343a6e1d7ab352790f4d49', '2025-09-11 05:41:41.328675', '2025-09-11 05:41:41.328675');
INSERT INTO `episode_urls` (`id`, `episode_id`, `quality`, `oss_url`, `cdn_url`, `origin_url`, `subtitle_url`, `access_key`, `created_at`, `updated_at`) VALUES (652, 2255, '720p', 'https://oss.example.com/bulk-demo-20250911-05-ep1-720p.m3u8', 'https://cdn.example.com/bulk-demo-20250911-05-ep1-720p.m3u8', 'https://origin.example.com/bulk-demo-20250911-05-ep1-720p', NULL, 'b2ab1fe14ea426dee60ed33bc19b7c9d', '2025-09-11 05:41:41.886355', '2025-09-11 05:41:41.886355');
INSERT INTO `episode_urls` (`id`, `episode_id`, `quality`, `oss_url`, `cdn_url`, `origin_url`, `subtitle_url`, `access_key`, `created_at`, `updated_at`) VALUES (653, 2256, '720p', 'https://oss.example.com/bulk-demo-20250911-05-ep2-720p.m3u8', 'https://cdn.example.com/bulk-demo-20250911-05-ep2-720p.m3u8', 'https://origin.example.com/bulk-demo-20250911-05-ep2-720p', NULL, 'eff4836517a3fa6b13f347c3fd55557d', '2025-09-11 05:41:41.896922', '2025-09-11 05:41:41.896922');
INSERT INTO `episode_urls` (`id`, `episode_id`, `quality`, `oss_url`, `cdn_url`, `origin_url`, `subtitle_url`, `access_key`, `created_at`, `updated_at`) VALUES (654, 2257, '720p', 'https://oss.example.com/bulk-demo-20250911-05-ep3-720p.m3u8', 'https://cdn.example.com/bulk-demo-20250911-05-ep3-720p.m3u8', 'https://origin.example.com/bulk-demo-20250911-05-ep3-720p', NULL, 'cc85c5f4bb6ad925b11e87afdecf4d1f', '2025-09-11 05:41:41.909111', '2025-09-11 05:41:41.909111');
INSERT INTO `episode_urls` (`id`, `episode_id`, `quality`, `oss_url`, `cdn_url`, `origin_url`, `subtitle_url`, `access_key`, `created_at`, `updated_at`) VALUES (655, 2258, '720p', '', 'https://cdn.example.com/test.m3u8', 'https://origin.example.com/test', NULL, '168187ffd98da270b6291129f8256777', '2025-09-11 16:04:58.079390', '2025-09-11 16:04:58.079390');
COMMIT;

-- ----------------------------
-- Table structure for episodes
-- ----------------------------
DROP TABLE IF EXISTS `episodes`;
CREATE TABLE `episodes` (
  `id` int NOT NULL AUTO_INCREMENT,
  `series_id` int NOT NULL,
  `episode_number` int NOT NULL,
  `title` varchar(255) CHARACTER SET utf8mb4 COLLATE utf8mb4_general_ci NOT NULL,
  `duration` int NOT NULL,
  `status` varchar(255) CHARACTER SET utf8mb4 COLLATE utf8mb4_general_ci NOT NULL DEFAULT 'published',
  `play_count` int NOT NULL DEFAULT '0',
  `created_at` datetime(6) NOT NULL DEFAULT CURRENT_TIMESTAMP(6),
  `updated_at` datetime(6) NOT NULL DEFAULT CURRENT_TIMESTAMP(6) ON UPDATE CURRENT_TIMESTAMP(6),
  `has_sequel` tinyint NOT NULL DEFAULT '0',
  `short_id` varchar(11) CHARACTER SET utf8mb4 COLLATE utf8mb4_general_ci DEFAULT NULL,
  `access_key` varchar(64) CHARACTER SET utf8mb4 COLLATE utf8mb4_general_ci DEFAULT NULL,
  `like_count` int NOT NULL DEFAULT '0',
  `dislike_count` int NOT NULL DEFAULT '0',
  `favorite_count` int NOT NULL DEFAULT '0',
  PRIMARY KEY (`id`) USING BTREE,
  UNIQUE KEY `IDX_b5b99ab41929380d63a0a58c5c` (`short_id`) USING BTREE,
  UNIQUE KEY `IDX_31551a3813144b03fee21f86d1` (`access_key`) USING BTREE,
  KEY `FK_624166580dfcd4e2d88a978ce71` (`series_id`) USING BTREE,
  CONSTRAINT `FK_624166580dfcd4e2d88a978ce71` FOREIGN KEY (`series_id`) REFERENCES `series` (`id`)
) ENGINE=InnoDB AUTO_INCREMENT=2266 DEFAULT CHARSET=utf8mb4 COLLATE=utf8mb4_general_ci ROW_FORMAT=DYNAMIC;

-- ----------------------------
-- Records of episodes
-- ----------------------------
BEGIN;
INSERT INTO `episodes` (`id`, `series_id`, `episode_number`, `title`, `duration`, `status`, `play_count`, `created_at`, `updated_at`, `has_sequel`, `short_id`, `access_key`, `like_count`, `dislike_count`, `favorite_count`) VALUES (2001, 1001, 1, '第一集：开端', 2400, 'published', 5680, '2024-01-15 10:30:00.000000', '2025-08-17 13:39:42.152861', 1, 'J7YUMwhxXsA', 'F5F06D9B7748D702C312D6775198E083', 0, 0, 0);
INSERT INTO `episodes` (`id`, `series_id`, `episode_number`, `title`, `duration`, `status`, `play_count`, `created_at`, `updated_at`, `has_sequel`, `short_id`, `access_key`, `like_count`, `dislike_count`, `favorite_count`) VALUES (2002, 1001, 2, '第二集：发展', 2350, 'published', 4920, '2024-01-16 10:30:00.000000', '2025-08-17 13:39:42.152861', 1, 'AjSEuEQrKBQ', '54C2176ECFD95BDA1F39F693B579AC2D', 0, 0, 0);
INSERT INTO `episodes` (`id`, `series_id`, `episode_number`, `title`, `duration`, `status`, `play_count`, `created_at`, `updated_at`, `has_sequel`, `short_id`, `access_key`, `like_count`, `dislike_count`, `favorite_count`) VALUES (2003, 1001, 3, '第三集：高潮', 2480, 'published', 4150, '2024-01-17 10:30:00.000000', '2025-08-17 13:39:42.152861', 0, '9mGrm9fWWSt', '6BEB6318E64B7380C74BF05FD48EACCF', 0, 0, 0);
INSERT INTO `episodes` (`id`, `series_id`, `episode_number`, `title`, `duration`, `status`, `play_count`, `created_at`, `updated_at`, `has_sequel`, `short_id`, `access_key`, `like_count`, `dislike_count`, `favorite_count`) VALUES (2136, 2001, 1, '第1集：初次相遇', 2118, 'published', 36359, '2025-08-06 07:59:19.000000', '2025-08-17 13:39:42.152861', 1, 'CcPcMmtTAHa', 'FE27A9CA890D9B196E211D783C622716', 0, 0, 0);
INSERT INTO `episodes` (`id`, `series_id`, `episode_number`, `title`, `duration`, `status`, `play_count`, `created_at`, `updated_at`, `has_sequel`, `short_id`, `access_key`, `like_count`, `dislike_count`, `favorite_count`) VALUES (2137, 2001, 2, '第2集：误会重重', 2211, 'published', 49364, '2025-08-06 07:59:19.000000', '2025-08-17 13:39:42.152861', 0, 'bgkw8EVstSN', '417FB205DC56B0793DAEE4E01CD2FDC2', 0, 0, 0);
INSERT INTO `episodes` (`id`, `series_id`, `episode_number`, `title`, `duration`, `status`, `play_count`, `created_at`, `updated_at`, `has_sequel`, `short_id`, `access_key`, `like_count`, `dislike_count`, `favorite_count`) VALUES (2138, 2001, 3, '第3集：渐生情愫', 2333, 'published', 54001, '2025-08-06 07:59:19.000000', '2025-08-17 13:39:42.152861', 0, 'nHxpkr73dRs', 'A157874EA093E2F035BD72EA3E0DAC70', 0, 0, 0);
INSERT INTO `episodes` (`id`, `series_id`, `episode_number`, `title`, `duration`, `status`, `play_count`, `created_at`, `updated_at`, `has_sequel`, `short_id`, `access_key`, `like_count`, `dislike_count`, `favorite_count`) VALUES (2139, 2001, 4, '第4集：甜蜜约会', 2334, 'published', 53781, '2025-08-06 07:59:19.000000', '2025-08-17 13:39:42.152861', 0, 'KBbeWq33dwk', '8A2ECF5ACA2DF0D567197AD994EF063F', 0, 0, 0);
INSERT INTO `episodes` (`id`, `series_id`, `episode_number`, `title`, `duration`, `status`, `play_count`, `created_at`, `updated_at`, `has_sequel`, `short_id`, `access_key`, `like_count`, `dislike_count`, `favorite_count`) VALUES (2140, 2001, 5, '第5集：家族反对', 2050, 'published', 13536, '2025-08-06 07:59:19.000000', '2025-08-17 13:39:42.152861', 0, 'P6YzmjCGX4c', '381C059EB6C98C9779DA270C885A4EB6', 0, 0, 0);
INSERT INTO `episodes` (`id`, `series_id`, `episode_number`, `title`, `duration`, `status`, `play_count`, `created_at`, `updated_at`, `has_sequel`, `short_id`, `access_key`, `like_count`, `dislike_count`, `favorite_count`) VALUES (2141, 2001, 6, '第6集：分手危机', 2384, 'published', 58372, '2025-08-06 07:59:20.000000', '2025-08-17 13:39:42.152861', 0, 'S4BQGEukfum', '4C46C691917A20AD3CB52C38BBA2E5C7', 0, 0, 0);
INSERT INTO `episodes` (`id`, `series_id`, `episode_number`, `title`, `duration`, `status`, `play_count`, `created_at`, `updated_at`, `has_sequel`, `short_id`, `access_key`, `like_count`, `dislike_count`, `favorite_count`) VALUES (2142, 2001, 7, '第7集：真相大白', 1839, 'published', 31101, '2025-08-06 07:59:20.000000', '2025-08-17 13:39:42.152861', 0, 'Ukd4jP5nJzh', 'B830F9B4045A4386389B0DCB6BAD6842', 0, 0, 0);
INSERT INTO `episodes` (`id`, `series_id`, `episode_number`, `title`, `duration`, `status`, `play_count`, `created_at`, `updated_at`, `has_sequel`, `short_id`, `access_key`, `like_count`, `dislike_count`, `favorite_count`) VALUES (2143, 2001, 8, '第8集：重归于好', 2078, 'published', 59828, '2025-08-06 07:59:20.000000', '2025-08-17 13:39:42.152861', 0, 'brAkNPAshCF', 'CF2EBDA716B0BBC6AF67E94E35222C1A', 0, 0, 0);
INSERT INTO `episodes` (`id`, `series_id`, `episode_number`, `title`, `duration`, `status`, `play_count`, `created_at`, `updated_at`, `has_sequel`, `short_id`, `access_key`, `like_count`, `dislike_count`, `favorite_count`) VALUES (2144, 2001, 9, '第9集：求婚成功', 2375, 'published', 15450, '2025-08-06 07:59:20.000000', '2025-08-17 13:39:42.152861', 0, 'UG7ycSxCtVU', 'E962F7540F3D30F6CDBD3F5610C265F3', 0, 0, 0);
INSERT INTO `episodes` (`id`, `series_id`, `episode_number`, `title`, `duration`, `status`, `play_count`, `created_at`, `updated_at`, `has_sequel`, `short_id`, `access_key`, `like_count`, `dislike_count`, `favorite_count`) VALUES (2145, 2001, 10, '第10集：幸福结局', 1883, 'published', 22739, '2025-08-06 07:59:20.000000', '2025-08-17 13:39:42.152861', 0, 'BJvMGbm5UZq', 'A556EA62D7EE8408ACD511F9E27908E9', 0, 0, 0);
INSERT INTO `episodes` (`id`, `series_id`, `episode_number`, `title`, `duration`, `status`, `play_count`, `created_at`, `updated_at`, `has_sequel`, `short_id`, `access_key`, `like_count`, `dislike_count`, `favorite_count`) VALUES (2146, 2001, 11, '第11集：意外重逢', 2301, 'published', 33511, '2025-08-06 07:59:20.000000', '2025-08-17 13:39:42.152861', 0, 'FghqbS2j3Z8', '8D646D525D95531C7A92235A4A002D48', 0, 0, 0);
INSERT INTO `episodes` (`id`, `series_id`, `episode_number`, `title`, `duration`, `status`, `play_count`, `created_at`, `updated_at`, `has_sequel`, `short_id`, `access_key`, `like_count`, `dislike_count`, `favorite_count`) VALUES (2147, 2001, 12, '第12集：旧情复燃', 2068, 'published', 26042, '2025-08-06 07:59:20.000000', '2025-08-17 13:39:42.152861', 0, 'qQxSNQQHhN6', 'B1BDE8398F523D9C68B18714416427F4', 0, 0, 0);
INSERT INTO `episodes` (`id`, `series_id`, `episode_number`, `title`, `duration`, `status`, `play_count`, `created_at`, `updated_at`, `has_sequel`, `short_id`, `access_key`, `like_count`, `dislike_count`, `favorite_count`) VALUES (2148, 2001, 13, '第13集：新的挑战', 2396, 'published', 45633, '2025-08-06 07:59:20.000000', '2025-08-17 13:39:42.152861', 0, 'Jez2sr6nJv7', '252257B602EA615561650940B422AC13', 0, 0, 0);
INSERT INTO `episodes` (`id`, `series_id`, `episode_number`, `title`, `duration`, `status`, `play_count`, `created_at`, `updated_at`, `has_sequel`, `short_id`, `access_key`, `like_count`, `dislike_count`, `favorite_count`) VALUES (2149, 2001, 14, '第14集：携手并进', 1824, 'published', 19910, '2025-08-06 07:59:20.000000', '2025-08-17 13:39:42.152861', 0, 'b2wccr8HV9V', '116A2B896476BEFEB22BE7C492BEF30B', 0, 0, 0);
INSERT INTO `episodes` (`id`, `series_id`, `episode_number`, `title`, `duration`, `status`, `play_count`, `created_at`, `updated_at`, `has_sequel`, `short_id`, `access_key`, `like_count`, `dislike_count`, `favorite_count`) VALUES (2150, 2001, 15, '第15集：婚礼筹备', 2352, 'published', 51587, '2025-08-06 07:59:20.000000', '2025-08-17 13:39:42.152861', 0, 'ZryhCXrrfJC', '2AD237C48677FA9F9DAF1A0F5D4FDA46', 0, 0, 0);
INSERT INTO `episodes` (`id`, `series_id`, `episode_number`, `title`, `duration`, `status`, `play_count`, `created_at`, `updated_at`, `has_sequel`, `short_id`, `access_key`, `like_count`, `dislike_count`, `favorite_count`) VALUES (2151, 2001, 16, '第16集：蜜月旅行', 2173, 'published', 41718, '2025-08-06 07:59:20.000000', '2025-08-17 13:39:42.152861', 0, 'Hscn8hy8YDR', '68CEA1760DC35823D226359B82BD70F6', 0, 0, 0);
INSERT INTO `episodes` (`id`, `series_id`, `episode_number`, `title`, `duration`, `status`, `play_count`, `created_at`, `updated_at`, `has_sequel`, `short_id`, `access_key`, `like_count`, `dislike_count`, `favorite_count`) VALUES (2152, 2001, 17, '第17集：事业冲突', 2117, 'published', 29759, '2025-08-06 07:59:20.000000', '2025-08-17 13:39:42.152861', 0, 'QErxKmWxgfy', 'EBC5B6F4D71078D6A5F2A5448372C20A', 0, 0, 0);
INSERT INTO `episodes` (`id`, `series_id`, `episode_number`, `title`, `duration`, `status`, `play_count`, `created_at`, `updated_at`, `has_sequel`, `short_id`, `access_key`, `like_count`, `dislike_count`, `favorite_count`) VALUES (2153, 2001, 18, '第18集：理解包容', 2184, 'published', 22821, '2025-08-06 07:59:20.000000', '2025-08-17 13:39:42.152861', 0, 'vaBcsYm5D7U', 'BC746DB60ECF98E40396AF776BC5ED0A', 0, 0, 0);
INSERT INTO `episodes` (`id`, `series_id`, `episode_number`, `title`, `duration`, `status`, `play_count`, `created_at`, `updated_at`, `has_sequel`, `short_id`, `access_key`, `like_count`, `dislike_count`, `favorite_count`) VALUES (2154, 2001, 19, '第19集：共同成长', 1941, 'published', 17650, '2025-08-06 07:59:20.000000', '2025-08-17 13:39:42.152861', 0, 'VpjxQuBK33R', 'A003E79E4286698F9E2B58A4DB3C34A3', 0, 0, 0);
INSERT INTO `episodes` (`id`, `series_id`, `episode_number`, `title`, `duration`, `status`, `play_count`, `created_at`, `updated_at`, `has_sequel`, `short_id`, `access_key`, `like_count`, `dislike_count`, `favorite_count`) VALUES (2155, 2001, 20, '第20集：家庭和睦', 1855, 'published', 45586, '2025-08-06 07:59:20.000000', '2025-08-17 13:39:42.152861', 0, 'MrcPmyeAS24', '360A6D1F3E4A1F96A559B3FD8084ED36', 0, 0, 0);
INSERT INTO `episodes` (`id`, `series_id`, `episode_number`, `title`, `duration`, `status`, `play_count`, `created_at`, `updated_at`, `has_sequel`, `short_id`, `access_key`, `like_count`, `dislike_count`, `favorite_count`) VALUES (2156, 2001, 21, '第21集：意外惊喜', 2180, 'published', 58556, '2025-08-06 07:59:20.000000', '2025-08-17 13:39:42.152861', 0, 'RSDwUVuAaXE', 'B1072EFE43C31BB8E2DFD9973E027A88', 0, 0, 0);
INSERT INTO `episodes` (`id`, `series_id`, `episode_number`, `title`, `duration`, `status`, `play_count`, `created_at`, `updated_at`, `has_sequel`, `short_id`, `access_key`, `like_count`, `dislike_count`, `favorite_count`) VALUES (2157, 2001, 22, '第22集：温馨日常', 1829, 'published', 49060, '2025-08-06 07:59:20.000000', '2025-08-17 13:39:42.152861', 0, 'XduPxVYcp6w', '4340B29B6D12B63188860A2806A57E6B', 0, 0, 0);
INSERT INTO `episodes` (`id`, `series_id`, `episode_number`, `title`, `duration`, `status`, `play_count`, `created_at`, `updated_at`, `has_sequel`, `short_id`, `access_key`, `like_count`, `dislike_count`, `favorite_count`) VALUES (2158, 2001, 23, '第23集：未来规划', 1839, 'published', 46408, '2025-08-06 07:59:20.000000', '2025-08-17 13:39:42.152861', 0, 'cda7vP2j9NY', '78A2BF32E53C874FB80A148411B64125', 0, 0, 0);
INSERT INTO `episodes` (`id`, `series_id`, `episode_number`, `title`, `duration`, `status`, `play_count`, `created_at`, `updated_at`, `has_sequel`, `short_id`, `access_key`, `like_count`, `dislike_count`, `favorite_count`) VALUES (2159, 2001, 24, '第24集：圆满收官', 1883, 'published', 27003, '2025-08-06 07:59:20.000000', '2025-08-17 13:39:42.152861', 0, 'E9RuxnbMNzb', 'F120E3283D6FD1E33E896106478F8423', 0, 0, 0);
INSERT INTO `episodes` (`id`, `series_id`, `episode_number`, `title`, `duration`, `status`, `play_count`, `created_at`, `updated_at`, `has_sequel`, `short_id`, `access_key`, `like_count`, `dislike_count`, `favorite_count`) VALUES (2160, 2002, 1, '第1集：初入仙门', 2446, 'published', 29967, '2025-08-06 07:59:20.000000', '2025-08-17 13:39:42.152861', 0, 'VkmGQB5efpt', '5CA1140F5DCC8E02E0E201D3756371E3', 0, 0, 0);
INSERT INTO `episodes` (`id`, `series_id`, `episode_number`, `title`, `duration`, `status`, `play_count`, `created_at`, `updated_at`, `has_sequel`, `short_id`, `access_key`, `like_count`, `dislike_count`, `favorite_count`) VALUES (2161, 2002, 2, '第2集：修炼之路', 2529, 'published', 24823, '2025-08-06 07:59:20.000000', '2025-08-17 13:39:42.152861', 0, 'CGfQrYnXagJ', 'F3C2EC722D171C880F862787828A975A', 0, 0, 0);
INSERT INTO `episodes` (`id`, `series_id`, `episode_number`, `title`, `duration`, `status`, `play_count`, `created_at`, `updated_at`, `has_sequel`, `short_id`, `access_key`, `like_count`, `dislike_count`, `favorite_count`) VALUES (2162, 2002, 3, '第3集：师父传艺', 2963, 'published', 44505, '2025-08-06 07:59:20.000000', '2025-08-17 13:39:42.152861', 0, 'G9bM9G6cj7G', 'BEF7381F5C8D11B71012EE0D1FB623B8', 0, 0, 0);
INSERT INTO `episodes` (`id`, `series_id`, `episode_number`, `title`, `duration`, `status`, `play_count`, `created_at`, `updated_at`, `has_sequel`, `short_id`, `access_key`, `like_count`, `dislike_count`, `favorite_count`) VALUES (2163, 2002, 4, '第4集：同门切磋', 2439, 'published', 46094, '2025-08-06 07:59:20.000000', '2025-08-17 13:39:42.152861', 0, 'BS2UGvjmQaR', '580E3E8A6EE9ED510DE9979FF4E7CF97', 0, 0, 0);
INSERT INTO `episodes` (`id`, `series_id`, `episode_number`, `title`, `duration`, `status`, `play_count`, `created_at`, `updated_at`, `has_sequel`, `short_id`, `access_key`, `like_count`, `dislike_count`, `favorite_count`) VALUES (2164, 2002, 5, '第5集：历练试炼', 2864, 'published', 21646, '2025-08-06 07:59:20.000000', '2025-08-17 13:39:42.152861', 0, 'VVNrgRFymqP', '20DA7BFAFE6D9A2B11AAAD80A2BD199E', 0, 0, 0);
INSERT INTO `episodes` (`id`, `series_id`, `episode_number`, `title`, `duration`, `status`, `play_count`, `created_at`, `updated_at`, `has_sequel`, `short_id`, `access_key`, `like_count`, `dislike_count`, `favorite_count`) VALUES (2165, 2002, 6, '第6集：邂逅红颜', 2460, 'published', 33070, '2025-08-06 07:59:20.000000', '2025-08-17 13:39:42.152861', 0, 'M6n4pbWKfZx', '6A31C97D74FF9CBF046046BA5C605AC7', 0, 0, 0);
INSERT INTO `episodes` (`id`, `series_id`, `episode_number`, `title`, `duration`, `status`, `play_count`, `created_at`, `updated_at`, `has_sequel`, `short_id`, `access_key`, `like_count`, `dislike_count`, `favorite_count`) VALUES (2166, 2002, 7, '第7集：魔族入侵', 2541, 'published', 20125, '2025-08-06 07:59:20.000000', '2025-08-17 13:39:42.152861', 0, 'J3zJAq2XPA2', '09169E26E3DC2B621D4870DF784EB1A8', 0, 0, 0);
INSERT INTO `episodes` (`id`, `series_id`, `episode_number`, `title`, `duration`, `status`, `play_count`, `created_at`, `updated_at`, `has_sequel`, `short_id`, `access_key`, `like_count`, `dislike_count`, `favorite_count`) VALUES (2167, 2002, 8, '第8集：生死考验', 2819, 'published', 44441, '2025-08-06 07:59:20.000000', '2025-08-17 13:39:42.152861', 0, '4fqAXg79qf6', 'A804D755E96E72588BBE06CDD08EE309', 0, 0, 0);
INSERT INTO `episodes` (`id`, `series_id`, `episode_number`, `title`, `duration`, `status`, `play_count`, `created_at`, `updated_at`, `has_sequel`, `short_id`, `access_key`, `like_count`, `dislike_count`, `favorite_count`) VALUES (2168, 2002, 9, '第9集：突破瓶颈', 2866, 'published', 39330, '2025-08-06 07:59:20.000000', '2025-08-17 13:39:42.152861', 0, 'fdcbwwYv83h', 'FD2165E2BB1CAB0028846C0E7959786B', 0, 0, 0);
INSERT INTO `episodes` (`id`, `series_id`, `episode_number`, `title`, `duration`, `status`, `play_count`, `created_at`, `updated_at`, `has_sequel`, `short_id`, `access_key`, `like_count`, `dislike_count`, `favorite_count`) VALUES (2169, 2002, 10, '第10集：仙界大战', 2702, 'published', 44488, '2025-08-06 07:59:20.000000', '2025-08-17 13:39:42.152861', 0, 'FZHYmDcSuQ8', '2D0728A5A458352DEFA1225561E91475', 0, 0, 0);
INSERT INTO `episodes` (`id`, `series_id`, `episode_number`, `title`, `duration`, `status`, `play_count`, `created_at`, `updated_at`, `has_sequel`, `short_id`, `access_key`, `like_count`, `dislike_count`, `favorite_count`) VALUES (2170, 2002, 11, '第11集：情深义重', 2753, 'published', 43515, '2025-08-06 07:59:20.000000', '2025-08-17 13:39:42.152861', 0, 'NjYnKUvpcUb', '395C79C57BF69528B42FBD88345FA361', 0, 0, 0);
INSERT INTO `episodes` (`id`, `series_id`, `episode_number`, `title`, `duration`, `status`, `play_count`, `created_at`, `updated_at`, `has_sequel`, `short_id`, `access_key`, `like_count`, `dislike_count`, `favorite_count`) VALUES (2171, 2002, 12, '第12集：背叛与原谅', 2667, 'published', 30434, '2025-08-06 07:59:20.000000', '2025-08-17 13:39:42.152861', 0, '3vaEjrpx6k4', 'AD4E11CC28B661B0C9E0BAF413FA4E32', 0, 0, 0);
INSERT INTO `episodes` (`id`, `series_id`, `episode_number`, `title`, `duration`, `status`, `play_count`, `created_at`, `updated_at`, `has_sequel`, `short_id`, `access_key`, `like_count`, `dislike_count`, `favorite_count`) VALUES (2172, 2002, 13, '第13集：天劫降临', 2958, 'published', 24880, '2025-08-06 07:59:20.000000', '2025-08-17 13:39:42.152861', 0, 'V6ZYsn5UcRT', '81F2768D6F9D41997BD93136AB6CF8B4', 0, 0, 0);
INSERT INTO `episodes` (`id`, `series_id`, `episode_number`, `title`, `duration`, `status`, `play_count`, `created_at`, `updated_at`, `has_sequel`, `short_id`, `access_key`, `like_count`, `dislike_count`, `favorite_count`) VALUES (2173, 2002, 14, '第14集：涅槃重生', 2631, 'published', 27642, '2025-08-06 07:59:20.000000', '2025-08-17 13:39:42.152861', 0, 'ZPPaaaQN2RP', '5EDE556E409EAE8D881D7B8732C6775F', 0, 0, 0);
INSERT INTO `episodes` (`id`, `series_id`, `episode_number`, `title`, `duration`, `status`, `play_count`, `created_at`, `updated_at`, `has_sequel`, `short_id`, `access_key`, `like_count`, `dislike_count`, `favorite_count`) VALUES (2174, 2002, 15, '第15集：仙魔恋情', 2863, 'published', 26892, '2025-08-06 07:59:20.000000', '2025-08-17 13:39:42.152861', 0, 'JaRpG6xgNuh', 'BA11AC63D3EE2BAFB905313DD52F720E', 0, 0, 0);
INSERT INTO `episodes` (`id`, `series_id`, `episode_number`, `title`, `duration`, `status`, `play_count`, `created_at`, `updated_at`, `has_sequel`, `short_id`, `access_key`, `like_count`, `dislike_count`, `favorite_count`) VALUES (2175, 2002, 16, '第16集：宗门危机', 2594, 'published', 28052, '2025-08-06 07:59:20.000000', '2025-08-17 13:39:42.152861', 0, 'eFMkvqT4TbZ', '1BF38E27BEAC94E7698E0C930D35F4F9', 0, 0, 0);
INSERT INTO `episodes` (`id`, `series_id`, `episode_number`, `title`, `duration`, `status`, `play_count`, `created_at`, `updated_at`, `has_sequel`, `short_id`, `access_key`, `like_count`, `dislike_count`, `favorite_count`) VALUES (2176, 2002, 17, '第17集：英雄救美', 2644, 'published', 42525, '2025-08-06 07:59:20.000000', '2025-08-17 13:39:42.152861', 0, 'qEgtTMtAzN3', '4C3B3416A856763D272E6DE533F60EDB', 0, 0, 0);
INSERT INTO `episodes` (`id`, `series_id`, `episode_number`, `title`, `duration`, `status`, `play_count`, `created_at`, `updated_at`, `has_sequel`, `short_id`, `access_key`, `like_count`, `dislike_count`, `favorite_count`) VALUES (2177, 2002, 18, '第18集：修为大进', 2469, 'published', 25233, '2025-08-06 07:59:20.000000', '2025-08-17 13:39:42.152861', 0, 'ZzmmbpR5wA9', 'A17B295C8F62E7B7A76B3F844099D07D', 0, 0, 0);
INSERT INTO `episodes` (`id`, `series_id`, `episode_number`, `title`, `duration`, `status`, `play_count`, `created_at`, `updated_at`, `has_sequel`, `short_id`, `access_key`, `like_count`, `dislike_count`, `favorite_count`) VALUES (2178, 2002, 19, '第19集：仙界震动', 2878, 'published', 29219, '2025-08-06 07:59:20.000000', '2025-08-17 13:39:42.152861', 0, 'Ck7raxdsY52', '7599BD146BAF774EDBE22E78E25B80BF', 0, 0, 0);
INSERT INTO `episodes` (`id`, `series_id`, `episode_number`, `title`, `duration`, `status`, `play_count`, `created_at`, `updated_at`, `has_sequel`, `short_id`, `access_key`, `like_count`, `dislike_count`, `favorite_count`) VALUES (2179, 2002, 20, '第20集：爱恨纠葛', 2743, 'published', 19311, '2025-08-06 07:59:20.000000', '2025-08-17 13:39:42.152861', 0, 'MfgUhA6kaz3', '41B418A48457A832D1325DC1CF6CBCC0', 0, 0, 0);
INSERT INTO `episodes` (`id`, `series_id`, `episode_number`, `title`, `duration`, `status`, `play_count`, `created_at`, `updated_at`, `has_sequel`, `short_id`, `access_key`, `like_count`, `dislike_count`, `favorite_count`) VALUES (2180, 2002, 21, '第21集：最终决战', 2829, 'published', 27668, '2025-08-06 07:59:20.000000', '2025-08-17 13:39:42.152861', 0, 'QFgdhYdzwAT', 'D72B2B00FB1510C751105E8DD7CF674E', 0, 0, 0);
INSERT INTO `episodes` (`id`, `series_id`, `episode_number`, `title`, `duration`, `status`, `play_count`, `created_at`, `updated_at`, `has_sequel`, `short_id`, `access_key`, `like_count`, `dislike_count`, `favorite_count`) VALUES (2181, 2002, 22, '第22集：牺牲与拯救', 2700, 'published', 44557, '2025-08-06 07:59:20.000000', '2025-08-17 13:39:42.152861', 0, 'FynCjPfRGbJ', 'FEF04497DE19197A6B22893E10DD0BB0', 0, 0, 0);
INSERT INTO `episodes` (`id`, `series_id`, `episode_number`, `title`, `duration`, `status`, `play_count`, `created_at`, `updated_at`, `has_sequel`, `short_id`, `access_key`, `like_count`, `dislike_count`, `favorite_count`) VALUES (2182, 2002, 23, '第23集：仙界和平', 2578, 'published', 8967, '2025-08-06 07:59:20.000000', '2025-08-17 13:39:42.152861', 0, 'dBDmfntUR5P', '1A9E40D6248B56E647A4E895801A9378', 0, 0, 0);
INSERT INTO `episodes` (`id`, `series_id`, `episode_number`, `title`, `duration`, `status`, `play_count`, `created_at`, `updated_at`, `has_sequel`, `short_id`, `access_key`, `like_count`, `dislike_count`, `favorite_count`) VALUES (2183, 2002, 24, '第24集：情定三生', 2442, 'published', 20080, '2025-08-06 07:59:20.000000', '2025-08-17 13:39:42.152861', 0, 'MPMdG4syCB3', '329C8CA785B0BF7CDB1578A4E85341F4', 0, 0, 0);
INSERT INTO `episodes` (`id`, `series_id`, `episode_number`, `title`, `duration`, `status`, `play_count`, `created_at`, `updated_at`, `has_sequel`, `short_id`, `access_key`, `like_count`, `dislike_count`, `favorite_count`) VALUES (2184, 2002, 25, '第25集：飞升成仙', 2579, 'published', 25122, '2025-08-06 07:59:20.000000', '2025-08-17 13:39:42.152861', 0, 'ShQYg82vcYf', '17AAD69B90DB016F170F689D994350DD', 0, 0, 0);
INSERT INTO `episodes` (`id`, `series_id`, `episode_number`, `title`, `duration`, `status`, `play_count`, `created_at`, `updated_at`, `has_sequel`, `short_id`, `access_key`, `like_count`, `dislike_count`, `favorite_count`) VALUES (2185, 2002, 26, '第26集：新的开始', 2584, 'published', 41686, '2025-08-06 07:59:20.000000', '2025-08-17 13:39:42.152861', 0, 'RjyjxJ9kZun', '0CBEEDEBD76FDA7EA01E2B6DC6EE968F', 0, 0, 0);
INSERT INTO `episodes` (`id`, `series_id`, `episode_number`, `title`, `duration`, `status`, `play_count`, `created_at`, `updated_at`, `has_sequel`, `short_id`, `access_key`, `like_count`, `dislike_count`, `favorite_count`) VALUES (2186, 2002, 27, '第27集：仙界新秩序', 2671, 'published', 30099, '2025-08-06 07:59:20.000000', '2025-08-17 13:39:42.152861', 0, '5X3Y7DARKQa', '75BB96AE1058D4CB0AE8ED21506DBCC1', 0, 0, 0);
INSERT INTO `episodes` (`id`, `series_id`, `episode_number`, `title`, `duration`, `status`, `play_count`, `created_at`, `updated_at`, `has_sequel`, `short_id`, `access_key`, `like_count`, `dislike_count`, `favorite_count`) VALUES (2187, 2002, 28, '第28集：传承衣钵', 2672, 'published', 29305, '2025-08-06 07:59:20.000000', '2025-08-17 13:39:42.152861', 0, 'AhHxqEqP2gK', '216D0B6D6BC9A7368EED7C6FB5684500', 0, 0, 0);
INSERT INTO `episodes` (`id`, `series_id`, `episode_number`, `title`, `duration`, `status`, `play_count`, `created_at`, `updated_at`, `has_sequel`, `short_id`, `access_key`, `like_count`, `dislike_count`, `favorite_count`) VALUES (2188, 2002, 29, '第29集：师父归来', 2450, 'published', 39802, '2025-08-06 07:59:20.000000', '2025-08-17 13:39:42.152861', 0, 'pnAJejvcKvf', 'F77ACD1347A3A2BC571BA6AAF67A778F', 0, 0, 0);
INSERT INTO `episodes` (`id`, `series_id`, `episode_number`, `title`, `duration`, `status`, `play_count`, `created_at`, `updated_at`, `has_sequel`, `short_id`, `access_key`, `like_count`, `dislike_count`, `favorite_count`) VALUES (2189, 2002, 30, '第30集：圆满结局', 2518, 'published', 23258, '2025-08-06 07:59:20.000000', '2025-08-17 13:39:42.152861', 0, 'bg384TzwtXv', '63C6DA47D171E662CCF1B34D86BC59FA', 0, 0, 0);
INSERT INTO `episodes` (`id`, `series_id`, `episode_number`, `title`, `duration`, `status`, `play_count`, `created_at`, `updated_at`, `has_sequel`, `short_id`, `access_key`, `like_count`, `dislike_count`, `favorite_count`) VALUES (2190, 2003, 1, '第1集：神秘案件', 3136, 'published', 24483, '2025-08-06 07:59:20.000000', '2025-08-17 13:39:42.152861', 0, 'Q9QjYZHHHx9', '7D13F47B9947D6283CA56DE876006A36', 0, 0, 0);
INSERT INTO `episodes` (`id`, `series_id`, `episode_number`, `title`, `duration`, `status`, `play_count`, `created_at`, `updated_at`, `has_sequel`, `short_id`, `access_key`, `like_count`, `dislike_count`, `favorite_count`) VALUES (2191, 2003, 2, '第2集：初步调查', 3215, 'published', 33281, '2025-08-06 07:59:20.000000', '2025-08-17 13:39:42.152861', 0, 'HhfBS9k32Nt', 'A4B2D0418735A9B84CEB305C0986497E', 0, 0, 0);
INSERT INTO `episodes` (`id`, `series_id`, `episode_number`, `title`, `duration`, `status`, `play_count`, `created_at`, `updated_at`, `has_sequel`, `short_id`, `access_key`, `like_count`, `dislike_count`, `favorite_count`) VALUES (2192, 2003, 3, '第3集：线索浮现', 3596, 'published', 33120, '2025-08-06 07:59:20.000000', '2025-08-17 13:39:42.152861', 0, 'NUV5MutS9PZ', '0054046BF6DFD27EDF75030930B7508C', 0, 0, 0);
INSERT INTO `episodes` (`id`, `series_id`, `episode_number`, `title`, `duration`, `status`, `play_count`, `created_at`, `updated_at`, `has_sequel`, `short_id`, `access_key`, `like_count`, `dislike_count`, `favorite_count`) VALUES (2193, 2003, 4, '第4集：嫌疑人现身', 3195, 'published', 29288, '2025-08-06 07:59:20.000000', '2025-08-17 13:39:42.152861', 0, 'fH7bgRfszBX', '5C61D09C5B755DD6CD84E37DB1DD4A92', 0, 0, 0);
INSERT INTO `episodes` (`id`, `series_id`, `episode_number`, `title`, `duration`, `status`, `play_count`, `created_at`, `updated_at`, `has_sequel`, `short_id`, `access_key`, `like_count`, `dislike_count`, `favorite_count`) VALUES (2194, 2003, 5, '第5集：真相迷雾', 3205, 'published', 23009, '2025-08-06 07:59:20.000000', '2025-08-17 13:39:42.152861', 0, 'KyhwErMN3TT', '843ACA11F16E077C42F4DCF2EA1FD351', 0, 0, 0);
INSERT INTO `episodes` (`id`, `series_id`, `episode_number`, `title`, `duration`, `status`, `play_count`, `created_at`, `updated_at`, `has_sequel`, `short_id`, `access_key`, `like_count`, `dislike_count`, `favorite_count`) VALUES (2195, 2003, 6, '第6集：关键证据', 3562, 'published', 16861, '2025-08-06 07:59:20.000000', '2025-08-17 13:39:42.152861', 0, '4kxXB5hPSEF', '75347B1A92A15C3B7AB708EB0289D82C', 0, 0, 0);
INSERT INTO `episodes` (`id`, `series_id`, `episode_number`, `title`, `duration`, `status`, `play_count`, `created_at`, `updated_at`, `has_sequel`, `short_id`, `access_key`, `like_count`, `dislike_count`, `favorite_count`) VALUES (2196, 2003, 7, '第7集：意外发现', 3387, 'published', 5742, '2025-08-06 07:59:20.000000', '2025-08-17 13:39:42.152861', 0, 'Wudz2TRZWxx', '64392DEF65BA0459938F86D75F17ABDD', 0, 0, 0);
INSERT INTO `episodes` (`id`, `series_id`, `episode_number`, `title`, `duration`, `status`, `play_count`, `created_at`, `updated_at`, `has_sequel`, `short_id`, `access_key`, `like_count`, `dislike_count`, `favorite_count`) VALUES (2197, 2003, 8, '第8集：案情反转', 3186, 'published', 32353, '2025-08-06 07:59:20.000000', '2025-08-17 13:39:42.152861', 0, 'KQUHBAtDsdW', 'B142371E28556B1678366C76D22E4B34', 0, 0, 0);
INSERT INTO `episodes` (`id`, `series_id`, `episode_number`, `title`, `duration`, `status`, `play_count`, `created_at`, `updated_at`, `has_sequel`, `short_id`, `access_key`, `like_count`, `dislike_count`, `favorite_count`) VALUES (2198, 2003, 9, '第9集：幕后黑手', 3073, 'published', 30431, '2025-08-06 07:59:20.000000', '2025-08-17 13:39:42.152861', 0, 'G4gfj4Emy6a', 'F25FED66EE64AB8B947A04CBB61C28B1', 0, 0, 0);
INSERT INTO `episodes` (`id`, `series_id`, `episode_number`, `title`, `duration`, `status`, `play_count`, `created_at`, `updated_at`, `has_sequel`, `short_id`, `access_key`, `like_count`, `dislike_count`, `favorite_count`) VALUES (2199, 2003, 10, '第10集：最终揭秘', 3043, 'published', 16315, '2025-08-06 07:59:20.000000', '2025-08-17 13:39:42.152861', 0, 'Z8DmjNmPv5M', '4DBC2A3FEC76385E3A30917EF02F4979', 0, 0, 0);
INSERT INTO `episodes` (`id`, `series_id`, `episode_number`, `title`, `duration`, `status`, `play_count`, `created_at`, `updated_at`, `has_sequel`, `short_id`, `access_key`, `like_count`, `dislike_count`, `favorite_count`) VALUES (2200, 2003, 11, '第11集：正义伸张', 3409, 'published', 5558, '2025-08-06 07:59:20.000000', '2025-08-17 13:39:42.152861', 0, 'P8sAqbPgScn', '2BD3340CA973247D9F96999ACBFD202F', 0, 0, 0);
INSERT INTO `episodes` (`id`, `series_id`, `episode_number`, `title`, `duration`, `status`, `play_count`, `created_at`, `updated_at`, `has_sequel`, `short_id`, `access_key`, `like_count`, `dislike_count`, `favorite_count`) VALUES (2201, 2003, 12, '第12集：尾声', 3506, 'published', 26646, '2025-08-06 07:59:20.000000', '2025-08-17 13:39:42.152861', 0, 'JZPp2rgGQRE', '524CC32F42C8FB4166BB142217BEBB4A', 0, 0, 0);
INSERT INTO `episodes` (`id`, `series_id`, `episode_number`, `title`, `duration`, `status`, `play_count`, `created_at`, `updated_at`, `has_sequel`, `short_id`, `access_key`, `like_count`, `dislike_count`, `favorite_count`) VALUES (2202, 2005, 1, '保留剧集1', 18009, 'published', 0, '2025-08-28 17:17:25.130753', '2025-09-05 15:52:48.000000', 0, '5d2HJZ2vWPc', '27028c308705773f2733c96ca36185c3', 0, 0, 0);
INSERT INTO `episodes` (`id`, `series_id`, `episode_number`, `title`, `duration`, `status`, `play_count`, `created_at`, `updated_at`, `has_sequel`, `short_id`, `access_key`, `like_count`, `dislike_count`, `favorite_count`) VALUES (2203, 2006, 1, '测试第1集', 1800, 'published', 0, '2025-08-28 17:17:53.274459', '2025-08-28 17:17:53.274459', 0, 'PkDxePjxJMb', '55ccb4def5f195cc93736341500178a9', 0, 0, 0);
INSERT INTO `episodes` (`id`, `series_id`, `episode_number`, `title`, `duration`, `status`, `play_count`, `created_at`, `updated_at`, `has_sequel`, `short_id`, `access_key`, `like_count`, `dislike_count`, `favorite_count`) VALUES (2204, 2007, 1, '测试第1集', 1800, 'published', 0, '2025-08-28 17:17:53.291819', '2025-08-28 17:17:53.291819', 0, 'aJCXavBXHsr', '4a3e7a79ae6f74c2c21ab11a8f8cfd56', 0, 0, 0);
INSERT INTO `episodes` (`id`, `series_id`, `episode_number`, `title`, `duration`, `status`, `play_count`, `created_at`, `updated_at`, `has_sequel`, `short_id`, `access_key`, `like_count`, `dislike_count`, `favorite_count`) VALUES (2217, 2005, 11, '新剧集11（简单URL）', 0, 'published', 0, '2025-08-28 17:41:07.920032', '2025-08-28 17:41:07.920032', 0, '77an2tjmAN7', 'b4cacfe15e08240370c1018168572d10', 0, 0, 0);
INSERT INTO `episodes` (`id`, `series_id`, `episode_number`, `title`, `duration`, `status`, `play_count`, `created_at`, `updated_at`, `has_sequel`, `short_id`, `access_key`, `like_count`, `dislike_count`, `favorite_count`) VALUES (2218, 2008, 1, '更新后的第1集标题', 1800, 'published', 0, '2025-08-30 15:26:36.617413', '2025-08-30 16:02:05.000000', 0, 'AhthHatmr7M', 'a5464db2a9fdceccbe3dcb6365bd3125', 0, 0, 0);
INSERT INTO `episodes` (`id`, `series_id`, `episode_number`, `title`, `duration`, `status`, `play_count`, `created_at`, `updated_at`, `has_sequel`, `short_id`, `access_key`, `like_count`, `dislike_count`, `favorite_count`) VALUES (2220, 2009, 1, '系列A第1集', 1800, 'published', 0, '2025-08-30 15:27:52.200340', '2025-08-30 15:27:52.200340', 0, 'yyxJv6h9XZH', 'c321cdc68f654b6f42cb19a0c4ab87fb', 0, 0, 0);
INSERT INTO `episodes` (`id`, `series_id`, `episode_number`, `title`, `duration`, `status`, `play_count`, `created_at`, `updated_at`, `has_sequel`, `short_id`, `access_key`, `like_count`, `dislike_count`, `favorite_count`) VALUES (2221, 2010, 1, '系列B第1集', 1800, 'published', 0, '2025-08-30 15:27:52.222936', '2025-08-30 15:27:52.222936', 0, 'R8P3hkWWVnh', '01bf4c4cda0380ec59f269110e285a47', 0, 0, 0);
INSERT INTO `episodes` (`id`, `series_id`, `episode_number`, `title`, `duration`, `status`, `play_count`, `created_at`, `updated_at`, `has_sequel`, `short_id`, `access_key`, `like_count`, `dislike_count`, `favorite_count`) VALUES (2222, 2008, 3, '新增第3集', 1800, 'published', 0, '2025-08-30 15:27:53.273187', '2025-08-30 15:27:53.273187', 0, 'dk2FvCCy9Aa', 'b8b926838d8906947ec3208c83750106', 0, 0, 0);
INSERT INTO `episodes` (`id`, `series_id`, `episode_number`, `title`, `duration`, `status`, `play_count`, `created_at`, `updated_at`, `has_sequel`, `short_id`, `access_key`, `like_count`, `dislike_count`, `favorite_count`) VALUES (2224, 2011, 1, '第1集', 1800, 'published', 0, '2025-08-30 15:34:23.613995', '2025-08-30 15:34:23.613995', 0, '6Z5EsN5xWjb', '155f3993c4b258789f5e84cc8696aec8', 0, 0, 0);
INSERT INTO `episodes` (`id`, `series_id`, `episode_number`, `title`, `duration`, `status`, `play_count`, `created_at`, `updated_at`, `has_sequel`, `short_id`, `access_key`, `like_count`, `dislike_count`, `favorite_count`) VALUES (2227, 2012, 1, 'E1', 1000, 'published', 0, '2025-08-30 15:41:37.044098', '2025-08-30 15:41:37.044098', 0, 'JtBzJUtgU6z', '8941c487627ec8b3237f50ee9c1ab080', 0, 0, 0);
INSERT INTO `episodes` (`id`, `series_id`, `episode_number`, `title`, `duration`, `status`, `play_count`, `created_at`, `updated_at`, `has_sequel`, `short_id`, `access_key`, `like_count`, `dislike_count`, `favorite_count`) VALUES (2228, 2013, 1, '第1集', 0, 'published', 0, '2025-08-30 15:41:37.067371', '2025-08-30 15:41:37.067371', 0, 'K3kG9n2MNkP', 'f4736e95e70b7f51aff9f58414cb3557', 0, 0, 0);
INSERT INTO `episodes` (`id`, `series_id`, `episode_number`, `title`, `duration`, `status`, `play_count`, `created_at`, `updated_at`, `has_sequel`, `short_id`, `access_key`, `like_count`, `dislike_count`, `favorite_count`) VALUES (2234, 2014, 1, '第1集：开始（修订）', 1800, 'published', 0, '2025-09-01 15:02:55.122833', '2025-09-01 15:02:57.000000', 0, 'FRUjaZhH7ZG', 'b8922f50d2f418334298d42680abcff7', 0, 0, 0);
INSERT INTO `episodes` (`id`, `series_id`, `episode_number`, `title`, `duration`, `status`, `play_count`, `created_at`, `updated_at`, `has_sequel`, `short_id`, `access_key`, `like_count`, `dislike_count`, `favorite_count`) VALUES (2235, 2014, 2, '第2集：发展', 1780, 'published', 0, '2025-09-01 15:02:55.136481', '2025-09-01 15:02:55.136481', 0, 'aM4kvFjFMvz', '2d5f1082e68b563ac9b6dcf886307ae4', 0, 0, 0);
INSERT INTO `episodes` (`id`, `series_id`, `episode_number`, `title`, `duration`, `status`, `play_count`, `created_at`, `updated_at`, `has_sequel`, `short_id`, `access_key`, `like_count`, `dislike_count`, `favorite_count`) VALUES (2236, 2015, 1, 'A-第1集', 1500, 'published', 0, '2025-09-01 15:02:56.184268', '2025-09-01 15:02:56.184268', 0, 'tSDPmWCQNAq', '6f62035a5292bf09b85433377648041c', 0, 0, 0);
INSERT INTO `episodes` (`id`, `series_id`, `episode_number`, `title`, `duration`, `status`, `play_count`, `created_at`, `updated_at`, `has_sequel`, `short_id`, `access_key`, `like_count`, `dislike_count`, `favorite_count`) VALUES (2237, 2016, 1, 'B-第1集', 1600, 'published', 0, '2025-09-01 15:02:56.210649', '2025-09-01 15:02:56.210649', 0, 'TPSTbYJh2jY', '550cb3cbff05da7d4cf99850f303d2de', 0, 0, 0);
INSERT INTO `episodes` (`id`, `series_id`, `episode_number`, `title`, `duration`, `status`, `play_count`, `created_at`, `updated_at`, `has_sequel`, `short_id`, `access_key`, `like_count`, `dislike_count`, `favorite_count`) VALUES (2238, 2014, 3, '第3集：新的开始', 1500, 'published', 0, '2025-09-01 15:02:57.266666', '2025-09-01 15:02:57.266666', 0, 'eH6R4egWVHE', '0807634aaa3c9093952a21df2e68fe1d', 0, 0, 0);
INSERT INTO `episodes` (`id`, `series_id`, `episode_number`, `title`, `duration`, `status`, `play_count`, `created_at`, `updated_at`, `has_sequel`, `short_id`, `access_key`, `like_count`, `dislike_count`, `favorite_count`) VALUES (2239, 2017, 1, '第1集：测试开始', 1800, 'published', 0, '2025-09-09 15:59:17.482908', '2025-09-09 15:59:17.482908', 0, 'DcfGDSBx6v6', '55fbe9cf73911ca7ef7fc863d7950ee5', 0, 0, 0);
INSERT INTO `episodes` (`id`, `series_id`, `episode_number`, `title`, `duration`, `status`, `play_count`, `created_at`, `updated_at`, `has_sequel`, `short_id`, `access_key`, `like_count`, `dislike_count`, `favorite_count`) VALUES (2240, 2023, 1, '第1集 起风了', 1800, 'published', 0, '2025-09-11 05:36:53.395345', '2025-09-11 05:36:53.395345', 0, 'KDkv2NFtJF3', '2d5582201c6a720b846cd4f9da0edb20', 0, 0, 0);
INSERT INTO `episodes` (`id`, `series_id`, `episode_number`, `title`, `duration`, `status`, `play_count`, `created_at`, `updated_at`, `has_sequel`, `short_id`, `access_key`, `like_count`, `dislike_count`, `favorite_count`) VALUES (2241, 2023, 2, '第2集 心动信号', 1820, 'published', 0, '2025-09-11 05:36:53.409677', '2025-09-11 05:36:53.409677', 0, 'DfrRuY8CGZt', '38078404b7157a70bb1cca43d739aaa8', 0, 0, 0);
INSERT INTO `episodes` (`id`, `series_id`, `episode_number`, `title`, `duration`, `status`, `play_count`, `created_at`, `updated_at`, `has_sequel`, `short_id`, `access_key`, `like_count`, `dislike_count`, `favorite_count`) VALUES (2242, 2023, 3, '第3集 约定', 1750, 'published', 0, '2025-09-11 05:36:53.451080', '2025-09-11 05:36:53.451080', 0, 'DSMvRQQwuxz', '31d90adfc84593b5987837fc44d007e8', 0, 0, 0);
INSERT INTO `episodes` (`id`, `series_id`, `episode_number`, `title`, `duration`, `status`, `play_count`, `created_at`, `updated_at`, `has_sequel`, `short_id`, `access_key`, `like_count`, `dislike_count`, `favorite_count`) VALUES (2243, 2024, 1, '第1集 攻略', 1906, 'published', 0, '2025-09-11 05:41:40.578197', '2025-09-11 05:41:40.578197', 0, 'jg7WwxWgCdw', '9a0ab76c4e7261a6d3b1fd961131c52a', 0, 0, 0);
INSERT INTO `episodes` (`id`, `series_id`, `episode_number`, `title`, `duration`, `status`, `play_count`, `created_at`, `updated_at`, `has_sequel`, `short_id`, `access_key`, `like_count`, `dislike_count`, `favorite_count`) VALUES (2244, 2024, 2, '第2集 重启', 1321, 'published', 0, '2025-09-11 05:41:40.591139', '2025-09-11 05:41:40.591139', 0, 'g8yEAfKTYXx', '12dce77344f0349bab83be03d919b843', 0, 0, 0);
INSERT INTO `episodes` (`id`, `series_id`, `episode_number`, `title`, `duration`, `status`, `play_count`, `created_at`, `updated_at`, `has_sequel`, `short_id`, `access_key`, `like_count`, `dislike_count`, `favorite_count`) VALUES (2245, 2024, 3, '第3集 密语', 2064, 'published', 0, '2025-09-11 05:41:40.602701', '2025-09-11 05:41:40.602701', 0, 'ACKu5mMN2N7', '3fae70129f1e05b52d052643cc9c1d7b', 0, 0, 0);
INSERT INTO `episodes` (`id`, `series_id`, `episode_number`, `title`, `duration`, `status`, `play_count`, `created_at`, `updated_at`, `has_sequel`, `short_id`, `access_key`, `like_count`, `dislike_count`, `favorite_count`) VALUES (2246, 2025, 1, '第1集 恋曲', 2371, 'published', 0, '2025-09-11 05:41:40.637102', '2025-09-11 05:41:40.637102', 0, 'nwRgTY8BEF3', 'd23e8da8a3dd12c8a883b80a53af5969', 0, 0, 0);
INSERT INTO `episodes` (`id`, `series_id`, `episode_number`, `title`, `duration`, `status`, `play_count`, `created_at`, `updated_at`, `has_sequel`, `short_id`, `access_key`, `like_count`, `dislike_count`, `favorite_count`) VALUES (2247, 2025, 2, '第2集 攻略', 1622, 'published', 0, '2025-09-11 05:41:40.647152', '2025-09-11 05:41:40.647152', 0, 'a6ncT4EfRyz', '4bb51c09a6db55db50fa0507d68d357a', 0, 0, 0);
INSERT INTO `episodes` (`id`, `series_id`, `episode_number`, `title`, `duration`, `status`, `play_count`, `created_at`, `updated_at`, `has_sequel`, `short_id`, `access_key`, `like_count`, `dislike_count`, `favorite_count`) VALUES (2248, 2025, 3, '第3集 心跳', 1950, 'published', 0, '2025-09-11 05:41:40.656615', '2025-09-11 05:41:40.656615', 0, 'NrYS4PdWnm6', '308e6d0276574fde776f34b2d5dfa841', 0, 0, 0);
INSERT INTO `episodes` (`id`, `series_id`, `episode_number`, `title`, `duration`, `status`, `play_count`, `created_at`, `updated_at`, `has_sequel`, `short_id`, `access_key`, `like_count`, `dislike_count`, `favorite_count`) VALUES (2249, 2026, 1, '第1集 迷局', 2115, 'published', 0, '2025-09-11 05:41:41.238806', '2025-09-11 05:41:41.238806', 0, 'uz94nh2Xstr', '772e1ab8e8791ca3cc4b87e76e115f38', 0, 0, 0);
INSERT INTO `episodes` (`id`, `series_id`, `episode_number`, `title`, `duration`, `status`, `play_count`, `created_at`, `updated_at`, `has_sequel`, `short_id`, `access_key`, `like_count`, `dislike_count`, `favorite_count`) VALUES (2250, 2026, 2, '第2集 重启', 1991, 'published', 0, '2025-09-11 05:41:41.251882', '2025-09-11 05:41:41.251882', 0, '9mkKTKb33qW', '5694886e219299fd7394130e89982724', 0, 0, 0);
INSERT INTO `episodes` (`id`, `series_id`, `episode_number`, `title`, `duration`, `status`, `play_count`, `created_at`, `updated_at`, `has_sequel`, `short_id`, `access_key`, `like_count`, `dislike_count`, `favorite_count`) VALUES (2251, 2026, 3, '第3集 契约', 1270, 'published', 0, '2025-09-11 05:41:41.263631', '2025-09-11 05:41:41.263631', 0, 'NXPjG8YCp75', 'c90051eacb7805330e74b963df39e170', 0, 0, 0);
INSERT INTO `episodes` (`id`, `series_id`, `episode_number`, `title`, `duration`, `status`, `play_count`, `created_at`, `updated_at`, `has_sequel`, `short_id`, `access_key`, `like_count`, `dislike_count`, `favorite_count`) VALUES (2252, 2027, 1, '第1集 救赎', 2186, 'published', 0, '2025-09-11 05:41:41.301831', '2025-09-11 05:41:41.301831', 0, 'u3KCfpnGaUX', 'b5a1b14f69fdfb3b6923c0b01a3c605f', 0, 0, 0);
INSERT INTO `episodes` (`id`, `series_id`, `episode_number`, `title`, `duration`, `status`, `play_count`, `created_at`, `updated_at`, `has_sequel`, `short_id`, `access_key`, `like_count`, `dislike_count`, `favorite_count`) VALUES (2253, 2027, 2, '第2集 重启', 1462, 'published', 0, '2025-09-11 05:41:41.311901', '2025-09-11 05:41:41.311901', 0, 'CqMKAQZk92c', '7dfeb5de4469bb539c90587d7baf743b', 0, 0, 0);
INSERT INTO `episodes` (`id`, `series_id`, `episode_number`, `title`, `duration`, `status`, `play_count`, `created_at`, `updated_at`, `has_sequel`, `short_id`, `access_key`, `like_count`, `dislike_count`, `favorite_count`) VALUES (2254, 2027, 3, '第3集 风暴', 2333, 'published', 0, '2025-09-11 05:41:41.322677', '2025-09-11 05:41:41.322677', 0, 'FjPXu2j36SQ', 'e8db0b747f75183fd922e46c2c238fc7', 0, 0, 0);
INSERT INTO `episodes` (`id`, `series_id`, `episode_number`, `title`, `duration`, `status`, `play_count`, `created_at`, `updated_at`, `has_sequel`, `short_id`, `access_key`, `like_count`, `dislike_count`, `favorite_count`) VALUES (2255, 2028, 1, '第1集 契约', 1365, 'published', 0, '2025-09-11 05:41:41.880390', '2025-09-11 05:41:41.880390', 0, 'DXYaFJJfuhV', 'fa6ec43415baeb785e5b1e75bceb72a6', 0, 0, 0);
INSERT INTO `episodes` (`id`, `series_id`, `episode_number`, `title`, `duration`, `status`, `play_count`, `created_at`, `updated_at`, `has_sequel`, `short_id`, `access_key`, `like_count`, `dislike_count`, `favorite_count`) VALUES (2256, 2028, 2, '第2集 救赎', 1744, 'published', 0, '2025-09-11 05:41:41.891555', '2025-09-11 05:41:41.891555', 0, '9SXgUmRduYC', '89c4210cb5bb7696e90fb6f0512a96d2', 0, 0, 0);
INSERT INTO `episodes` (`id`, `series_id`, `episode_number`, `title`, `duration`, `status`, `play_count`, `created_at`, `updated_at`, `has_sequel`, `short_id`, `access_key`, `like_count`, `dislike_count`, `favorite_count`) VALUES (2257, 2028, 3, '第3集 契约', 2149, 'published', 0, '2025-09-11 05:41:41.902510', '2025-09-11 05:41:41.902510', 0, 'HRcESk3pntC', 'd3dd22330f52305794209a097f763a33', 0, 0, 0);
INSERT INTO `episodes` (`id`, `series_id`, `episode_number`, `title`, `duration`, `status`, `play_count`, `created_at`, `updated_at`, `has_sequel`, `short_id`, `access_key`, `like_count`, `dislike_count`, `favorite_count`) VALUES (2258, 2029, 1, '第1集：测试', 1800, 'published', 0, '2025-09-11 16:04:58.067964', '2025-09-11 16:04:58.067964', 0, 'hPGQvhb6XuK', '9c1487a17e5a3ba0adec3817b34da9f4', 0, 0, 0);
INSERT INTO `episodes` (`id`, `series_id`, `episode_number`, `title`, `duration`, `status`, `play_count`, `created_at`, `updated_at`, `has_sequel`, `short_id`, `access_key`, `like_count`, `dislike_count`, `favorite_count`) VALUES (2259, 2034, 1, '第1集：测试剧集', 2100, 'published', 0, '2025-09-14 05:31:19.000000', '2025-09-14 05:31:19.000000', 0, 'TestEp01', NULL, 0, 0, 0);
INSERT INTO `episodes` (`id`, `series_id`, `episode_number`, `title`, `duration`, `status`, `play_count`, `created_at`, `updated_at`, `has_sequel`, `short_id`, `access_key`, `like_count`, `dislike_count`, `favorite_count`) VALUES (2260, 2034, 2, '第2集：测试剧集', 2200, 'published', 0, '2025-09-14 05:31:19.000000', '2025-09-14 05:31:19.000000', 0, 'TestEp02', NULL, 0, 0, 0);
INSERT INTO `episodes` (`id`, `series_id`, `episode_number`, `title`, `duration`, `status`, `play_count`, `created_at`, `updated_at`, `has_sequel`, `short_id`, `access_key`, `like_count`, `dislike_count`, `favorite_count`) VALUES (2261, 2034, 3, '第3集：测试剧集', 2300, 'published', 0, '2025-09-14 05:31:19.000000', '2025-09-14 05:31:19.000000', 0, 'TestEp03', NULL, 0, 0, 0);
INSERT INTO `episodes` (`id`, `series_id`, `episode_number`, `title`, `duration`, `status`, `play_count`, `created_at`, `updated_at`, `has_sequel`, `short_id`, `access_key`, `like_count`, `dislike_count`, `favorite_count`) VALUES (2262, 2034, 4, '第4集：测试剧集', 2400, 'published', 0, '2025-09-14 05:31:19.000000', '2025-09-14 05:31:19.000000', 0, 'TestEp04', NULL, 0, 0, 0);
INSERT INTO `episodes` (`id`, `series_id`, `episode_number`, `title`, `duration`, `status`, `play_count`, `created_at`, `updated_at`, `has_sequel`, `short_id`, `access_key`, `like_count`, `dislike_count`, `favorite_count`) VALUES (2263, 2034, 5, '第5集：测试剧集', 2500, 'published', 0, '2025-09-14 05:31:19.000000', '2025-09-14 05:31:19.000000', 0, 'TestEp05', NULL, 0, 0, 0);
INSERT INTO `episodes` (`id`, `series_id`, `episode_number`, `title`, `duration`, `status`, `play_count`, `created_at`, `updated_at`, `has_sequel`, `short_id`, `access_key`, `like_count`, `dislike_count`, `favorite_count`) VALUES (2264, 2035, 1, 'ç¬¬1é›†', 1800, 'published', 0, '2025-09-14 07:58:24.000000', '2025-09-14 07:58:24.000000', 0, 'TzEp01', NULL, 0, 0, 0);
INSERT INTO `episodes` (`id`, `series_id`, `episode_number`, `title`, `duration`, `status`, `play_count`, `created_at`, `updated_at`, `has_sequel`, `short_id`, `access_key`, `like_count`, `dislike_count`, `favorite_count`) VALUES (2265, 2035, 2, 'ç¬¬2é›†', 1800, 'published', 0, '2025-09-14 07:58:24.000000', '2025-09-14 07:58:24.000000', 0, 'TzEp02', NULL, 0, 0, 0);
COMMIT;

-- ----------------------------
-- Table structure for filter_options
-- ----------------------------
DROP TABLE IF EXISTS `filter_options`;
CREATE TABLE `filter_options` (
  `id` int NOT NULL AUTO_INCREMENT,
  `filter_type_id` int NOT NULL COMMENT '筛选器类型ID',
  `name` varchar(100) CHARACTER SET utf8mb4 COLLATE utf8mb4_unicode_ci NOT NULL COMMENT '选项名称',
  `value` varchar(100) CHARACTER SET utf8mb4 COLLATE utf8mb4_unicode_ci DEFAULT NULL COMMENT '选项值',
  `is_default` tinyint(1) NOT NULL DEFAULT '0' COMMENT '是否默认选中',
  `is_active` tinyint(1) NOT NULL DEFAULT '1' COMMENT '是否启用',
  `sort_order` int NOT NULL DEFAULT '0' COMMENT '排序顺序',
  `created_at` datetime(6) NOT NULL DEFAULT CURRENT_TIMESTAMP(6) COMMENT '创建时间',
  `updated_at` datetime(6) NOT NULL DEFAULT CURRENT_TIMESTAMP(6) ON UPDATE CURRENT_TIMESTAMP(6) COMMENT '更新时间',
  `display_order` int NOT NULL DEFAULT '0' COMMENT '显示顺序（对应ids中的数字）',
  PRIMARY KEY (`id`) USING BTREE,
  KEY `FK_2c145bc2913ac7b99ffbafa02bd` (`filter_type_id`) USING BTREE,
  CONSTRAINT `FK_2c145bc2913ac7b99ffbafa02bd` FOREIGN KEY (`filter_type_id`) REFERENCES `filter_types` (`id`)
) ENGINE=InnoDB AUTO_INCREMENT=61 DEFAULT CHARSET=utf8mb4 COLLATE=utf8mb4_unicode_ci ROW_FORMAT=DYNAMIC;

-- ----------------------------
-- Records of filter_options
-- ----------------------------
BEGIN;
INSERT INTO `filter_options` (`id`, `filter_type_id`, `name`, `value`, `is_default`, `is_active`, `sort_order`, `created_at`, `updated_at`, `display_order`) VALUES (1, 1, '全部', 'all', 1, 1, 0, '2025-09-10 14:56:51.000000', '2025-09-12 15:51:17.376368', 0);
INSERT INTO `filter_options` (`id`, `filter_type_id`, `name`, `value`, `is_default`, `is_active`, `sort_order`, `created_at`, `updated_at`, `display_order`) VALUES (2, 1, '最近上传', 'latest', 0, 1, 1, '2025-09-10 14:56:51.000000', '2025-09-12 15:51:17.376368', 1);
INSERT INTO `filter_options` (`id`, `filter_type_id`, `name`, `value`, `is_default`, `is_active`, `sort_order`, `created_at`, `updated_at`, `display_order`) VALUES (4, 1, '人气最高', 'popular', 0, 1, 3, '2025-09-10 14:56:51.000000', '2025-09-12 15:54:16.740919', 2);
INSERT INTO `filter_options` (`id`, `filter_type_id`, `name`, `value`, `is_default`, `is_active`, `sort_order`, `created_at`, `updated_at`, `display_order`) VALUES (5, 1, '评分最高', 'rating', 0, 1, 4, '2025-09-10 14:56:51.000000', '2025-09-12 15:54:16.740919', 3);
INSERT INTO `filter_options` (`id`, `filter_type_id`, `name`, `value`, `is_default`, `is_active`, `sort_order`, `created_at`, `updated_at`, `display_order`) VALUES (11, 3, '全部地区', 'all', 1, 1, 0, '2025-09-10 14:56:51.000000', '2025-09-10 14:56:51.000000', 0);
INSERT INTO `filter_options` (`id`, `filter_type_id`, `name`, `value`, `is_default`, `is_active`, `sort_order`, `created_at`, `updated_at`, `display_order`) VALUES (12, 3, '大陆', 'mainland', 0, 1, 1, '2025-09-10 14:56:51.000000', '2025-09-10 14:56:51.000000', 1);
INSERT INTO `filter_options` (`id`, `filter_type_id`, `name`, `value`, `is_default`, `is_active`, `sort_order`, `created_at`, `updated_at`, `display_order`) VALUES (13, 3, '香港', 'hongkong', 0, 1, 2, '2025-09-10 14:56:51.000000', '2025-09-10 14:56:51.000000', 2);
INSERT INTO `filter_options` (`id`, `filter_type_id`, `name`, `value`, `is_default`, `is_active`, `sort_order`, `created_at`, `updated_at`, `display_order`) VALUES (14, 3, '台湾', 'taiwan', 0, 1, 3, '2025-09-10 14:56:51.000000', '2025-09-10 14:56:51.000000', 3);
INSERT INTO `filter_options` (`id`, `filter_type_id`, `name`, `value`, `is_default`, `is_active`, `sort_order`, `created_at`, `updated_at`, `display_order`) VALUES (15, 3, '日本', 'japan', 0, 1, 4, '2025-09-10 14:56:51.000000', '2025-09-10 14:56:51.000000', 4);
INSERT INTO `filter_options` (`id`, `filter_type_id`, `name`, `value`, `is_default`, `is_active`, `sort_order`, `created_at`, `updated_at`, `display_order`) VALUES (16, 3, '韩国', 'korea', 0, 1, 5, '2025-09-10 14:56:51.000000', '2025-09-10 14:56:51.000000', 5);
INSERT INTO `filter_options` (`id`, `filter_type_id`, `name`, `value`, `is_default`, `is_active`, `sort_order`, `created_at`, `updated_at`, `display_order`) VALUES (17, 3, '美国', 'usa', 0, 1, 6, '2025-09-10 14:56:51.000000', '2025-09-10 14:56:51.000000', 6);
INSERT INTO `filter_options` (`id`, `filter_type_id`, `name`, `value`, `is_default`, `is_active`, `sort_order`, `created_at`, `updated_at`, `display_order`) VALUES (18, 3, '新加坡', 'singapore', 0, 1, 7, '2025-09-10 14:56:51.000000', '2025-09-10 14:56:51.000000', 7);
INSERT INTO `filter_options` (`id`, `filter_type_id`, `name`, `value`, `is_default`, `is_active`, `sort_order`, `created_at`, `updated_at`, `display_order`) VALUES (19, 4, '全部语言', 'all', 1, 1, 0, '2025-09-10 14:56:51.000000', '2025-09-10 14:56:51.000000', 0);
INSERT INTO `filter_options` (`id`, `filter_type_id`, `name`, `value`, `is_default`, `is_active`, `sort_order`, `created_at`, `updated_at`, `display_order`) VALUES (20, 4, '国语', 'mandarin', 0, 1, 1, '2025-09-10 14:56:51.000000', '2025-09-10 14:56:51.000000', 1);
INSERT INTO `filter_options` (`id`, `filter_type_id`, `name`, `value`, `is_default`, `is_active`, `sort_order`, `created_at`, `updated_at`, `display_order`) VALUES (21, 4, '粤语', 'cantonese', 0, 1, 2, '2025-09-10 14:56:51.000000', '2025-09-10 14:56:51.000000', 2);
INSERT INTO `filter_options` (`id`, `filter_type_id`, `name`, `value`, `is_default`, `is_active`, `sort_order`, `created_at`, `updated_at`, `display_order`) VALUES (22, 4, '英语', 'english', 0, 1, 3, '2025-09-10 14:56:51.000000', '2025-09-10 14:56:51.000000', 3);
INSERT INTO `filter_options` (`id`, `filter_type_id`, `name`, `value`, `is_default`, `is_active`, `sort_order`, `created_at`, `updated_at`, `display_order`) VALUES (23, 4, '韩语', 'korean', 0, 1, 4, '2025-09-10 14:56:51.000000', '2025-09-10 14:56:51.000000', 4);
INSERT INTO `filter_options` (`id`, `filter_type_id`, `name`, `value`, `is_default`, `is_active`, `sort_order`, `created_at`, `updated_at`, `display_order`) VALUES (24, 4, '马来语', 'malay', 0, 1, 5, '2025-09-10 14:56:51.000000', '2025-09-10 14:56:51.000000', 5);
INSERT INTO `filter_options` (`id`, `filter_type_id`, `name`, `value`, `is_default`, `is_active`, `sort_order`, `created_at`, `updated_at`, `display_order`) VALUES (25, 5, '全部年份', 'all', 1, 1, 0, '2025-09-10 14:56:51.000000', '2025-09-10 14:56:51.000000', 0);
INSERT INTO `filter_options` (`id`, `filter_type_id`, `name`, `value`, `is_default`, `is_active`, `sort_order`, `created_at`, `updated_at`, `display_order`) VALUES (26, 5, '2025年', '2025', 0, 1, 1, '2025-09-10 14:56:51.000000', '2025-09-10 14:56:51.000000', 1);
INSERT INTO `filter_options` (`id`, `filter_type_id`, `name`, `value`, `is_default`, `is_active`, `sort_order`, `created_at`, `updated_at`, `display_order`) VALUES (27, 5, '去年', '2024', 0, 1, 2, '2025-09-10 14:56:51.000000', '2025-09-10 14:56:51.000000', 2);
INSERT INTO `filter_options` (`id`, `filter_type_id`, `name`, `value`, `is_default`, `is_active`, `sort_order`, `created_at`, `updated_at`, `display_order`) VALUES (28, 5, '前年', '2023', 0, 1, 3, '2025-09-10 14:56:51.000000', '2025-09-10 14:56:51.000000', 3);
INSERT INTO `filter_options` (`id`, `filter_type_id`, `name`, `value`, `is_default`, `is_active`, `sort_order`, `created_at`, `updated_at`, `display_order`) VALUES (29, 5, '更早', 'earlier', 0, 1, 4, '2025-09-10 14:56:51.000000', '2025-09-10 14:56:51.000000', 4);
INSERT INTO `filter_options` (`id`, `filter_type_id`, `name`, `value`, `is_default`, `is_active`, `sort_order`, `created_at`, `updated_at`, `display_order`) VALUES (30, 5, '90年代', '1990s', 0, 1, 5, '2025-09-10 14:56:51.000000', '2025-09-10 14:56:51.000000', 5);
INSERT INTO `filter_options` (`id`, `filter_type_id`, `name`, `value`, `is_default`, `is_active`, `sort_order`, `created_at`, `updated_at`, `display_order`) VALUES (31, 5, '2026年', '2026', 0, 1, 6, '2025-09-10 14:56:51.000000', '2025-09-10 14:56:51.000000', 6);
INSERT INTO `filter_options` (`id`, `filter_type_id`, `name`, `value`, `is_default`, `is_active`, `sort_order`, `created_at`, `updated_at`, `display_order`) VALUES (32, 6, '全部状态', 'all', 1, 1, 0, '2025-09-10 14:56:51.000000', '2025-09-10 14:56:51.000000', 0);
INSERT INTO `filter_options` (`id`, `filter_type_id`, `name`, `value`, `is_default`, `is_active`, `sort_order`, `created_at`, `updated_at`, `display_order`) VALUES (33, 6, '已完结', 'complete', 0, 1, 1, '2025-09-10 14:56:51.000000', '2025-09-10 16:01:44.393332', 1);
INSERT INTO `filter_options` (`id`, `filter_type_id`, `name`, `value`, `is_default`, `is_active`, `sort_order`, `created_at`, `updated_at`, `display_order`) VALUES (34, 6, '连载中', 'ongoing', 0, 1, 2, '2025-09-10 14:56:51.000000', '2025-09-10 14:56:51.000000', 2);
INSERT INTO `filter_options` (`id`, `filter_type_id`, `name`, `value`, `is_default`, `is_active`, `sort_order`, `created_at`, `updated_at`, `display_order`) VALUES (35, 6, '预告中', 'preview', 0, 1, 3, '2025-09-10 14:56:51.000000', '2025-09-10 14:56:51.000000', 3);
INSERT INTO `filter_options` (`id`, `filter_type_id`, `name`, `value`, `is_default`, `is_active`, `sort_order`, `created_at`, `updated_at`, `display_order`) VALUES (36, 5, '2025', '2025', 0, 1, 7, '2025-09-11 05:36:53.373789', '2025-09-11 05:36:53.373789', 7);
INSERT INTO `filter_options` (`id`, `filter_type_id`, `name`, `value`, `is_default`, `is_active`, `sort_order`, `created_at`, `updated_at`, `display_order`) VALUES (37, 5, '2019', '2019', 0, 1, 8, '2025-09-11 05:41:40.626437', '2025-09-11 05:41:40.626437', 8);
INSERT INTO `filter_options` (`id`, `filter_type_id`, `name`, `value`, `is_default`, `is_active`, `sort_order`, `created_at`, `updated_at`, `display_order`) VALUES (38, 3, '泰国', '泰国', 0, 1, 8, '2025-09-11 05:41:41.202958', '2025-09-11 05:41:41.202958', 8);
INSERT INTO `filter_options` (`id`, `filter_type_id`, `name`, `value`, `is_default`, `is_active`, `sort_order`, `created_at`, `updated_at`, `display_order`) VALUES (39, 4, '泰语', '泰语', 0, 1, 6, '2025-09-11 05:41:41.214672', '2025-09-11 05:41:41.214672', 6);
INSERT INTO `filter_options` (`id`, `filter_type_id`, `name`, `value`, `is_default`, `is_active`, `sort_order`, `created_at`, `updated_at`, `display_order`) VALUES (40, 5, '2021', '2021', 0, 1, 9, '2025-09-11 05:41:41.225537', '2025-09-11 05:41:41.225537', 9);
INSERT INTO `filter_options` (`id`, `filter_type_id`, `name`, `value`, `is_default`, `is_active`, `sort_order`, `created_at`, `updated_at`, `display_order`) VALUES (41, 4, '日语', '日语', 0, 1, 7, '2025-09-11 05:41:41.286352', '2025-09-11 05:41:41.286352', 7);
INSERT INTO `filter_options` (`id`, `filter_type_id`, `name`, `value`, `is_default`, `is_active`, `sort_order`, `created_at`, `updated_at`, `display_order`) VALUES (42, 3, '印度', '印度', 0, 1, 9, '2025-09-11 05:41:41.854962', '2025-09-11 05:41:41.854962', 9);
INSERT INTO `filter_options` (`id`, `filter_type_id`, `name`, `value`, `is_default`, `is_active`, `sort_order`, `created_at`, `updated_at`, `display_order`) VALUES (43, 5, '2024', '2024', 0, 1, 10, '2025-09-11 05:41:41.870301', '2025-09-11 05:41:41.870301', 10);
INSERT INTO `filter_options` (`id`, `filter_type_id`, `name`, `value`, `is_default`, `is_active`, `sort_order`, `created_at`, `updated_at`, `display_order`) VALUES (44, 2, '言情', 'yanqing', 0, 1, 1, '2025-09-11 13:07:29.606384', '2025-09-11 14:25:31.370495', 1);
INSERT INTO `filter_options` (`id`, `filter_type_id`, `name`, `value`, `is_default`, `is_active`, `sort_order`, `created_at`, `updated_at`, `display_order`) VALUES (45, 2, '玄幻', 'xuanhuan', 0, 1, 2, '2025-09-11 13:07:29.606384', '2025-09-11 14:25:31.375398', 2);
INSERT INTO `filter_options` (`id`, `filter_type_id`, `name`, `value`, `is_default`, `is_active`, `sort_order`, `created_at`, `updated_at`, `display_order`) VALUES (46, 2, '爱情', 'aiqing', 0, 1, 3, '2025-09-11 13:07:29.606384', '2025-09-11 14:25:31.376798', 3);
INSERT INTO `filter_options` (`id`, `filter_type_id`, `name`, `value`, `is_default`, `is_active`, `sort_order`, `created_at`, `updated_at`, `display_order`) VALUES (47, 2, '都市', 'dushi', 0, 1, 4, '2025-09-11 13:07:29.606384', '2025-09-11 14:25:31.378630', 4);
INSERT INTO `filter_options` (`id`, `filter_type_id`, `name`, `value`, `is_default`, `is_active`, `sort_order`, `created_at`, `updated_at`, `display_order`) VALUES (48, 2, '古风', 'gufeng', 0, 1, 5, '2025-09-11 13:07:29.606384', '2025-09-11 14:25:31.380493', 5);
INSERT INTO `filter_options` (`id`, `filter_type_id`, `name`, `value`, `is_default`, `is_active`, `sort_order`, `created_at`, `updated_at`, `display_order`) VALUES (49, 2, '校园', 'xiaoyuan', 0, 1, 6, '2025-09-11 13:07:29.606384', '2025-09-11 14:25:31.381847', 6);
INSERT INTO `filter_options` (`id`, `filter_type_id`, `name`, `value`, `is_default`, `is_active`, `sort_order`, `created_at`, `updated_at`, `display_order`) VALUES (50, 2, '职场', 'zhichang', 0, 1, 7, '2025-09-11 13:07:29.606384', '2025-09-11 14:25:31.383511', 7);
INSERT INTO `filter_options` (`id`, `filter_type_id`, `name`, `value`, `is_default`, `is_active`, `sort_order`, `created_at`, `updated_at`, `display_order`) VALUES (58, 2, '全部类型', '全部类型', 1, 1, 0, '2025-09-11 13:26:13.450005', '2025-09-11 13:29:30.282765', 0);
COMMIT;

-- ----------------------------
-- Table structure for filter_types
-- ----------------------------
DROP TABLE IF EXISTS `filter_types`;
CREATE TABLE `filter_types` (
  `id` int NOT NULL AUTO_INCREMENT,
  `name` varchar(50) CHARACTER SET utf8mb4 COLLATE utf8mb4_general_ci NOT NULL COMMENT '筛选器类型名称',
  `code` varchar(50) CHARACTER SET utf8mb4 COLLATE utf8mb4_general_ci NOT NULL COMMENT '筛选器类型代码',
  `index_position` int NOT NULL DEFAULT '0' COMMENT '在筛选器中的位置索引',
  `is_active` tinyint(1) NOT NULL DEFAULT '1' COMMENT '是否启用',
  `sort_order` int NOT NULL DEFAULT '0' COMMENT '排序顺序',
  `created_at` datetime(6) NOT NULL DEFAULT CURRENT_TIMESTAMP(6) COMMENT '创建时间',
  `updated_at` datetime(6) NOT NULL DEFAULT CURRENT_TIMESTAMP(6) ON UPDATE CURRENT_TIMESTAMP(6) COMMENT '更新时间',
  PRIMARY KEY (`id`) USING BTREE,
  UNIQUE KEY `IDX_a5b383d2e249a40efd45dde38b` (`code`) USING BTREE
) ENGINE=InnoDB AUTO_INCREMENT=8 DEFAULT CHARSET=utf8mb4 COLLATE=utf8mb4_general_ci ROW_FORMAT=DYNAMIC;

-- ----------------------------
-- Records of filter_types
-- ----------------------------
BEGIN;
INSERT INTO `filter_types` (`id`, `name`, `code`, `index_position`, `is_active`, `sort_order`, `created_at`, `updated_at`) VALUES (1, '类型', 'sort', 1, 1, 1, '2025-09-10 14:56:51.000000', '2025-09-12 15:52:58.958744');
INSERT INTO `filter_types` (`id`, `name`, `code`, `index_position`, `is_active`, `sort_order`, `created_at`, `updated_at`) VALUES (2, '题材', 'genre', 2, 1, 2, '2025-09-11 13:07:29.589618', '2025-09-11 13:29:46.640232');
INSERT INTO `filter_types` (`id`, `name`, `code`, `index_position`, `is_active`, `sort_order`, `created_at`, `updated_at`) VALUES (3, '地区', 'region', 3, 1, 3, '2025-09-10 14:56:51.000000', '2025-09-10 14:56:51.000000');
INSERT INTO `filter_types` (`id`, `name`, `code`, `index_position`, `is_active`, `sort_order`, `created_at`, `updated_at`) VALUES (4, '语言', 'language', 4, 1, 4, '2025-09-10 14:56:51.000000', '2025-09-10 14:56:51.000000');
INSERT INTO `filter_types` (`id`, `name`, `code`, `index_position`, `is_active`, `sort_order`, `created_at`, `updated_at`) VALUES (5, '年份', 'year', 5, 1, 5, '2025-09-10 14:56:51.000000', '2025-09-10 14:56:51.000000');
INSERT INTO `filter_types` (`id`, `name`, `code`, `index_position`, `is_active`, `sort_order`, `created_at`, `updated_at`) VALUES (6, '状态', 'status', 6, 1, 6, '2025-09-10 14:56:51.000000', '2025-09-10 14:56:51.000000');
COMMIT;

-- ----------------------------
-- Table structure for refresh_tokens
-- ----------------------------
DROP TABLE IF EXISTS `refresh_tokens`;
CREATE TABLE `refresh_tokens` (
  `id` int NOT NULL AUTO_INCREMENT,
  `user_id` bigint NOT NULL,
  `token` varchar(255) CHARACTER SET utf8mb4 COLLATE utf8mb4_general_ci NOT NULL,
  `expires_at` timestamp NOT NULL,
  `created_at` datetime(6) NOT NULL DEFAULT CURRENT_TIMESTAMP(6),
  `is_revoked` tinyint NOT NULL DEFAULT '0',
  `device_info` varchar(500) CHARACTER SET utf8mb4 COLLATE utf8mb4_general_ci DEFAULT NULL,
  `ip_address` varchar(45) CHARACTER SET utf8mb4 COLLATE utf8mb4_general_ci DEFAULT NULL,
  PRIMARY KEY (`id`) USING BTREE,
  UNIQUE KEY `IDX_4542dd2f38a61354a040ba9fd5` (`token`) USING BTREE,
  KEY `FK_3ddc983c5f7bcf132fd8732c3f4` (`user_id`) USING BTREE,
  CONSTRAINT `FK_3ddc983c5f7bcf132fd8732c3f4` FOREIGN KEY (`user_id`) REFERENCES `users` (`id`) ON DELETE CASCADE
) ENGINE=InnoDB AUTO_INCREMENT=60 DEFAULT CHARSET=utf8mb4 COLLATE=utf8mb4_general_ci ROW_FORMAT=DYNAMIC;

-- ----------------------------
-- Records of refresh_tokens
-- ----------------------------
BEGIN;
INSERT INTO `refresh_tokens` (`id`, `user_id`, `token`, `expires_at`, `created_at`, `is_revoked`, `device_info`, `ip_address`) VALUES (1, 7845078844, 'ab001062fbac9c89d2d12aa7a55623f03bccd67e78b014861304413d6388fdc4', '2025-08-13 17:00:47', '2025-08-06 09:00:46.672302', 0, 'dinghe987', NULL);
INSERT INTO `refresh_tokens` (`id`, `user_id`, `token`, `expires_at`, `created_at`, `is_revoked`, `device_info`, `ip_address`) VALUES (2, 7845078844, '377017b1cd4a13a56940da79e527e0b70e035e958e09db44c4fc62ce04c86248', '2025-08-15 16:55:11', '2025-08-08 08:55:11.038222', 0, 'dinghe987', NULL);
INSERT INTO `refresh_tokens` (`id`, `user_id`, `token`, `expires_at`, `created_at`, `is_revoked`, `device_info`, `ip_address`) VALUES (3, 7845078844, 'b2fd6d5f57ab2bbf78f0104054bc7c505aa1bf3dc53bb93e2e84b64e68f486d1', '2025-08-15 16:55:41', '2025-08-08 08:55:40.725265', 0, 'dinghe987', NULL);
INSERT INTO `refresh_tokens` (`id`, `user_id`, `token`, `expires_at`, `created_at`, `is_revoked`, `device_info`, `ip_address`) VALUES (4, 7845078844, 'c39c4175cf5044147e4281b52b13609d29882e306181714942f5499b8cc79d20', '2025-08-15 16:55:51', '2025-08-08 08:55:50.593406', 0, 'dinghe987', NULL);
INSERT INTO `refresh_tokens` (`id`, `user_id`, `token`, `expires_at`, `created_at`, `is_revoked`, `device_info`, `ip_address`) VALUES (6, 7845078844, '63bee3e8d48ac9906ac8766392be19e1ff82474fc688416b91ea0525c6e003d9', '2025-08-15 17:01:56', '2025-08-08 09:01:55.669598', 0, 'dinghe987', NULL);
INSERT INTO `refresh_tokens` (`id`, `user_id`, `token`, `expires_at`, `created_at`, `is_revoked`, `device_info`, `ip_address`) VALUES (7, 7845078844, '34e45c0a53cc17aadfc1f32500b92c1dbff7c6b4d429d716669e4dd0afe07ff1', '2025-08-15 17:02:17', '2025-08-08 09:02:17.507607', 0, 'dinghe987', NULL);
INSERT INTO `refresh_tokens` (`id`, `user_id`, `token`, `expires_at`, `created_at`, `is_revoked`, `device_info`, `ip_address`) VALUES (20, 7845078844, 'daabe68d806a3ca6f0daac5b5cbd589ae327b2c27aa97a369b23578a173591fe', '2025-08-20 10:39:46', '2025-08-13 02:39:46.460457', 0, 'dinghe987', NULL);
INSERT INTO `refresh_tokens` (`id`, `user_id`, `token`, `expires_at`, `created_at`, `is_revoked`, `device_info`, `ip_address`) VALUES (21, 7845078844, '113f7ba740210f2387fbcdc42b8d6e9be917c5dd41f5973fc27f9b80715f157d', '2025-08-20 10:40:34', '2025-08-13 02:40:33.951590', 0, 'dinghe987', NULL);
INSERT INTO `refresh_tokens` (`id`, `user_id`, `token`, `expires_at`, `created_at`, `is_revoked`, `device_info`, `ip_address`) VALUES (22, 7845078844, '6f5449ddd274180842bfa01dc6ef1c89028387d39080bc72b375823d2fe6be51', '2025-08-20 22:52:49', '2025-08-13 14:52:49.055807', 0, 'dinghe987', NULL);
INSERT INTO `refresh_tokens` (`id`, `user_id`, `token`, `expires_at`, `created_at`, `is_revoked`, `device_info`, `ip_address`) VALUES (24, 6702079700, '49f73ab35b62723d39286daff9421ebe29fef29ab7a3dab4a1761f9359cd87f6', '2025-08-21 00:56:26', '2025-08-13 16:56:25.894683', 0, 'seo99991', NULL);
INSERT INTO `refresh_tokens` (`id`, `user_id`, `token`, `expires_at`, `created_at`, `is_revoked`, `device_info`, `ip_address`) VALUES (25, 6702079700, '4e80a080be3d632c86e88a85860c87cf675d03678db939deae38d4180e3971c4', '2025-08-21 00:57:12', '2025-08-13 16:57:12.183142', 0, 'seo99991', NULL);
INSERT INTO `refresh_tokens` (`id`, `user_id`, `token`, `expires_at`, `created_at`, `is_revoked`, `device_info`, `ip_address`) VALUES (26, 6702079700, 'a9cae5f587ddda420d6dfa39f9c9af6b3793dd6f754153458512a0f04676495b', '2025-08-21 10:07:00', '2025-08-14 02:06:59.700742', 0, 'seo99991', NULL);
INSERT INTO `refresh_tokens` (`id`, `user_id`, `token`, `expires_at`, `created_at`, `is_revoked`, `device_info`, `ip_address`) VALUES (27, 6702079700, 'ea348952ba307e35e09a535ed4c9e069024ac2006f806ce6ec7ea38438d7b4b8', '2025-08-21 10:07:21', '2025-08-14 02:07:20.798053', 0, 'seo99991', NULL);
INSERT INTO `refresh_tokens` (`id`, `user_id`, `token`, `expires_at`, `created_at`, `is_revoked`, `device_info`, `ip_address`) VALUES (28, 6702079700, '4107cec4c529a4981e5cd46be49d57ed29a66e14c8d765cc2333d1599e067ba0', '2025-08-21 10:57:54', '2025-08-14 02:57:53.546014', 0, 'seo99991', NULL);
INSERT INTO `refresh_tokens` (`id`, `user_id`, `token`, `expires_at`, `created_at`, `is_revoked`, `device_info`, `ip_address`) VALUES (29, 6702079700, '3c73d51c4bc57472958c45cde34b5f1dbac05d2b6b5fa508ea6afb45aed70777', '2025-08-21 11:00:39', '2025-08-14 03:00:38.658662', 0, 'seo99991', NULL);
INSERT INTO `refresh_tokens` (`id`, `user_id`, `token`, `expires_at`, `created_at`, `is_revoked`, `device_info`, `ip_address`) VALUES (30, 6702079700, 'b9d75aec96bd278ced011d428d71e1aff35855c499975752700d99b9d2c08198', '2025-08-21 12:26:28', '2025-08-14 04:26:27.872316', 0, 'seo99991', NULL);
INSERT INTO `refresh_tokens` (`id`, `user_id`, `token`, `expires_at`, `created_at`, `is_revoked`, `device_info`, `ip_address`) VALUES (31, 6702079700, '5e4c8ffdf03fc207ce55bd2f20ad711713aee96345b406bd2db8932405807809', '2025-08-21 12:35:52', '2025-08-14 04:35:51.815063', 0, 'seo99991', NULL);
INSERT INTO `refresh_tokens` (`id`, `user_id`, `token`, `expires_at`, `created_at`, `is_revoked`, `device_info`, `ip_address`) VALUES (32, 6702079700, 'e001a7a3c74811f0a8fa16e7935ca91153119139bc027cb9096d08c70bcf82e5', '2025-08-21 14:24:41', '2025-08-14 06:24:41.466832', 0, 'seo99991', NULL);
INSERT INTO `refresh_tokens` (`id`, `user_id`, `token`, `expires_at`, `created_at`, `is_revoked`, `device_info`, `ip_address`) VALUES (33, 6702079700, '92b048db3089fa2e080a0fbdfbd996d2255a154ed9b451c830ba42c913ff6d1c', '2025-08-22 23:42:36', '2025-08-15 15:42:36.209178', 0, 'seo99991', NULL);
INSERT INTO `refresh_tokens` (`id`, `user_id`, `token`, `expires_at`, `created_at`, `is_revoked`, `device_info`, `ip_address`) VALUES (34, 7845078844, '3e00ac854cdecdfcf7e2d4c4205eece0535a55a2d66e3279857268fa38ddb844', '2025-08-23 10:41:25', '2025-08-16 02:41:24.684247', 0, 'dinghe987', NULL);
INSERT INTO `refresh_tokens` (`id`, `user_id`, `token`, `expires_at`, `created_at`, `is_revoked`, `device_info`, `ip_address`) VALUES (35, 6702079700, 'cd347a27907faf1e6d033c865ba4867534805e994f42edf47adce77fd2368f09', '2025-08-23 17:44:55', '2025-08-16 09:44:55.494031', 0, 'seo99991', NULL);
INSERT INTO `refresh_tokens` (`id`, `user_id`, `token`, `expires_at`, `created_at`, `is_revoked`, `device_info`, `ip_address`) VALUES (36, 6702079700, '7f0b3f3b906e532f721e32d045b0986844138ed83f0b2ac6ffce3addc6037c2b', '2025-08-25 13:45:09', '2025-08-18 05:45:09.475783', 0, 'seo99991', NULL);
INSERT INTO `refresh_tokens` (`id`, `user_id`, `token`, `expires_at`, `created_at`, `is_revoked`, `device_info`, `ip_address`) VALUES (37, 6702079700, '3cdd23ae8dfdeccc2853a2d08fcb4a367602ec095426d1305132e385ee4a7855', '2025-08-25 23:46:22', '2025-08-18 15:46:22.319940', 0, 'seo99991', NULL);
INSERT INTO `refresh_tokens` (`id`, `user_id`, `token`, `expires_at`, `created_at`, `is_revoked`, `device_info`, `ip_address`) VALUES (38, 6702079700, '47ea73cd655764105d8b29172d59abdf037a3159e5add22963b13a8f8d9cfc7d', '2025-08-26 13:16:21', '2025-08-19 05:16:20.934468', 0, 'seo99991', NULL);
INSERT INTO `refresh_tokens` (`id`, `user_id`, `token`, `expires_at`, `created_at`, `is_revoked`, `device_info`, `ip_address`) VALUES (39, 6702079700, '41b802fb6e011f9cac9deb38fa9932f14b6f9e192eb5ad4b9e3ab99efd72ee08', '2025-08-28 14:58:26', '2025-08-21 06:58:25.634641', 0, 'seo99991', NULL);
INSERT INTO `refresh_tokens` (`id`, `user_id`, `token`, `expires_at`, `created_at`, `is_revoked`, `device_info`, `ip_address`) VALUES (40, 6702079700, '27aa39350c3bfeba4d8353d0587b9f97adf3e4758ce1f370e3f56652a8465227', '2025-09-01 16:51:43', '2025-08-25 08:51:42.883605', 0, 'seo99991', NULL);
INSERT INTO `refresh_tokens` (`id`, `user_id`, `token`, `expires_at`, `created_at`, `is_revoked`, `device_info`, `ip_address`) VALUES (41, 6702079700, 'f1d638c5e1bc1b0cf8807c328df6e3e9958a180ce183f43845275a966538c9dc', '2025-09-01 16:52:35', '2025-08-25 08:52:35.349907', 0, 'seo99991', NULL);
INSERT INTO `refresh_tokens` (`id`, `user_id`, `token`, `expires_at`, `created_at`, `is_revoked`, `device_info`, `ip_address`) VALUES (42, 6702079700, '0b04c31fa67ec7e4c9e073dcbd88f3af8f32510707a030c60fab18bc9b9dcc10', '2025-09-01 16:53:46', '2025-08-25 08:53:46.219634', 0, 'seo99991', NULL);
INSERT INTO `refresh_tokens` (`id`, `user_id`, `token`, `expires_at`, `created_at`, `is_revoked`, `device_info`, `ip_address`) VALUES (43, 6702079700, 'c9b7b0b9fb180e491ac9334656d3239fb0a4f0b40dc9a70a2a68b57a0200e3d4', '2025-09-02 12:05:46', '2025-08-26 04:05:46.309237', 0, 'seo99991', NULL);
INSERT INTO `refresh_tokens` (`id`, `user_id`, `token`, `expires_at`, `created_at`, `is_revoked`, `device_info`, `ip_address`) VALUES (44, 6702079700, '5c73ce3974341e6166d515fc46560f31dc9c8c27a3b3de2c6bc6d6d89f91146b', '2025-09-02 12:31:44', '2025-08-26 04:31:43.780592', 0, 'seo99991', NULL);
INSERT INTO `refresh_tokens` (`id`, `user_id`, `token`, `expires_at`, `created_at`, `is_revoked`, `device_info`, `ip_address`) VALUES (45, 6702079700, '7adc4b141adbcd9617f9a3e10658eb8965e1a5590f0e559f2940c03027595e3c', '2025-09-02 12:34:29', '2025-08-26 04:34:28.825033', 0, 'seo99991', NULL);
INSERT INTO `refresh_tokens` (`id`, `user_id`, `token`, `expires_at`, `created_at`, `is_revoked`, `device_info`, `ip_address`) VALUES (46, 6702079700, 'f2008a3e15b2fabc4ccb1e11c79c0e554299966c6876f730688072fe84e45d77', '2025-09-02 12:43:54', '2025-08-26 04:43:53.909319', 0, 'seo99991', NULL);
INSERT INTO `refresh_tokens` (`id`, `user_id`, `token`, `expires_at`, `created_at`, `is_revoked`, `device_info`, `ip_address`) VALUES (47, 6702079700, '3f1e87f77214e73fd205d013d99a4173e56ba2b93c50ee4c1a240253e22ab29b', '2025-09-02 12:44:59', '2025-08-26 04:44:59.229916', 0, 'seo99991', NULL);
INSERT INTO `refresh_tokens` (`id`, `user_id`, `token`, `expires_at`, `created_at`, `is_revoked`, `device_info`, `ip_address`) VALUES (48, 6702079700, 'f9208da3f41c07650289d2b3030ece86511e1fd1f80ae68fc549d74b0dca7685', '2025-09-02 12:48:20', '2025-08-26 04:48:19.560846', 0, 'seo99991', NULL);
INSERT INTO `refresh_tokens` (`id`, `user_id`, `token`, `expires_at`, `created_at`, `is_revoked`, `device_info`, `ip_address`) VALUES (49, 6702079700, '4925a89d62bce6863968b0f1547eaf510d208aadfee815f1743a7b19a01d02c5', '2025-09-02 13:04:43', '2025-08-26 05:04:43.479061', 0, 'seo99991', NULL);
INSERT INTO `refresh_tokens` (`id`, `user_id`, `token`, `expires_at`, `created_at`, `is_revoked`, `device_info`, `ip_address`) VALUES (50, 6702079700, '8e0f85e3320a996cdfeae5fab132fa6710b1c5ec89b8afa0e75843fe37ac08c9', '2025-09-02 13:04:55', '2025-08-26 05:04:55.494761', 0, 'seo99991', NULL);
INSERT INTO `refresh_tokens` (`id`, `user_id`, `token`, `expires_at`, `created_at`, `is_revoked`, `device_info`, `ip_address`) VALUES (51, 6702079700, 'f5e22008c265d43064edafa4ba3482e3cde970dfc0df03e73cdb73829049b7cf', '2025-09-02 13:07:02', '2025-08-26 05:07:01.580657', 0, 'seo99991', NULL);
INSERT INTO `refresh_tokens` (`id`, `user_id`, `token`, `expires_at`, `created_at`, `is_revoked`, `device_info`, `ip_address`) VALUES (52, 6702079700, '76e91f2f742e670d2bb560cc2a25a63b0316951c7a0d60f7cec3aa7f0fae1af3', '2025-09-02 13:07:53', '2025-08-26 05:07:53.200231', 0, 'seo99991', NULL);
INSERT INTO `refresh_tokens` (`id`, `user_id`, `token`, `expires_at`, `created_at`, `is_revoked`, `device_info`, `ip_address`) VALUES (53, 6702079700, 'ecaf94e13fac8ed8b57ded096c46b0717d20aa067cf0d4158d7473caa13a8618', '2025-09-02 13:10:35', '2025-08-26 05:10:35.459071', 0, 'seo99991', NULL);
INSERT INTO `refresh_tokens` (`id`, `user_id`, `token`, `expires_at`, `created_at`, `is_revoked`, `device_info`, `ip_address`) VALUES (54, 6702079700, '38905e85ba20f229678912a6358896d56bcf9fd2227add1a35e26e8f7e3ed0b5', '2025-09-02 13:18:42', '2025-08-26 05:18:42.458213', 0, 'seo99991', NULL);
INSERT INTO `refresh_tokens` (`id`, `user_id`, `token`, `expires_at`, `created_at`, `is_revoked`, `device_info`, `ip_address`) VALUES (55, 6702079700, '7e607b73140f7f3bb0bd6468680e767b7203ec0f776cc575facb579924dd349a', '2025-09-02 13:21:34', '2025-08-26 05:21:33.986689', 0, 'seo99991', NULL);
INSERT INTO `refresh_tokens` (`id`, `user_id`, `token`, `expires_at`, `created_at`, `is_revoked`, `device_info`, `ip_address`) VALUES (56, 7845078844, '4ac1706185ad809c82b1da19cd481321c4cfd27989a07d3e847b4b2e8829f247', '2025-09-17 12:37:43', '2025-09-10 04:37:43.362837', 0, 'dinghe987', NULL);
INSERT INTO `refresh_tokens` (`id`, `user_id`, `token`, `expires_at`, `created_at`, `is_revoked`, `device_info`, `ip_address`) VALUES (57, 7845078844, '09540978a5dff2179edb7c733dd0a2118054143f01fbab2e01305703926f5b30', '2025-09-19 23:58:17', '2025-09-12 15:58:17.257003', 0, 'dinghe987', NULL);
INSERT INTO `refresh_tokens` (`id`, `user_id`, `token`, `expires_at`, `created_at`, `is_revoked`, `device_info`, `ip_address`) VALUES (58, 7845078844, 'bbc2383536b4f3c005ac501883d4092dc6cc1e49115fabd3e444e40eb8efdb5c', '2025-09-21 12:21:39', '2025-09-14 04:21:38.618483', 0, 'dinghe987', NULL);
INSERT INTO `refresh_tokens` (`id`, `user_id`, `token`, `expires_at`, `created_at`, `is_revoked`, `device_info`, `ip_address`) VALUES (59, 7845078844, 'ca5370356e9ae6207790ae7aa77d455f88c5e13a362d7a7cece88e310495b1f7', '2025-09-21 17:26:42', '2025-09-14 09:26:41.849491', 0, 'dinghe987', NULL);
COMMIT;

-- ----------------------------
-- Table structure for series
-- ----------------------------
DROP TABLE IF EXISTS `series`;
CREATE TABLE `series` (
  `id` int NOT NULL AUTO_INCREMENT,
  `title` varchar(255) CHARACTER SET utf8mb4 COLLATE utf8mb4_general_ci NOT NULL,
  `description` text CHARACTER SET utf8mb4 COLLATE utf8mb4_general_ci,
  `cover_url` varchar(255) CHARACTER SET utf8mb4 COLLATE utf8mb4_general_ci DEFAULT NULL,
  `total_episodes` int NOT NULL DEFAULT '0',
  `created_at` datetime(6) NOT NULL DEFAULT CURRENT_TIMESTAMP(6),
  `score` float NOT NULL DEFAULT '0',
  `play_count` int NOT NULL DEFAULT '0',
  `starring` text CHARACTER SET utf8mb4 COLLATE utf8mb4_general_ci,
  `actor` text CHARACTER SET utf8mb4 COLLATE utf8mb4_general_ci,
  `director` varchar(255) CHARACTER SET utf8mb4 COLLATE utf8mb4_general_ci DEFAULT NULL,
  `release_date` date DEFAULT NULL,
  `is_completed` tinyint NOT NULL DEFAULT '0',
  `updated_at` timestamp NULL DEFAULT NULL,
  `category_id` int DEFAULT NULL,
  `short_id` varchar(11) CHARACTER SET utf8mb4 COLLATE utf8mb4_general_ci DEFAULT NULL,
  `region_option_id` int DEFAULT NULL,
  `language_option_id` int DEFAULT NULL,
  `status_option_id` int DEFAULT NULL,
  `year_option_id` int DEFAULT NULL,
  `is_active` tinyint(1) NOT NULL DEFAULT '1',
  `deleted_at` timestamp NULL DEFAULT NULL,
  `deleted_by` int DEFAULT NULL,
  `up_status` varchar(255) CHARACTER SET utf8mb4 COLLATE utf8mb4_general_ci DEFAULT NULL,
  `external_id` varchar(128) COLLATE utf8mb4_general_ci DEFAULT NULL,
  `up_count` int NOT NULL DEFAULT '0',
  PRIMARY KEY (`id`) USING BTREE,
  UNIQUE KEY `IDX_03e66b69fd3b9c248a132cca44` (`short_id`) USING BTREE,
  UNIQUE KEY `IDX_4fed7f8574d6866cec4d4c1236` (`external_id`),
  KEY `FK_4728b16bad86fda71f7113b621a` (`category_id`) USING BTREE,
  KEY `FK_ddf675b3e90a375c943b206b2ac` (`status_option_id`) USING BTREE,
  KEY `FK_258ffb6e30c1177bb3aa1a38b92` (`region_option_id`) USING BTREE,
  KEY `FK_eb8f19671235980ae855edb6e93` (`language_option_id`) USING BTREE,
  KEY `FK_97d3e2dd92ad4f23b657920a6f0` (`year_option_id`) USING BTREE,
  CONSTRAINT `FK_258ffb6e30c1177bb3aa1a38b92` FOREIGN KEY (`region_option_id`) REFERENCES `filter_options` (`id`),
  CONSTRAINT `FK_4728b16bad86fda71f7113b621a` FOREIGN KEY (`category_id`) REFERENCES `categories` (`id`),
  CONSTRAINT `FK_97d3e2dd92ad4f23b657920a6f0` FOREIGN KEY (`year_option_id`) REFERENCES `filter_options` (`id`),
  CONSTRAINT `FK_ddf675b3e90a375c943b206b2ac` FOREIGN KEY (`status_option_id`) REFERENCES `filter_options` (`id`),
  CONSTRAINT `FK_eb8f19671235980ae855edb6e93` FOREIGN KEY (`language_option_id`) REFERENCES `filter_options` (`id`)
) ENGINE=InnoDB AUTO_INCREMENT=2036 DEFAULT CHARSET=utf8mb4 COLLATE=utf8mb4_general_ci ROW_FORMAT=DYNAMIC;

-- ----------------------------
-- Records of series
-- ----------------------------
BEGIN;
INSERT INTO `series` (`id`, `title`, `description`, `cover_url`, `total_episodes`, `created_at`, `score`, `play_count`, `starring`, `actor`, `director`, `release_date`, `is_completed`, `updated_at`, `category_id`, `short_id`, `region_option_id`, `language_option_id`, `status_option_id`, `year_option_id`, `is_active`, `deleted_at`, `deleted_by`, `up_status`, `external_id`, `up_count`) VALUES (1001, '霸道总裁爱上我', '现代都市言情剧，讲述霸道总裁与平凡女孩的爱情故事', 'https://thinkingking.top/images/094e33ba88190db66de4b173150fd97e.png', 24, '2024-01-15 10:00:00.000000', 8.6, 156800, '张三,李四', '张三,李四,王五,赵六', '王导演', '2024-03-15', 0, '2025-08-06 07:09:03', 1, 'jTX5ctteb9h', 12, 20, 34, 27, 1, NULL, NULL, '更新至第18集', NULL, 0);
INSERT INTO `series` (`id`, `title`, `description`, `cover_url`, `total_episodes`, `created_at`, `score`, `play_count`, `starring`, `actor`, `director`, `release_date`, `is_completed`, `updated_at`, `category_id`, `short_id`, `region_option_id`, `language_option_id`, `status_option_id`, `year_option_id`, `is_active`, `deleted_at`, `deleted_by`, `up_status`, `external_id`, `up_count`) VALUES (1002, '古装仙侠传', '古装仙侠剧，修仙之路充满挑战与奇遇', 'https://thinkingking.top/images/6a67290e1bcab67cae9b53493ca36473.png', 36, '2025-08-06 07:39:01.615378', 9.1, 234500, '赵五,钱六', '赵丽颖,杨洋,王子文,李现', '李导演', '2023-06-20', 1, NULL, 1, 'p8aUvzGtbvE', 12, 20, 33, 28, 1, NULL, NULL, '全36集', NULL, 0);
INSERT INTO `series` (`id`, `title`, `description`, `cover_url`, `total_episodes`, `created_at`, `score`, `play_count`, `starring`, `actor`, `director`, `release_date`, `is_completed`, `updated_at`, `category_id`, `short_id`, `region_option_id`, `language_option_id`, `status_option_id`, `year_option_id`, `is_active`, `deleted_at`, `deleted_by`, `up_status`, `external_id`, `up_count`) VALUES (1003, '都市悬疑案', '现代悬疑推理剧，警察破案故事', 'https://thinkingking.top/images/627aa5e927d9ab8c939a5120f1bf37b2.png', 20, '2025-08-06 07:39:01.618262', 8.8, 89600, '孙七,周八', '易烊千玺,周冬雨,王千源,张译', '陈导演', '2024-05-10', 0, NULL, 2, 'KTQ6EGtPzVF', 12, 20, 34, 27, 1, NULL, NULL, '更新至第15集', NULL, 0);
INSERT INTO `series` (`id`, `title`, `description`, `cover_url`, `total_episodes`, `created_at`, `score`, `play_count`, `starring`, `actor`, `director`, `release_date`, `is_completed`, `updated_at`, `category_id`, `short_id`, `region_option_id`, `language_option_id`, `status_option_id`, `year_option_id`, `is_active`, `deleted_at`, `deleted_by`, `up_status`, `external_id`, `up_count`) VALUES (1004, '青春校园恋', '青春校园爱情剧，高中生的纯真爱情', 'https://thinkingking.top/images/7609a424f174e819dba493b88ca177d2.png', 30, '2025-08-06 07:39:01.620979', 8.2, 98700, '吴九,郑十', '沈腾,贾玲,岳云鹏,张小斐', '刘导演', '2024-09-08', 1, NULL, 1, 'wsuYyNpq59X', 12, 20, 33, 27, 1, NULL, NULL, '全30集', NULL, 0);
INSERT INTO `series` (`id`, `title`, `description`, `cover_url`, `total_episodes`, `created_at`, `score`, `play_count`, `starring`, `actor`, `director`, `release_date`, `is_completed`, `updated_at`, `category_id`, `short_id`, `region_option_id`, `language_option_id`, `status_option_id`, `year_option_id`, `is_active`, `deleted_at`, `deleted_by`, `up_status`, `external_id`, `up_count`) VALUES (1005, '宫廷风云', '古装宫廷剧，后宫争斗与权谋', 'https://thinkingking.top/images/dc64c6a47fbb78643b9b7353ab673ff1.png', 42, '2025-08-06 07:39:01.639425', 9, 345600, '冯十一,褚十二', '刘诗诗,胡歌,袁弘,林更新', '黄导演', '2023-12-01', 0, NULL, 1, '68jDaAEyHp4', 12, 20, 34, 28, 1, NULL, NULL, '更新至第28集', NULL, 0);
INSERT INTO `series` (`id`, `title`, `description`, `cover_url`, `total_episodes`, `created_at`, `score`, `play_count`, `starring`, `actor`, `director`, `release_date`, `is_completed`, `updated_at`, `category_id`, `short_id`, `region_option_id`, `language_option_id`, `status_option_id`, `year_option_id`, `is_active`, `deleted_at`, `deleted_by`, `up_status`, `external_id`, `up_count`) VALUES (2001, '茶餐厅风云', '香港本土生活剧，茶餐厅里的人情世故', 'https://thinkingking.top/images/92c9e51924f825603f0d1d76ea9374a4.png', 25, '2025-08-06 07:55:00.000000', 8.4, 76503, '陈小春,梁朝伟', '张三,李四,王五,赵六', '杜琪峰', '2023-08-15', 1, NULL, 1, 'fpcxnnFA6m9', 13, 21, 33, 28, 1, NULL, NULL, '全25集', NULL, 0);
INSERT INTO `series` (`id`, `title`, `description`, `cover_url`, `total_episodes`, `created_at`, `score`, `play_count`, `starring`, `actor`, `director`, `release_date`, `is_completed`, `updated_at`, `category_id`, `short_id`, `region_option_id`, `language_option_id`, `status_option_id`, `year_option_id`, `is_active`, `deleted_at`, `deleted_by`, `up_status`, `external_id`, `up_count`) VALUES (2002, '首尔爱情故事', '韩式浪漫爱情剧，都市男女的情感纠葛', 'https://thinkingking.top/images/c0610c196b9a4c46170164fb692e220d.png', 16, '2025-08-06 07:55:00.000000', 8.7, 189600, '李敏镐,宋慧乔', '仙女A,仙男B,配角C,配角D', '朴导演', '2024-05-10', 0, NULL, 1, 'kaNqkt7QENy', 16, 23, 34, 27, 1, NULL, NULL, '更新至第12集', NULL, 0);
INSERT INTO `series` (`id`, `title`, `description`, `cover_url`, `total_episodes`, `created_at`, `score`, `play_count`, `starring`, `actor`, `director`, `release_date`, `is_completed`, `updated_at`, `category_id`, `short_id`, `region_option_id`, `language_option_id`, `status_option_id`, `year_option_id`, `is_active`, `deleted_at`, `deleted_by`, `up_status`, `external_id`, `up_count`) VALUES (2003, '纽约律师事务所', '美式法庭职场剧，律师的职业与生活', 'https://thinkingking.top/images/2608620cb27c75274cfa73bde5f80ffe.png', 22, '2025-08-06 07:55:00.000000', 9, 145600, 'Mike Ross,Harvey Specter', '侦探A,助手B,嫌疑人C,警察D', 'Aaron Korsh', '2024-01-20', 0, NULL, 2, 'GyPHPsWxknr', 17, 22, 34, 27, 1, NULL, NULL, '更新至第15集', NULL, 0);
INSERT INTO `series` (`id`, `title`, `description`, `cover_url`, `total_episodes`, `created_at`, `score`, `play_count`, `starring`, `actor`, `director`, `release_date`, `is_completed`, `updated_at`, `category_id`, `short_id`, `region_option_id`, `language_option_id`, `status_option_id`, `year_option_id`, `is_active`, `deleted_at`, `deleted_by`, `up_status`, `external_id`, `up_count`) VALUES (2005, '东京恋爱物语', '日式纯爱剧，东京都市恋爱故事', 'https://example.com/cover.jpg', 11, '2025-08-28 17:17:25.119179', 8.3, 87400, '测试演员', '测试演员', '测试导演', '2023-04-10', 1, NULL, 1, 'rAvC4wXbZtn', 15, 23, 33, 28, 1, NULL, NULL, '全11集', 'test-simple-001', 0);
INSERT INTO `series` (`id`, `title`, `description`, `cover_url`, `total_episodes`, `created_at`, `score`, `play_count`, `starring`, `actor`, `director`, `release_date`, `is_completed`, `updated_at`, `category_id`, `short_id`, `region_option_id`, `language_option_id`, `status_option_id`, `year_option_id`, `is_active`, `deleted_at`, `deleted_by`, `up_status`, `external_id`, `up_count`) VALUES (2006, '港岛警察', '香港警匪剧，正义与邪恶的较量', 'https://example.com/cover1.jpg', 28, '2025-08-28 17:17:53.265573', 8.9, 187300, '测试演员1', '测试演员1', '测试导演1', '2024-04-20', 1, NULL, 1, 'eD65z5TwUah', 13, 21, 33, 27, 1, NULL, NULL, '全28集', 'test-batch-001', 0);
INSERT INTO `series` (`id`, `title`, `description`, `cover_url`, `total_episodes`, `created_at`, `score`, `play_count`, `starring`, `actor`, `director`, `release_date`, `is_completed`, `updated_at`, `category_id`, `short_id`, `region_option_id`, `language_option_id`, `status_option_id`, `year_option_id`, `is_active`, `deleted_at`, `deleted_by`, `up_status`, `external_id`, `up_count`) VALUES (2007, '财阀家族', '韩国财阀家族权斗剧', 'https://example.com/cover2.jpg', 20, '2025-08-28 17:17:53.286386', 9.2, 267800, '测试演员2', '测试演员2', '测试导演2', '2024-07-30', 1, NULL, 1, 'Gsuzmk8MDqz', 16, 23, 33, 27, 1, NULL, NULL, '全20集', 'test-batch-002', 0);
INSERT INTO `series` (`id`, `title`, `description`, `cover_url`, `total_episodes`, `created_at`, `score`, `play_count`, `starring`, `actor`, `director`, `release_date`, `is_completed`, `updated_at`, `category_id`, `short_id`, `region_option_id`, `language_option_id`, `status_option_id`, `year_option_id`, `is_active`, `deleted_at`, `deleted_by`, `up_status`, `external_id`, `up_count`) VALUES (2008, '台北夜市', '台湾本土生活剧，夜市里的温情故事', 'https://example.com/cover.jpg', 22, '2025-08-30 15:26:36.599130', 8.1, 65800, '测试演员A,测试演员B', '测试演员A,测试演员B,测试演员C', '测试导演', '2023-09-20', 1, NULL, 1, 'KbETkbC4p5B', 14, 20, 33, 28, 1, NULL, NULL, '全22集', 'test-series-001', 0);
INSERT INTO `series` (`id`, `title`, `description`, `cover_url`, `total_episodes`, `created_at`, `score`, `play_count`, `starring`, `actor`, `director`, `release_date`, `is_completed`, `updated_at`, `category_id`, `short_id`, `region_option_id`, `language_option_id`, `status_option_id`, `year_option_id`, `is_active`, `deleted_at`, `deleted_by`, `up_status`, `external_id`, `up_count`) VALUES (2009, '狮城传说', '新加坡多元文化剧，不同种族的和谐故事', NULL, 15, '2025-08-30 15:27:52.185977', 7.9, 45600, NULL, NULL, NULL, '2024-08-12', 1, NULL, NULL, 'VG9GwSDhPds', 18, 24, 33, 27, 1, NULL, NULL, '全15集', 'series-a-001', 0);
INSERT INTO `series` (`id`, `title`, `description`, `cover_url`, `total_episodes`, `created_at`, `score`, `play_count`, `starring`, `actor`, `director`, `release_date`, `is_completed`, `updated_at`, `category_id`, `short_id`, `region_option_id`, `language_option_id`, `status_option_id`, `year_option_id`, `is_active`, `deleted_at`, `deleted_by`, `up_status`, `external_id`, `up_count`) VALUES (2010, '未来科幻', '科幻题材剧集，未来世界的故事', NULL, 30, '2025-08-30 15:27:52.217904', 0, 0, NULL, NULL, NULL, '2025-03-01', 0, NULL, NULL, 'Y55P6aKsPdb', 12, 20, 35, 26, 1, NULL, NULL, '即将播出', 'series-b-001', 0);
INSERT INTO `series` (`id`, `title`, `description`, `cover_url`, `total_episodes`, `created_at`, `score`, `play_count`, `starring`, `actor`, `director`, `release_date`, `is_completed`, `updated_at`, `category_id`, `short_id`, `region_option_id`, `language_option_id`, `status_option_id`, `year_option_id`, `is_active`, `deleted_at`, `deleted_by`, `up_status`, `external_id`, `up_count`) VALUES (2011, '经典武侠', '90年代经典武侠剧重播', 'https://example.com/minimal-cover.jpg', 50, '2025-08-30 15:34:23.604412', 9.5, 567800, NULL, NULL, NULL, '1995-08-20', 1, NULL, 1, 'CvggmReac52', 12, 20, 33, 30, 1, NULL, NULL, '全50集', 'guide-minimal-001', 0);
INSERT INTO `series` (`id`, `title`, `description`, `cover_url`, `total_episodes`, `created_at`, `score`, `play_count`, `starring`, `actor`, `director`, `release_date`, `is_completed`, `updated_at`, `category_id`, `short_id`, `region_option_id`, `language_option_id`, `status_option_id`, `year_option_id`, `is_active`, `deleted_at`, `deleted_by`, `up_status`, `external_id`, `up_count`) VALUES (2012, '精品剧集2012', '精品剧集内容', 'https://example.com/ok.jpg', 20, '2025-08-30 15:41:37.031421', 8.6, 178858, NULL, NULL, NULL, '2024-01-01', 1, NULL, 1, 'Q8HaqMAD3Ph', 12, 20, 33, 27, 1, NULL, NULL, '已完结', 'batch-ok-001', 0);
INSERT INTO `series` (`id`, `title`, `description`, `cover_url`, `total_episodes`, `created_at`, `score`, `play_count`, `starring`, `actor`, `director`, `release_date`, `is_completed`, `updated_at`, `category_id`, `short_id`, `region_option_id`, `language_option_id`, `status_option_id`, `year_option_id`, `is_active`, `deleted_at`, `deleted_by`, `up_status`, `external_id`, `up_count`) VALUES (2013, '精品剧集2013', '精品剧集内容', NULL, 18, '2025-08-30 15:41:37.061232', 7.6, 95379, NULL, NULL, NULL, '2024-01-01', 1, NULL, NULL, 'QhePEFY93Gc', 12, 20, 33, 27, 1, NULL, NULL, '已完结', 'batch-bad-001', 0);
INSERT INTO `series` (`id`, `title`, `description`, `cover_url`, `total_episodes`, `created_at`, `score`, `play_count`, `starring`, `actor`, `director`, `release_date`, `is_completed`, `updated_at`, `category_id`, `short_id`, `region_option_id`, `language_option_id`, `status_option_id`, `year_option_id`, `is_active`, `deleted_at`, `deleted_by`, `up_status`, `external_id`, `up_count`) VALUES (2014, '精品剧集2014', '精品剧集内容', 'https://example.com/single-cover.jpg', 32, '2025-09-01 15:02:55.115345', 8.7, 161193, '张三,李四', '张三,李四,王五', '导演甲', '2024-01-01', 1, NULL, 1, 'YZz74UbWzXb', 12, 20, 33, 27, 1, NULL, NULL, '已完结', 'guide-single-001', 0);
INSERT INTO `series` (`id`, `title`, `description`, `cover_url`, `total_episodes`, `created_at`, `score`, `play_count`, `starring`, `actor`, `director`, `release_date`, `is_completed`, `updated_at`, `category_id`, `short_id`, `region_option_id`, `language_option_id`, `status_option_id`, `year_option_id`, `is_active`, `deleted_at`, `deleted_by`, `up_status`, `external_id`, `up_count`) VALUES (2015, '精品剧集2015', '精品剧集内容', 'https://example.com/batch-a.jpg', 33, '2025-09-01 15:02:56.173557', 8.9, 80195, NULL, NULL, NULL, '2024-01-01', 1, NULL, 1, 'UbSTHmkb4Sd', 12, 20, 33, 27, 1, NULL, NULL, '已完结', 'guide-batch-a', 0);
INSERT INTO `series` (`id`, `title`, `description`, `cover_url`, `total_episodes`, `created_at`, `score`, `play_count`, `starring`, `actor`, `director`, `release_date`, `is_completed`, `updated_at`, `category_id`, `short_id`, `region_option_id`, `language_option_id`, `status_option_id`, `year_option_id`, `is_active`, `deleted_at`, `deleted_by`, `up_status`, `external_id`, `up_count`) VALUES (2016, '精品剧集2016', '精品剧集内容', 'https://example.com/batch-b.jpg', 20, '2025-09-01 15:02:56.205308', 9.1, 23421, NULL, NULL, NULL, '2024-01-01', 1, NULL, 1, 'nqAHY6yBS4B', 12, 20, 33, 27, 1, NULL, NULL, '已完结', 'guide-batch-b', 0);
INSERT INTO `series` (`id`, `title`, `description`, `cover_url`, `total_episodes`, `created_at`, `score`, `play_count`, `starring`, `actor`, `director`, `release_date`, `is_completed`, `updated_at`, `category_id`, `short_id`, `region_option_id`, `language_option_id`, `status_option_id`, `year_option_id`, `is_active`, `deleted_at`, `deleted_by`, `up_status`, `external_id`, `up_count`) VALUES (2017, '精品剧集2017', '精品剧集内容', 'https://example.com/cover.jpg', 29, '2025-09-09 15:59:17.470029', 8, 68463, NULL, NULL, NULL, '2024-01-01', 1, NULL, 1, 'W33vVCTzfPT', 12, 20, 33, 27, 1, NULL, NULL, '已完结', 'test-new-options-001', 0);
INSERT INTO `series` (`id`, `title`, `description`, `cover_url`, `total_episodes`, `created_at`, `score`, `play_count`, `starring`, `actor`, `director`, `release_date`, `is_completed`, `updated_at`, `category_id`, `short_id`, `region_option_id`, `language_option_id`, `status_option_id`, `year_option_id`, `is_active`, `deleted_at`, `deleted_by`, `up_status`, `external_id`, `up_count`) VALUES (2023, '示例短剧·甜宠·校园（更新后）', '根据 ingest 文档写入的演示系列，用于联调验证。', 'https://example.com/demo-cover.jpg', 3, '2025-09-11 05:36:53.387568', 8.8, 12345, '张三,李四', '张三,李四,王五', '导演A', '2025-01-01', 0, NULL, 1, '7ypDfRfdqP3', 12, 20, 34, 36, 1, NULL, NULL, '更新至第3集', 'demo-drama-2025-001', 0);
INSERT INTO `series` (`id`, `title`, `description`, `cover_url`, `total_episodes`, `created_at`, `score`, `play_count`, `starring`, `actor`, `director`, `release_date`, `is_completed`, `updated_at`, `category_id`, `short_id`, `region_option_id`, `language_option_id`, `status_option_id`, `year_option_id`, `is_active`, `deleted_at`, `deleted_by`, `up_status`, `external_id`, `up_count`) VALUES (2024, '示例短剧·都市·重启', '示例短剧·都市·重启 · 批量脚本生成示例', 'https://picsum.photos/seed/bulk-demo-20250911-01/400/600', 3, '2025-09-11 05:41:40.564744', 6.5, 461132, '张三,李四', '张三,李四,王五', '导演A', '2025-01-01', 0, NULL, 1, '3fv5wWerGUM', 14, 21, 34, 36, 1, NULL, NULL, '更新至第3集', 'bulk-demo-20250911-01', 0);
INSERT INTO `series` (`id`, `title`, `description`, `cover_url`, `total_episodes`, `created_at`, `score`, `play_count`, `starring`, `actor`, `director`, `release_date`, `is_completed`, `updated_at`, `category_id`, `short_id`, `region_option_id`, `language_option_id`, `status_option_id`, `year_option_id`, `is_active`, `deleted_at`, `deleted_by`, `up_status`, `external_id`, `up_count`) VALUES (2025, '示例短剧·奇幻·迷局', '示例短剧·奇幻·迷局 · 批量脚本生成示例', 'https://picsum.photos/seed/bulk-demo-20250911-02/400/600', 3, '2025-09-11 05:41:40.631400', 9.1, 10400, '张三,李四', '张三,李四,王五', '导演A', '2019-01-01', 0, NULL, 1, '329acPVWEXQ', 15, 20, 34, 37, 1, NULL, NULL, '更新至第3集', 'bulk-demo-20250911-02', 0);
INSERT INTO `series` (`id`, `title`, `description`, `cover_url`, `total_episodes`, `created_at`, `score`, `play_count`, `starring`, `actor`, `director`, `release_date`, `is_completed`, `updated_at`, `category_id`, `short_id`, `region_option_id`, `language_option_id`, `status_option_id`, `year_option_id`, `is_active`, `deleted_at`, `deleted_by`, `up_status`, `external_id`, `up_count`) VALUES (2026, '示例短剧·奇幻·重启', '示例短剧·奇幻·重启 · 批量脚本生成示例', 'https://picsum.photos/seed/bulk-demo-20250911-03/400/600', 3, '2025-09-11 05:41:41.230437', 9.4, 284840, '张三,李四', '张三,李四,王五', '导演A', '2021-01-01', 0, NULL, 1, 'P4sExbkcy8d', 38, 39, 34, 40, 1, NULL, NULL, '更新至第3集', 'bulk-demo-20250911-03', 0);
INSERT INTO `series` (`id`, `title`, `description`, `cover_url`, `total_episodes`, `created_at`, `score`, `play_count`, `starring`, `actor`, `director`, `release_date`, `is_completed`, `updated_at`, `category_id`, `short_id`, `region_option_id`, `language_option_id`, `status_option_id`, `year_option_id`, `is_active`, `deleted_at`, `deleted_by`, `up_status`, `external_id`, `up_count`) VALUES (2027, '示例短剧·职场·重启', '示例短剧·职场·重启 · 批量脚本生成示例', 'https://picsum.photos/seed/bulk-demo-20250911-04/400/600', 3, '2025-09-11 05:41:41.295639', 9.5, 288794, '张三,李四', '张三,李四,王五', '导演A', '2021-01-01', 1, NULL, 1, 'AQN6Tn6MH9S', 38, 41, 33, 40, 1, NULL, NULL, '已完结', 'bulk-demo-20250911-04', 0);
INSERT INTO `series` (`id`, `title`, `description`, `cover_url`, `total_episodes`, `created_at`, `score`, `play_count`, `starring`, `actor`, `director`, `release_date`, `is_completed`, `updated_at`, `category_id`, `short_id`, `region_option_id`, `language_option_id`, `status_option_id`, `year_option_id`, `is_active`, `deleted_at`, `deleted_by`, `up_status`, `external_id`, `up_count`) VALUES (2028, '示例短剧·职场·迷局', '示例短剧·职场·迷局 · 批量脚本生成示例', 'https://picsum.photos/seed/bulk-demo-20250911-05/400/600', 3, '2025-09-11 05:41:41.874914', 9.4, 64488, '张三,李四', '张三,李四,王五', '导演A', '2024-01-01', 1, NULL, 1, 'wTrvn9RhkQF', 42, 22, 33, 43, 1, NULL, NULL, '已完结', 'bulk-demo-20250911-05', 0);
INSERT INTO `series` (`id`, `title`, `description`, `cover_url`, `total_episodes`, `created_at`, `score`, `play_count`, `starring`, `actor`, `director`, `release_date`, `is_completed`, `updated_at`, `category_id`, `short_id`, `region_option_id`, `language_option_id`, `status_option_id`, `year_option_id`, `is_active`, `deleted_at`, `deleted_by`, `up_status`, `external_id`, `up_count`) VALUES (2029, '测试题材筛选系列', '用于测试题材筛选功能的示例系列', 'https://picsum.photos/400/600', 1, '2025-09-11 16:04:58.013530', 0, 0, NULL, NULL, NULL, '2025-01-01', 0, NULL, 1, 'c6dx5yVNeXn', 12, 20, 34, 36, 1, NULL, NULL, '更新至第1集', 'test-genre-filter-001', 0);
INSERT INTO `series` (`id`, `title`, `description`, `cover_url`, `total_episodes`, `created_at`, `score`, `play_count`, `starring`, `actor`, `director`, `release_date`, `is_completed`, `updated_at`, `category_id`, `short_id`, `region_option_id`, `language_option_id`, `status_option_id`, `year_option_id`, `is_active`, `deleted_at`, `deleted_by`, `up_status`, `external_id`, `up_count`) VALUES (2034, '测试观看进度系列', '用于测试观看进度和浏览历史功能的测试系列', 'https://example.com/cover.jpg', 0, '2025-09-14 05:31:19.000000', 0, 0, '测试主演A,测试主演B', '测试演员A,测试演员B', '测试导演', NULL, 0, '2025-09-14 05:31:19', 1, 'TestWatch1', NULL, NULL, NULL, NULL, 1, NULL, NULL, NULL, NULL, 0);
INSERT INTO `series` (`id`, `title`, `description`, `cover_url`, `total_episodes`, `created_at`, `score`, `play_count`, `starring`, `actor`, `director`, `release_date`, `is_completed`, `updated_at`, `category_id`, `short_id`, `region_option_id`, `language_option_id`, `status_option_id`, `year_option_id`, `is_active`, `deleted_at`, `deleted_by`, `up_status`, `external_id`, `up_count`) VALUES (2035, '阈值测试系列', '用于验证有效进度阈值', 'https://example.com/case.jpg', 0, '2025-09-14 07:58:04.000000', 0, 0, NULL, NULL, NULL, NULL, 0, '2025-09-14 07:58:04', 1, 'TzCase01', NULL, NULL, NULL, NULL, 1, NULL, NULL, NULL, NULL, 0);
COMMIT;

-- ----------------------------
-- Table structure for series_genre_options
-- ----------------------------
DROP TABLE IF EXISTS `series_genre_options`;
CREATE TABLE `series_genre_options` (
  `id` int NOT NULL AUTO_INCREMENT,
  `series_id` int NOT NULL,
  `option_id` int NOT NULL,
  `created_at` timestamp(6) NOT NULL DEFAULT CURRENT_TIMESTAMP(6),
  PRIMARY KEY (`id`),
  UNIQUE KEY `uq_series_option` (`series_id`,`option_id`),
  KEY `idx_option` (`option_id`),
  KEY `idx_series` (`series_id`),
  CONSTRAINT `FK_9f4fbd07357a4c9566f58959e7b` FOREIGN KEY (`option_id`) REFERENCES `filter_options` (`id`),
  CONSTRAINT `FK_adc5d5d826c37e8c853beb220ef` FOREIGN KEY (`series_id`) REFERENCES `series` (`id`) ON DELETE CASCADE
) ENGINE=InnoDB AUTO_INCREMENT=141 DEFAULT CHARSET=utf8mb4 COLLATE=utf8mb4_0900_ai_ci;

-- ----------------------------
-- Records of series_genre_options
-- ----------------------------
BEGIN;
INSERT INTO `series_genre_options` (`id`, `series_id`, `option_id`, `created_at`) VALUES (38, 2023, 44, '2025-09-11 14:25:31.392389');
INSERT INTO `series_genre_options` (`id`, `series_id`, `option_id`, `created_at`) VALUES (123, 2028, 45, '2025-09-11 15:35:23.643821');
INSERT INTO `series_genre_options` (`id`, `series_id`, `option_id`, `created_at`) VALUES (124, 2028, 44, '2025-09-11 15:35:23.643821');
INSERT INTO `series_genre_options` (`id`, `series_id`, `option_id`, `created_at`) VALUES (125, 2027, 45, '2025-09-11 15:35:23.643821');
INSERT INTO `series_genre_options` (`id`, `series_id`, `option_id`, `created_at`) VALUES (126, 2027, 44, '2025-09-11 15:35:23.643821');
INSERT INTO `series_genre_options` (`id`, `series_id`, `option_id`, `created_at`) VALUES (127, 2026, 45, '2025-09-11 15:35:23.643821');
INSERT INTO `series_genre_options` (`id`, `series_id`, `option_id`, `created_at`) VALUES (128, 2026, 44, '2025-09-11 15:35:23.643821');
INSERT INTO `series_genre_options` (`id`, `series_id`, `option_id`, `created_at`) VALUES (129, 2025, 45, '2025-09-11 15:35:23.643821');
INSERT INTO `series_genre_options` (`id`, `series_id`, `option_id`, `created_at`) VALUES (130, 2025, 44, '2025-09-11 15:35:23.643821');
INSERT INTO `series_genre_options` (`id`, `series_id`, `option_id`, `created_at`) VALUES (131, 2024, 45, '2025-09-11 15:35:23.643821');
INSERT INTO `series_genre_options` (`id`, `series_id`, `option_id`, `created_at`) VALUES (132, 2024, 44, '2025-09-11 15:35:23.643821');
INSERT INTO `series_genre_options` (`id`, `series_id`, `option_id`, `created_at`) VALUES (138, 2029, 44, '2025-09-11 16:04:58.040508');
INSERT INTO `series_genre_options` (`id`, `series_id`, `option_id`, `created_at`) VALUES (139, 2029, 47, '2025-09-11 16:04:58.051474');
INSERT INTO `series_genre_options` (`id`, `series_id`, `option_id`, `created_at`) VALUES (140, 2029, 49, '2025-09-11 16:04:58.057638');
COMMIT;

-- ----------------------------
-- Table structure for short_videos
-- ----------------------------
DROP TABLE IF EXISTS `short_videos`;
CREATE TABLE `short_videos` (
  `id` int NOT NULL AUTO_INCREMENT,
  `title` varchar(255) CHARACTER SET utf8mb4 COLLATE utf8mb4_general_ci NOT NULL,
  `description` text CHARACTER SET utf8mb4 COLLATE utf8mb4_general_ci,
  `cover_url` varchar(255) CHARACTER SET utf8mb4 COLLATE utf8mb4_general_ci NOT NULL,
  `video_url` varchar(255) CHARACTER SET utf8mb4 COLLATE utf8mb4_general_ci NOT NULL,
  `duration` int NOT NULL DEFAULT '0',
  `play_count` int NOT NULL DEFAULT '0',
  `like_count` int NOT NULL DEFAULT '0',
  `platform_name` varchar(50) CHARACTER SET utf8mb4 COLLATE utf8mb4_general_ci NOT NULL DEFAULT '官方平台',
  `category_id` int NOT NULL,
  `created_at` datetime(6) NOT NULL DEFAULT CURRENT_TIMESTAMP(6),
  `short_id` varchar(11) CHARACTER SET utf8mb4 COLLATE utf8mb4_general_ci DEFAULT NULL,
  PRIMARY KEY (`id`) USING BTREE,
  UNIQUE KEY `IDX_97ef60d09809dc563284719915` (`short_id`) USING BTREE,
  KEY `FK_8d7c856022d77e13fdedcd266a9` (`category_id`) USING BTREE,
  CONSTRAINT `FK_8d7c856022d77e13fdedcd266a9` FOREIGN KEY (`category_id`) REFERENCES `categories` (`id`)
) ENGINE=InnoDB DEFAULT CHARSET=utf8mb4 COLLATE=utf8mb4_general_ci ROW_FORMAT=DYNAMIC;

-- ----------------------------
-- Records of short_videos
-- ----------------------------
BEGIN;
COMMIT;

-- ----------------------------
-- Table structure for typeorm_metadata
-- ----------------------------
DROP TABLE IF EXISTS `typeorm_metadata`;
CREATE TABLE `typeorm_metadata` (
  `type` varchar(255) NOT NULL,
  `database` varchar(255) DEFAULT NULL,
  `schema` varchar(255) DEFAULT NULL,
  `table` varchar(255) DEFAULT NULL,
  `name` varchar(255) DEFAULT NULL,
  `value` text,
  KEY `idx_type_name` (`type`,`name`)
) ENGINE=InnoDB DEFAULT CHARSET=utf8mb4 COLLATE=utf8mb4_0900_ai_ci;

-- ----------------------------
-- Records of typeorm_metadata
-- ----------------------------
BEGIN;
COMMIT;

-- ----------------------------
-- Table structure for users
-- ----------------------------
DROP TABLE IF EXISTS `users`;
CREATE TABLE `users` (
  `id` bigint NOT NULL,
  `first_name` varchar(255) CHARACTER SET utf8mb4 COLLATE utf8mb4_general_ci NOT NULL,
  `last_name` varchar(255) CHARACTER SET utf8mb4 COLLATE utf8mb4_general_ci NOT NULL,
  `username` varchar(255) CHARACTER SET utf8mb4 COLLATE utf8mb4_general_ci NOT NULL,
  `is_active` tinyint NOT NULL DEFAULT '1',
  `created_at` datetime(6) NOT NULL DEFAULT CURRENT_TIMESTAMP(6),
  `short_id` varchar(11) CHARACTER SET utf8mb4 COLLATE utf8mb4_general_ci DEFAULT NULL,
  PRIMARY KEY (`id`) USING BTREE,
  UNIQUE KEY `IDX_fe0bb3f6520ee0469504521e71` (`username`) USING BTREE,
  UNIQUE KEY `IDX_d018e69f21d219aafe38e8f111` (`short_id`) USING BTREE
) ENGINE=InnoDB DEFAULT CHARSET=utf8mb4 COLLATE=utf8mb4_general_ci ROW_FORMAT=DYNAMIC;

-- ----------------------------
-- Records of users
-- ----------------------------
BEGIN;
INSERT INTO `users` (`id`, `first_name`, `last_name`, `username`, `is_active`, `created_at`, `short_id`) VALUES (6702079700, '随风', '用户', 'seo99991', 1, '2025-08-13 16:51:59.216355', 'Gh2dCY27h4G');
INSERT INTO `users` (`id`, `first_name`, `last_name`, `username`, `is_active`, `created_at`, `short_id`) VALUES (7845078844, '西', '陈', 'dinghe987', 1, '2025-07-30 14:32:42.000000', 'HhyWPbWbxSK');
COMMIT;

-- ----------------------------
-- Table structure for watch_progress
-- ----------------------------
DROP TABLE IF EXISTS `watch_progress`;
CREATE TABLE `watch_progress` (
  `user_id` bigint NOT NULL,
  `episode_id` int NOT NULL,
  `stop_at_second` int NOT NULL DEFAULT '0',
  `updated_at` timestamp NOT NULL DEFAULT CURRENT_TIMESTAMP,
  PRIMARY KEY (`user_id`,`episode_id`) USING BTREE,
  KEY `FK_677f8579d5e79b6c77dce357160` (`episode_id`) USING BTREE,
  CONSTRAINT `FK_4a10da827bd3f6cdc00a7cba930` FOREIGN KEY (`user_id`) REFERENCES `users` (`id`),
  CONSTRAINT `FK_677f8579d5e79b6c77dce357160` FOREIGN KEY (`episode_id`) REFERENCES `episodes` (`id`)
) ENGINE=InnoDB DEFAULT CHARSET=utf8mb4 COLLATE=utf8mb4_general_ci ROW_FORMAT=DYNAMIC;

-- ----------------------------
-- Records of watch_progress
-- ----------------------------
BEGIN;
INSERT INTO `watch_progress` (`user_id`, `episode_id`, `stop_at_second`, `updated_at`) VALUES (6702079700, 2001, 1800, '2025-08-13 16:51:59');
INSERT INTO `watch_progress` (`user_id`, `episode_id`, `stop_at_second`, `updated_at`) VALUES (6702079700, 2002, 2400, '2025-08-13 16:51:59');
INSERT INTO `watch_progress` (`user_id`, `episode_id`, `stop_at_second`, `updated_at`) VALUES (6702079700, 2003, 1200, '2025-08-13 16:51:59');
INSERT INTO `watch_progress` (`user_id`, `episode_id`, `stop_at_second`, `updated_at`) VALUES (6702079700, 2136, 90, '2025-08-23 01:46:49');
INSERT INTO `watch_progress` (`user_id`, `episode_id`, `stop_at_second`, `updated_at`) VALUES (6702079700, 2137, 63, '2025-08-23 20:17:12');
INSERT INTO `watch_progress` (`user_id`, `episode_id`, `stop_at_second`, `updated_at`) VALUES (6702079700, 2138, 1, '2025-08-26 13:22:50');
INSERT INTO `watch_progress` (`user_id`, `episode_id`, `stop_at_second`, `updated_at`) VALUES (6702079700, 2139, 46, '2025-08-26 13:22:56');
INSERT INTO `watch_progress` (`user_id`, `episode_id`, `stop_at_second`, `updated_at`) VALUES (6702079700, 2140, 71, '2025-08-26 13:23:54');
INSERT INTO `watch_progress` (`user_id`, `episode_id`, `stop_at_second`, `updated_at`) VALUES (6702079700, 2141, 4, '2025-08-26 12:34:51');
INSERT INTO `watch_progress` (`user_id`, `episode_id`, `stop_at_second`, `updated_at`) VALUES (6702079700, 2142, 32, '2025-08-26 12:34:55');
INSERT INTO `watch_progress` (`user_id`, `episode_id`, `stop_at_second`, `updated_at`) VALUES (6702079700, 2143, 90, '2025-08-23 14:34:43');
INSERT INTO `watch_progress` (`user_id`, `episode_id`, `stop_at_second`, `updated_at`) VALUES (6702079700, 2144, 90, '2025-08-23 14:45:14');
INSERT INTO `watch_progress` (`user_id`, `episode_id`, `stop_at_second`, `updated_at`) VALUES (6702079700, 2145, 2, '2025-08-23 14:45:18');
INSERT INTO `watch_progress` (`user_id`, `episode_id`, `stop_at_second`, `updated_at`) VALUES (7845078844, 2259, 1500, '2025-09-14 10:00:00');
INSERT INTO `watch_progress` (`user_id`, `episode_id`, `stop_at_second`, `updated_at`) VALUES (7845078844, 2260, 2000, '2025-09-14 10:30:00');
INSERT INTO `watch_progress` (`user_id`, `episode_id`, `stop_at_second`, `updated_at`) VALUES (7845078844, 2261, 800, '2025-09-14 11:00:00');
INSERT INTO `watch_progress` (`user_id`, `episode_id`, `stop_at_second`, `updated_at`) VALUES (7845078844, 2262, 1800, '2025-09-14 13:32:21');
INSERT INTO `watch_progress` (`user_id`, `episode_id`, `stop_at_second`, `updated_at`) VALUES (7845078844, 2264, 780, '2025-09-14 16:40:20');
INSERT INTO `watch_progress` (`user_id`, `episode_id`, `stop_at_second`, `updated_at`) VALUES (7845078844, 2265, 1200, '2025-09-14 16:01:13');
COMMIT;

SET FOREIGN_KEY_CHECKS = 1;
