/*
 Navicat Premium Dump SQL

 Source Server         : mysql
 Source Server Type    : MySQL
 Source Server Version : 80043 (8.0.43)
 Source Host           : localhost:3307
 Source Schema         : short_drama

 Target Server Type    : MySQL
 Target Server Version : 80043 (8.0.43)
 File Encoding         : 65001

 Date: 14/08/2025 13:20:42
*/

SET NAMES utf8mb4;
SET FOREIGN_KEY_CHECKS = 0;

-- ----------------------------
-- Table structure for banners
-- ----------------------------
DROP TABLE IF EXISTS `banners`;
CREATE TABLE `banners` (
  `id` int NOT NULL AUTO_INCREMENT,
  `title` varchar(255) CHARACTER SET utf8mb4 COLLATE utf8mb4_unicode_ci NOT NULL,
  `image_url` varchar(500) CHARACTER SET utf8mb4 COLLATE utf8mb4_general_ci NOT NULL,
  `series_id` int DEFAULT NULL,
  `category_id` int NOT NULL,
  `link_url` varchar(500) CHARACTER SET utf8mb4 COLLATE utf8mb4_general_ci DEFAULT NULL,
  `weight` int NOT NULL DEFAULT '0',
  `is_active` tinyint NOT NULL DEFAULT '1',
  `start_time` datetime DEFAULT NULL,
  `end_time` datetime DEFAULT NULL,
  `description` text CHARACTER SET utf8mb4 COLLATE utf8mb4_unicode_ci,
  `created_at` datetime(6) NOT NULL DEFAULT CURRENT_TIMESTAMP(6),
  `updated_at` datetime(6) NOT NULL DEFAULT CURRENT_TIMESTAMP(6) ON UPDATE CURRENT_TIMESTAMP(6),
  PRIMARY KEY (`id`),
  KEY `FK_5185eda9a8563407def0b5b24f4` (`category_id`),
  KEY `FK_a0904ea3325af75a7cd72ddba1e` (`series_id`),
  CONSTRAINT `FK_5185eda9a8563407def0b5b24f4` FOREIGN KEY (`category_id`) REFERENCES `categories` (`id`),
  CONSTRAINT `FK_a0904ea3325af75a7cd72ddba1e` FOREIGN KEY (`series_id`) REFERENCES `series` (`id`)
) ENGINE=InnoDB AUTO_INCREMENT=12 DEFAULT CHARSET=utf8mb4 COLLATE=utf8mb4_general_ci;

-- ----------------------------
-- Records of banners
-- ----------------------------
BEGIN;
INSERT INTO `banners` (`id`, `title`, `image_url`, `series_id`, `category_id`, `link_url`, `weight`, `is_active`, `start_time`, `end_time`, `description`, `created_at`, `updated_at`) VALUES (1, '热播都市剧《爱在都市》', 'https://thinkingking.top/images/c2401333f5da799c3296124da1c3df12.png', 1001, 1, NULL, 17, 1, NULL, NULL, '都市爱情剧，讲述现代都市男女的爱情故事', '2025-08-06 08:14:02.000000', '2025-08-06 08:14:02.000000');
INSERT INTO `banners` (`id`, `title`, `image_url`, `series_id`, `category_id`, `link_url`, `weight`, `is_active`, `start_time`, `end_time`, `description`, `created_at`, `updated_at`) VALUES (2, '古装大剧《盛世王朝》', 'https://thinkingking.top/images/fd9d273b15e7913c3e9bb9264ca1ce53.png', 1002, 1, NULL, 89, 1, NULL, NULL, '古装历史剧，展现盛世王朝的辉煌历史', '2025-08-06 08:14:03.000000', '2025-08-06 08:14:03.000000');
INSERT INTO `banners` (`id`, `title`, `image_url`, `series_id`, `category_id`, `link_url`, `weight`, `is_active`, `start_time`, `end_time`, `description`, `created_at`, `updated_at`) VALUES (3, '悬疑剧《迷雾重重》', 'https://thinkingking.top/images/7e9321e6db533485ec5524a58d5f8b57.png', 1003, 1, NULL, 37, 1, NULL, NULL, '悬疑推理剧，层层迷雾等你揭开', '2025-08-06 08:14:03.000000', '2025-08-06 08:14:03.000000');
INSERT INTO `banners` (`id`, `title`, `image_url`, `series_id`, `category_id`, `link_url`, `weight`, `is_active`, `start_time`, `end_time`, `description`, `created_at`, `updated_at`) VALUES (4, '动作大片《速度与激情》', 'https://thinkingking.top/images/cfd08cf4921975fd4359bb7158a6fa51.png', 1004, 2, NULL, 2, 1, NULL, NULL, '刺激的动作电影，速度与激情的完美结合', '2025-08-06 08:14:03.000000', '2025-08-06 08:14:03.000000');
INSERT INTO `banners` (`id`, `title`, `image_url`, `series_id`, `category_id`, `link_url`, `weight`, `is_active`, `start_time`, `end_time`, `description`, `created_at`, `updated_at`) VALUES (5, '科幻巨制《星际穿越》', 'https://thinkingking.top/images/aa42b7f1a1ea150c2a13823d0ed4a178.png', 1005, 2, NULL, 30, 1, NULL, NULL, '科幻电影经典，探索宇宙的奥秘', '2025-08-06 08:14:03.000000', '2025-08-06 08:14:03.000000');
INSERT INTO `banners` (`id`, `title`, `image_url`, `series_id`, `category_id`, `link_url`, `weight`, `is_active`, `start_time`, `end_time`, `description`, `created_at`, `updated_at`) VALUES (6, '爱情电影《时光倒流》', 'https://thinkingking.top/images/ece13d76db235c60cce445edfa17caaa.png', 2001, 2, NULL, 27, 1, NULL, NULL, '温馨的爱情电影，感动人心的故事', '2025-08-06 08:14:03.000000', '2025-08-06 08:14:03.000000');
INSERT INTO `banners` (`id`, `title`, `image_url`, `series_id`, `category_id`, `link_url`, `weight`, `is_active`, `start_time`, `end_time`, `description`, `created_at`, `updated_at`) VALUES (7, '搞笑综艺《欢乐大本营》', 'https://thinkingking.top/images/9bf1a132da81e4a248eea1cafc1acf95.png', 2002, 3, NULL, 16, 1, NULL, NULL, '经典综艺节目，带给你无尽欢乐', '2025-08-06 08:14:03.000000', '2025-08-06 08:14:03.000000');
INSERT INTO `banners` (`id`, `title`, `image_url`, `series_id`, `category_id`, `link_url`, `weight`, `is_active`, `start_time`, `end_time`, `description`, `created_at`, `updated_at`) VALUES (8, '音乐节目《我是歌手》', 'https://thinkingking.top/images/217b36305ab588bf8da4601dd4939206.png', 2003, 3, NULL, 33, 1, NULL, NULL, '顶级音乐竞技节目，听见最美的声音', '2025-08-06 08:14:03.000000', '2025-08-06 08:14:03.000000');
INSERT INTO `banners` (`id`, `title`, `image_url`, `series_id`, `category_id`, `link_url`, `weight`, `is_active`, `start_time`, `end_time`, `description`, `created_at`, `updated_at`) VALUES (9, '新用户专享福利', 'https://thinkingking.top/images/6440b5ff4fd324655841574938499072.png', NULL, 1, 'https://example.com/promotion/new-user', 57, 1, NULL, NULL, '新用户注册即可享受专属福利', '2025-08-06 08:14:03.000000', '2025-08-06 08:14:03.000000');
INSERT INTO `banners` (`id`, `title`, `image_url`, `series_id`, `category_id`, `link_url`, `weight`, `is_active`, `start_time`, `end_time`, `description`, `created_at`, `updated_at`) VALUES (10, 'VIP会员限时优惠', 'https://thinkingking.top/images/69dbea154c90723fca52422ca3afcdd0.png', NULL, 1, 'https://example.com/vip/discount', 45, 1, NULL, NULL, 'VIP会员限时优惠，享受更多特权', '2025-08-06 08:14:03.000000', '2025-08-06 08:14:03.000000');
INSERT INTO `banners` (`id`, `title`, `image_url`, `series_id`, `category_id`, `link_url`, `weight`, `is_active`, `start_time`, `end_time`, `description`, `created_at`, `updated_at`) VALUES (11, '热门推荐专区', 'https://thinkingking.top/images/ca0330f53ce1df97299747bc36b79a12.png', NULL, 1, 'https://example.com/hot/recommend', 86, 1, NULL, NULL, '精选热门内容，不容错过', '2025-08-06 08:14:03.000000', '2025-08-06 08:14:03.000000');
COMMIT;

-- ----------------------------
-- Table structure for browse_history
-- ----------------------------
DROP TABLE IF EXISTS `browse_history`;
CREATE TABLE `browse_history` (
  `id` int NOT NULL AUTO_INCREMENT,
  `user_id` bigint NOT NULL,
  `series_id` int NOT NULL,
  `browse_type` varchar(50) COLLATE utf8mb4_general_ci NOT NULL DEFAULT 'episode_list',
  `duration_seconds` int NOT NULL DEFAULT '0',
  `last_episode_number` int DEFAULT NULL,
  `visit_count` int NOT NULL DEFAULT '1',
  `user_agent` varchar(500) COLLATE utf8mb4_general_ci DEFAULT NULL,
  `ip_address` varchar(45) COLLATE utf8mb4_general_ci DEFAULT NULL,
  `created_at` datetime(6) NOT NULL DEFAULT CURRENT_TIMESTAMP(6),
  `updated_at` datetime(6) NOT NULL DEFAULT CURRENT_TIMESTAMP(6) ON UPDATE CURRENT_TIMESTAMP(6),
  PRIMARY KEY (`id`),
  KEY `FK_2772b4e4dcd762bfffb7d7ea17d` (`user_id`),
  KEY `FK_819bb524d195464598595e21315` (`series_id`),
  CONSTRAINT `FK_2772b4e4dcd762bfffb7d7ea17d` FOREIGN KEY (`user_id`) REFERENCES `users` (`id`),
  CONSTRAINT `FK_819bb524d195464598595e21315` FOREIGN KEY (`series_id`) REFERENCES `series` (`id`)
) ENGINE=InnoDB AUTO_INCREMENT=21 DEFAULT CHARSET=utf8mb4 COLLATE=utf8mb4_general_ci;

-- ----------------------------
-- Records of browse_history
-- ----------------------------
BEGIN;
INSERT INTO `browse_history` (`id`, `user_id`, `series_id`, `browse_type`, `duration_seconds`, `last_episode_number`, `visit_count`, `user_agent`, `ip_address`, `created_at`, `updated_at`) VALUES (5, 7845078844, 1002, 'episode_list', 0, 10, 1, 'curl/8.7.1', '::1', '2025-08-13 02:42:07.366279', '2025-08-13 02:42:07.366279');
INSERT INTO `browse_history` (`id`, `user_id`, `series_id`, `browse_type`, `duration_seconds`, `last_episode_number`, `visit_count`, `user_agent`, `ip_address`, `created_at`, `updated_at`) VALUES (6, 7845078844, 1003, 'series_detail', 0, 15, 1, 'curl/8.7.1', '::1', '2025-08-13 02:42:15.236080', '2025-08-13 02:42:15.236080');
INSERT INTO `browse_history` (`id`, `user_id`, `series_id`, `browse_type`, `duration_seconds`, `last_episode_number`, `visit_count`, `user_agent`, `ip_address`, `created_at`, `updated_at`) VALUES (7, 7845078844, 1004, 'episode_list', 0, 1, 2, 'curl/8.7.1', '::1', '2025-08-13 02:50:22.176088', '2025-08-13 10:50:22.217000');
INSERT INTO `browse_history` (`id`, `user_id`, `series_id`, `browse_type`, `duration_seconds`, `last_episode_number`, `visit_count`, `user_agent`, `ip_address`, `created_at`, `updated_at`) VALUES (8, 7845078844, 1004, 'episode_list', 0, 1, 1, 'curl/8.7.1', '::1', '2025-08-13 02:50:22.191876', '2025-08-13 02:50:22.191876');
INSERT INTO `browse_history` (`id`, `user_id`, `series_id`, `browse_type`, `duration_seconds`, `last_episode_number`, `visit_count`, `user_agent`, `ip_address`, `created_at`, `updated_at`) VALUES (9, 7845078844, 1004, 'episode_list', 0, 1, 1, 'curl/8.7.1', '::1', '2025-08-13 02:50:22.195594', '2025-08-13 02:50:22.195594');
INSERT INTO `browse_history` (`id`, `user_id`, `series_id`, `browse_type`, `duration_seconds`, `last_episode_number`, `visit_count`, `user_agent`, `ip_address`, `created_at`, `updated_at`) VALUES (10, 7845078844, 2001, 'episode_list', 0, 3, 24, 'curl/8.7.1', '::1', '2025-08-13 15:23:57.214984', '2025-08-14 11:07:39.573000');
INSERT INTO `browse_history` (`id`, `user_id`, `series_id`, `browse_type`, `duration_seconds`, `last_episode_number`, `visit_count`, `user_agent`, `ip_address`, `created_at`, `updated_at`) VALUES (17, 6702079700, 1001, 'episode_list', 0, 3, 1, 'Mozilla/5.0 (iPhone; CPU iPhone OS 17_0 like Mac OS X)', '192.168.1.100', '2025-08-13 16:51:59.246055', '2025-08-13 16:51:59.246055');
INSERT INTO `browse_history` (`id`, `user_id`, `series_id`, `browse_type`, `duration_seconds`, `last_episode_number`, `visit_count`, `user_agent`, `ip_address`, `created_at`, `updated_at`) VALUES (18, 6702079700, 2001, 'episode_list', 0, 3, 19, 'curl/8.7.1', '::1', '2025-08-13 16:51:59.248059', '2025-08-14 12:35:39.163000');
INSERT INTO `browse_history` (`id`, `user_id`, `series_id`, `browse_type`, `duration_seconds`, `last_episode_number`, `visit_count`, `user_agent`, `ip_address`, `created_at`, `updated_at`) VALUES (19, 6702079700, 2001, 'episode_play', 0, 5, 3, 'curl/8.7.1', '::1', '2025-08-14 04:33:03.787088', '2025-08-14 12:38:11.487000');
INSERT INTO `browse_history` (`id`, `user_id`, `series_id`, `browse_type`, `duration_seconds`, `last_episode_number`, `visit_count`, `user_agent`, `ip_address`, `created_at`, `updated_at`) VALUES (20, 6702079700, 2001, 'series_detail', 0, NULL, 1, 'curl/8.7.1', '::1', '2025-08-14 04:33:11.002142', '2025-08-14 04:33:11.002142');
COMMIT;

-- ----------------------------
-- Table structure for categories
-- ----------------------------
DROP TABLE IF EXISTS `categories`;
CREATE TABLE `categories` (
  `id` int NOT NULL AUTO_INCREMENT,
  `category_id` varchar(50) CHARACTER SET utf8mb4 COLLATE utf8mb4_general_ci NOT NULL,
  `name` varchar(50) CHARACTER SET utf8mb4 COLLATE utf8mb4_general_ci NOT NULL,
  `route_name` varchar(50) CHARACTER SET utf8mb4 COLLATE utf8mb4_general_ci DEFAULT NULL,
  `is_enabled` tinyint NOT NULL DEFAULT '1',
  `created_at` timestamp NOT NULL DEFAULT CURRENT_TIMESTAMP,
  `updated_at` timestamp NOT NULL DEFAULT CURRENT_TIMESTAMP ON UPDATE CURRENT_TIMESTAMP,
  PRIMARY KEY (`id`),
  UNIQUE KEY `IDX_51615bef2cea22812d0dcab6e1` (`category_id`)
) ENGINE=InnoDB AUTO_INCREMENT=68 DEFAULT CHARSET=utf8mb4 COLLATE=utf8mb4_general_ci;

-- ----------------------------
-- Records of categories
-- ----------------------------
BEGIN;
INSERT INTO `categories` (`id`, `category_id`, `name`, `route_name`, `is_enabled`, `created_at`, `updated_at`) VALUES (1, 'drama', '电视剧', 'drama', 1, '2025-08-06 07:09:03', '2025-08-06 07:09:03');
INSERT INTO `categories` (`id`, `category_id`, `name`, `route_name`, `is_enabled`, `created_at`, `updated_at`) VALUES (2, 'movie', '电影', 'movie', 1, '2025-08-06 07:09:03', '2025-08-06 07:09:03');
INSERT INTO `categories` (`id`, `category_id`, `name`, `route_name`, `is_enabled`, `created_at`, `updated_at`) VALUES (3, 'variety', '综艺', 'variety', 1, '2025-08-06 07:09:03', '2025-08-06 07:09:03');
INSERT INTO `categories` (`id`, `category_id`, `name`, `route_name`, `is_enabled`, `created_at`, `updated_at`) VALUES (67, 'home', '首页', 'home', 1, '2025-08-06 07:26:12', '2025-08-06 07:26:34');
COMMIT;

-- ----------------------------
-- Table structure for comments
-- ----------------------------
DROP TABLE IF EXISTS `comments`;
CREATE TABLE `comments` (
  `id` int NOT NULL AUTO_INCREMENT,
  `user_id` bigint NOT NULL,
  `episode_id` int NOT NULL,
  `content` text CHARACTER SET utf8mb4 COLLATE utf8mb4_general_ci NOT NULL,
  `appear_second` int NOT NULL DEFAULT '0',
  `created_at` datetime(6) NOT NULL DEFAULT CURRENT_TIMESTAMP(6),
  PRIMARY KEY (`id`),
  KEY `FK_4c675567d2a58f0b07cef09c13d` (`user_id`),
  KEY `FK_d29eba8d8df26970a28b0e336cf` (`episode_id`),
  CONSTRAINT `FK_4c675567d2a58f0b07cef09c13d` FOREIGN KEY (`user_id`) REFERENCES `users` (`id`),
  CONSTRAINT `FK_d29eba8d8df26970a28b0e336cf` FOREIGN KEY (`episode_id`) REFERENCES `episodes` (`id`)
) ENGINE=InnoDB AUTO_INCREMENT=3025 DEFAULT CHARSET=utf8mb4 COLLATE=utf8mb4_general_ci;

-- ----------------------------
-- Records of comments
-- ----------------------------
BEGIN;
INSERT INTO `comments` (`id`, `user_id`, `episode_id`, `content`, `appear_second`, `created_at`) VALUES (3001, 7845078844, 2001, '这一集太精彩了！', 0, '2024-01-20 15:30:00.000000');
INSERT INTO `comments` (`id`, `user_id`, `episode_id`, `content`, `appear_second`, `created_at`) VALUES (3002, 7845078844, 2001, '男主角演技真好', 1200, '2024-01-20 15:45:00.000000');
INSERT INTO `comments` (`id`, `user_id`, `episode_id`, `content`, `appear_second`, `created_at`) VALUES (3003, 7845078844, 2002, '剧情发展很有意思', 0, '2024-01-21 16:20:00.000000');
INSERT INTO `comments` (`id`, `user_id`, `episode_id`, `content`, `appear_second`, `created_at`) VALUES (3019, 6702079700, 2001, '这部剧太精彩了！演员演技很棒！', 0, '2025-08-13 16:51:59.232748');
INSERT INTO `comments` (`id`, `user_id`, `episode_id`, `content`, `appear_second`, `created_at`) VALUES (3020, 6702079700, 2002, '第二集比第一集更好看！', 0, '2025-08-13 16:51:59.234560');
INSERT INTO `comments` (`id`, `user_id`, `episode_id`, `content`, `appear_second`, `created_at`) VALUES (3021, 6702079700, 2003, '剧情发展很吸引人，期待下一集！', 0, '2025-08-13 16:51:59.236398');
INSERT INTO `comments` (`id`, `user_id`, `episode_id`, `content`, `appear_second`, `created_at`) VALUES (3022, 6702079700, 2136, '新剧开始追了，希望不会失望！', 0, '2025-08-13 16:51:59.240978');
INSERT INTO `comments` (`id`, `user_id`, `episode_id`, `content`, `appear_second`, `created_at`) VALUES (3023, 6702079700, 2137, '第二集节奏很好，继续追！', 0, '2025-08-13 16:51:59.244099');
INSERT INTO `comments` (`id`, `user_id`, `episode_id`, `content`, `appear_second`, `created_at`) VALUES (3024, 6702079700, 2136, '测试评论：这部剧真的很精彩！', 0, '2025-08-13 16:58:35.852573');
COMMIT;

-- ----------------------------
-- Table structure for episode_urls
-- ----------------------------
DROP TABLE IF EXISTS `episode_urls`;
CREATE TABLE `episode_urls` (
  `id` int NOT NULL AUTO_INCREMENT,
  `episode_id` int NOT NULL,
  `quality` varchar(50) CHARACTER SET utf8mb4 COLLATE utf8mb4_general_ci NOT NULL,
  `oss_url` varchar(255) CHARACTER SET utf8mb4 COLLATE utf8mb4_general_ci NOT NULL,
  `cdn_url` varchar(255) CHARACTER SET utf8mb4 COLLATE utf8mb4_general_ci NOT NULL,
  `subtitle_url` varchar(255) CHARACTER SET utf8mb4 COLLATE utf8mb4_general_ci DEFAULT NULL,
  `access_key` varchar(64) CHARACTER SET utf8mb4 COLLATE utf8mb4_general_ci NOT NULL,
  `created_at` datetime(6) NOT NULL DEFAULT CURRENT_TIMESTAMP(6),
  `updated_at` datetime(6) NOT NULL DEFAULT CURRENT_TIMESTAMP(6) ON UPDATE CURRENT_TIMESTAMP(6),
  PRIMARY KEY (`id`),
  UNIQUE KEY `IDX_9f4c04c83bfc482e413a9f496d` (`access_key`),
  KEY `FK_cd7538592624868a77732a822d2` (`episode_id`),
  CONSTRAINT `FK_cd7538592624868a77732a822d2` FOREIGN KEY (`episode_id`) REFERENCES `episodes` (`id`)
) ENGINE=InnoDB AUTO_INCREMENT=596 DEFAULT CHARSET=utf8mb4 COLLATE=utf8mb4_general_ci;

-- ----------------------------
-- Records of episode_urls
-- ----------------------------
BEGIN;
INSERT INTO `episode_urls` (`id`, `episode_id`, `quality`, `oss_url`, `cdn_url`, `subtitle_url`, `access_key`, `created_at`, `updated_at`) VALUES (397, 2136, '720p', 'https://sf1-cdn-tos.huoshanstatic.com/obj/media-fe/xgplayer_doc_video/hls/xgplayer-demo.m3u8', 'https://cdn.example.com/videos/720p/series_2001_ep_1_720p.mp4', NULL, 'kot4JgxK12l1hjkTq1ukph4tQIafme7a', '2025-08-06 07:59:19.000000', '2025-08-06 07:59:19.972663');
INSERT INTO `episode_urls` (`id`, `episode_id`, `quality`, `oss_url`, `cdn_url`, `subtitle_url`, `access_key`, `created_at`, `updated_at`) VALUES (398, 2136, '1080p', 'https://sf1-cdn-tos.huoshanstatic.com/obj/media-fe/xgplayer_doc_video/hls/xgplayer-demo.m3u8', 'https://cdn.example.com/videos/1080p/series_2001_ep_1_1080p.mp4', 'https://cdn.example.com/subtitles/series_2001_ep_1.srt', 'CFWMo6cdUi5Rhx3F7FMAst0TjhLzcgS4', '2025-08-06 07:59:19.000000', '2025-08-06 07:59:19.974113');
INSERT INTO `episode_urls` (`id`, `episode_id`, `quality`, `oss_url`, `cdn_url`, `subtitle_url`, `access_key`, `created_at`, `updated_at`) VALUES (399, 2136, '4K', 'https://sf1-cdn-tos.huoshanstatic.com/obj/media-fe/xgplayer_doc_video/hls/xgplayer-demo.m3u8', 'https://cdn.example.com/videos/4k/series_2001_ep_1_4K.mp4', NULL, 'APoC3chZnDKCPSyh3PHL9EsjpWSz2VPt', '2025-08-06 07:59:19.000000', '2025-08-06 07:59:19.975626');
INSERT INTO `episode_urls` (`id`, `episode_id`, `quality`, `oss_url`, `cdn_url`, `subtitle_url`, `access_key`, `created_at`, `updated_at`) VALUES (400, 2137, '720p', 'https://sf1-cdn-tos.huoshanstatic.com/obj/media-fe/xgplayer_doc_video/hls/xgplayer-demo.m3u8', 'https://cdn.example.com/videos/720p/series_2001_ep_2_720p.mp4', NULL, 'uNDdU4QDIURn6ukQe6i3C0gJNWpavnlv', '2025-08-06 07:59:19.000000', '2025-08-06 07:59:19.979935');
INSERT INTO `episode_urls` (`id`, `episode_id`, `quality`, `oss_url`, `cdn_url`, `subtitle_url`, `access_key`, `created_at`, `updated_at`) VALUES (401, 2137, '1080p', 'https://sf1-cdn-tos.huoshanstatic.com/obj/media-fe/xgplayer_doc_video/hls/xgplayer-demo.m3u8', 'https://cdn.example.com/videos/1080p/series_2001_ep_2_1080p.mp4', 'https://cdn.example.com/subtitles/series_2001_ep_2.srt', 'lJtIhPzxS2fSxDiTi2poG8wlV3n1u7XF', '2025-08-06 07:59:19.000000', '2025-08-06 07:59:19.981361');
INSERT INTO `episode_urls` (`id`, `episode_id`, `quality`, `oss_url`, `cdn_url`, `subtitle_url`, `access_key`, `created_at`, `updated_at`) VALUES (402, 2137, '4K', 'https://sf1-cdn-tos.huoshanstatic.com/obj/media-fe/xgplayer_doc_video/hls/xgplayer-demo.m3u8', 'https://cdn.example.com/videos/4k/series_2001_ep_2_4K.mp4', NULL, 'wksU7uum9UpVLfcQwI46i8tBYAp3g3jA', '2025-08-06 07:59:19.000000', '2025-08-06 07:59:19.982720');
INSERT INTO `episode_urls` (`id`, `episode_id`, `quality`, `oss_url`, `cdn_url`, `subtitle_url`, `access_key`, `created_at`, `updated_at`) VALUES (403, 2138, '720p', 'https://sf1-cdn-tos.huoshanstatic.com/obj/media-fe/xgplayer_doc_video/hls/xgplayer-demo.m3u8', 'https://cdn.example.com/videos/720p/series_2001_ep_3_720p.mp4', NULL, 'DnmuYm2NISRvFMREI056pSJJhWNzBVCG', '2025-08-06 07:59:19.000000', '2025-08-06 07:59:19.985107');
INSERT INTO `episode_urls` (`id`, `episode_id`, `quality`, `oss_url`, `cdn_url`, `subtitle_url`, `access_key`, `created_at`, `updated_at`) VALUES (404, 2138, '1080p', 'https://sf1-cdn-tos.huoshanstatic.com/obj/media-fe/xgplayer_doc_video/hls/xgplayer-demo.m3u8', 'https://cdn.example.com/videos/1080p/series_2001_ep_3_1080p.mp4', 'https://cdn.example.com/subtitles/series_2001_ep_3.srt', 'dteWkjsI9kD9RiSZ2SbKfEWj74j52EDt', '2025-08-06 07:59:19.000000', '2025-08-06 07:59:19.986540');
INSERT INTO `episode_urls` (`id`, `episode_id`, `quality`, `oss_url`, `cdn_url`, `subtitle_url`, `access_key`, `created_at`, `updated_at`) VALUES (405, 2138, '4K', 'https://sf1-cdn-tos.huoshanstatic.com/obj/media-fe/xgplayer_doc_video/hls/xgplayer-demo.m3u8', 'https://cdn.example.com/videos/4k/series_2001_ep_3_4K.mp4', NULL, 'QZfH5PD3B0BEJhhpFzaRseJBGT5zBByZ', '2025-08-06 07:59:19.000000', '2025-08-06 07:59:19.988566');
INSERT INTO `episode_urls` (`id`, `episode_id`, `quality`, `oss_url`, `cdn_url`, `subtitle_url`, `access_key`, `created_at`, `updated_at`) VALUES (406, 2139, '720p', 'https://sf1-cdn-tos.huoshanstatic.com/obj/media-fe/xgplayer_doc_video/hls/xgplayer-demo.m3u8', 'https://cdn.example.com/videos/720p/series_2001_ep_4_720p.mp4', NULL, 'czn0bqtQYhaEaXPwovpyUdBofPz84dGW', '2025-08-06 07:59:19.000000', '2025-08-06 07:59:19.992443');
INSERT INTO `episode_urls` (`id`, `episode_id`, `quality`, `oss_url`, `cdn_url`, `subtitle_url`, `access_key`, `created_at`, `updated_at`) VALUES (407, 2139, '1080p', 'https://sf1-cdn-tos.huoshanstatic.com/obj/media-fe/xgplayer_doc_video/hls/xgplayer-demo.m3u8', 'https://cdn.example.com/videos/1080p/series_2001_ep_4_1080p.mp4', 'https://cdn.example.com/subtitles/series_2001_ep_4.srt', 'pAy1Wr7f6UPnr1eVOmaPs0tiFjQbjqO3', '2025-08-06 07:59:19.000000', '2025-08-06 07:59:19.993886');
INSERT INTO `episode_urls` (`id`, `episode_id`, `quality`, `oss_url`, `cdn_url`, `subtitle_url`, `access_key`, `created_at`, `updated_at`) VALUES (408, 2139, '4K', 'https://sf1-cdn-tos.huoshanstatic.com/obj/media-fe/xgplayer_doc_video/hls/xgplayer-demo.m3u8', 'https://cdn.example.com/videos/4k/series_2001_ep_4_4K.mp4', NULL, '9nz9dJJIiZ4eMelUXssGYIsm994KCctC', '2025-08-06 07:59:19.000000', '2025-08-06 07:59:19.995681');
INSERT INTO `episode_urls` (`id`, `episode_id`, `quality`, `oss_url`, `cdn_url`, `subtitle_url`, `access_key`, `created_at`, `updated_at`) VALUES (409, 2140, '720p', 'https://sf1-cdn-tos.huoshanstatic.com/obj/media-fe/xgplayer_doc_video/hls/xgplayer-demo.m3u8', 'https://cdn.example.com/videos/720p/series_2001_ep_5_720p.mp4', NULL, 'Z3WHYm4QBb9HSeBqyxJir4tj9KsRmI3P', '2025-08-06 07:59:19.000000', '2025-08-06 07:59:19.998783');
INSERT INTO `episode_urls` (`id`, `episode_id`, `quality`, `oss_url`, `cdn_url`, `subtitle_url`, `access_key`, `created_at`, `updated_at`) VALUES (410, 2140, '1080p', 'https://sf1-cdn-tos.huoshanstatic.com/obj/media-fe/xgplayer_doc_video/hls/xgplayer-demo.m3u8', 'https://cdn.example.com/videos/1080p/series_2001_ep_5_1080p.mp4', 'https://cdn.example.com/subtitles/series_2001_ep_5.srt', 'G0qFaMmJDpfJnvPjyzomkRsh6XA7MO9g', '2025-08-06 07:59:20.000000', '2025-08-06 07:59:20.000945');
INSERT INTO `episode_urls` (`id`, `episode_id`, `quality`, `oss_url`, `cdn_url`, `subtitle_url`, `access_key`, `created_at`, `updated_at`) VALUES (411, 2140, '4K', 'https://sf1-cdn-tos.huoshanstatic.com/obj/media-fe/xgplayer_doc_video/hls/xgplayer-demo.m3u8', 'https://cdn.example.com/videos/4k/series_2001_ep_5_4K.mp4', NULL, 'fUNLQtfRRRMSSFIm2Nn6xfhb9iHVa8hc', '2025-08-06 07:59:20.000000', '2025-08-06 07:59:20.002100');
INSERT INTO `episode_urls` (`id`, `episode_id`, `quality`, `oss_url`, `cdn_url`, `subtitle_url`, `access_key`, `created_at`, `updated_at`) VALUES (412, 2141, '720p', 'https://sf1-cdn-tos.huoshanstatic.com/obj/media-fe/xgplayer_doc_video/hls/xgplayer-demo.m3u8', 'https://cdn.example.com/videos/720p/series_2001_ep_6_720p.mp4', NULL, '7tHjK6w0TsONJVn8xHMfX8Rtct1q9ijt', '2025-08-06 07:59:20.000000', '2025-08-06 07:59:20.006254');
INSERT INTO `episode_urls` (`id`, `episode_id`, `quality`, `oss_url`, `cdn_url`, `subtitle_url`, `access_key`, `created_at`, `updated_at`) VALUES (413, 2141, '1080p', 'https://sf1-cdn-tos.huoshanstatic.com/obj/media-fe/xgplayer_doc_video/hls/xgplayer-demo.m3u8', 'https://cdn.example.com/videos/1080p/series_2001_ep_6_1080p.mp4', 'https://cdn.example.com/subtitles/series_2001_ep_6.srt', 'B8Oy4JARVdKs9OfRG0Ox7oYIcuPvNh2n', '2025-08-06 07:59:20.000000', '2025-08-06 07:59:20.007798');
INSERT INTO `episode_urls` (`id`, `episode_id`, `quality`, `oss_url`, `cdn_url`, `subtitle_url`, `access_key`, `created_at`, `updated_at`) VALUES (414, 2141, '4K', 'https://sf1-cdn-tos.huoshanstatic.com/obj/media-fe/xgplayer_doc_video/hls/xgplayer-demo.m3u8', 'https://cdn.example.com/videos/4k/series_2001_ep_6_4K.mp4', NULL, 'CkGaBRDDh1zACQV1YzkycoDze4vciv6C', '2025-08-06 07:59:20.000000', '2025-08-06 07:59:20.009337');
INSERT INTO `episode_urls` (`id`, `episode_id`, `quality`, `oss_url`, `cdn_url`, `subtitle_url`, `access_key`, `created_at`, `updated_at`) VALUES (415, 2142, '720p', 'https://sf1-cdn-tos.huoshanstatic.com/obj/media-fe/xgplayer_doc_video/hls/xgplayer-demo.m3u8', 'https://cdn.example.com/videos/720p/series_2001_ep_7_720p.mp4', NULL, '6o232o5fp6bv9AGBqhz5yRLbodRSUQVy', '2025-08-06 07:59:20.000000', '2025-08-06 07:59:20.013410');
INSERT INTO `episode_urls` (`id`, `episode_id`, `quality`, `oss_url`, `cdn_url`, `subtitle_url`, `access_key`, `created_at`, `updated_at`) VALUES (416, 2142, '1080p', 'https://sf1-cdn-tos.huoshanstatic.com/obj/media-fe/xgplayer_doc_video/hls/xgplayer-demo.m3u8', 'https://cdn.example.com/videos/1080p/series_2001_ep_7_1080p.mp4', 'https://cdn.example.com/subtitles/series_2001_ep_7.srt', 'pBWImfjcu3x2Iqh4loK0e56VmBFyqqPM', '2025-08-06 07:59:20.000000', '2025-08-06 07:59:20.014813');
INSERT INTO `episode_urls` (`id`, `episode_id`, `quality`, `oss_url`, `cdn_url`, `subtitle_url`, `access_key`, `created_at`, `updated_at`) VALUES (417, 2142, '4K', 'https://sf1-cdn-tos.huoshanstatic.com/obj/media-fe/xgplayer_doc_video/hls/xgplayer-demo.m3u8', 'https://cdn.example.com/videos/4k/series_2001_ep_7_4K.mp4', NULL, '3Ya9bN2pwQLAvTdb20z2vFT1MhdoTTjL', '2025-08-06 07:59:20.000000', '2025-08-06 07:59:20.016388');
INSERT INTO `episode_urls` (`id`, `episode_id`, `quality`, `oss_url`, `cdn_url`, `subtitle_url`, `access_key`, `created_at`, `updated_at`) VALUES (418, 2143, '720p', 'https://sf1-cdn-tos.huoshanstatic.com/obj/media-fe/xgplayer_doc_video/hls/xgplayer-demo.m3u8', 'https://cdn.example.com/videos/720p/series_2001_ep_8_720p.mp4', NULL, 'rI6lnWwILLkXjE78lml3Pblc6PN0Kdzu', '2025-08-06 07:59:20.000000', '2025-08-06 07:59:20.019159');
INSERT INTO `episode_urls` (`id`, `episode_id`, `quality`, `oss_url`, `cdn_url`, `subtitle_url`, `access_key`, `created_at`, `updated_at`) VALUES (419, 2143, '1080p', 'https://sf1-cdn-tos.huoshanstatic.com/obj/media-fe/xgplayer_doc_video/hls/xgplayer-demo.m3u8', 'https://cdn.example.com/videos/1080p/series_2001_ep_8_1080p.mp4', 'https://cdn.example.com/subtitles/series_2001_ep_8.srt', 'LOBvjhwVGsGGElIqoJcgSoAmvzVsQaSn', '2025-08-06 07:59:20.000000', '2025-08-06 07:59:20.021249');
INSERT INTO `episode_urls` (`id`, `episode_id`, `quality`, `oss_url`, `cdn_url`, `subtitle_url`, `access_key`, `created_at`, `updated_at`) VALUES (420, 2143, '4K', 'https://sf1-cdn-tos.huoshanstatic.com/obj/media-fe/xgplayer_doc_video/hls/xgplayer-demo.m3u8', 'https://cdn.example.com/videos/4k/series_2001_ep_8_4K.mp4', NULL, 'tiB64E5SzgUtBriLgCgC5ZcLZmFyYbtm', '2025-08-06 07:59:20.000000', '2025-08-06 07:59:20.022872');
INSERT INTO `episode_urls` (`id`, `episode_id`, `quality`, `oss_url`, `cdn_url`, `subtitle_url`, `access_key`, `created_at`, `updated_at`) VALUES (421, 2144, '720p', 'https://sf1-cdn-tos.huoshanstatic.com/obj/media-fe/xgplayer_doc_video/hls/xgplayer-demo.m3u8', 'https://cdn.example.com/videos/720p/series_2001_ep_9_720p.mp4', NULL, 'XsFu3oA6Aqk9J74FfGGtefw1dbtuvlzO', '2025-08-06 07:59:20.000000', '2025-08-06 07:59:20.026067');
INSERT INTO `episode_urls` (`id`, `episode_id`, `quality`, `oss_url`, `cdn_url`, `subtitle_url`, `access_key`, `created_at`, `updated_at`) VALUES (422, 2144, '1080p', 'https://sf1-cdn-tos.huoshanstatic.com/obj/media-fe/xgplayer_doc_video/hls/xgplayer-demo.m3u8', 'https://cdn.example.com/videos/1080p/series_2001_ep_9_1080p.mp4', 'https://cdn.example.com/subtitles/series_2001_ep_9.srt', 'ztsDC6vvESaBCkboDjSfgEFKsQfWJVFO', '2025-08-06 07:59:20.000000', '2025-08-06 07:59:20.027386');
INSERT INTO `episode_urls` (`id`, `episode_id`, `quality`, `oss_url`, `cdn_url`, `subtitle_url`, `access_key`, `created_at`, `updated_at`) VALUES (423, 2144, '4K', 'https://sf1-cdn-tos.huoshanstatic.com/obj/media-fe/xgplayer_doc_video/hls/xgplayer-demo.m3u8', 'https://cdn.example.com/videos/4k/series_2001_ep_9_4K.mp4', NULL, 'TvjtkfcSuV7rlVyBB1CEfs9C39IxeGKk', '2025-08-06 07:59:20.000000', '2025-08-06 07:59:20.029812');
INSERT INTO `episode_urls` (`id`, `episode_id`, `quality`, `oss_url`, `cdn_url`, `subtitle_url`, `access_key`, `created_at`, `updated_at`) VALUES (424, 2145, '720p', 'https://sf1-cdn-tos.huoshanstatic.com/obj/media-fe/xgplayer_doc_video/hls/xgplayer-demo.m3u8', 'https://cdn.example.com/videos/720p/series_2001_ep_10_720p.mp4', NULL, 'Yvz4Fic0iXb4LgroHmIfmUqlWyj07dck', '2025-08-06 07:59:20.000000', '2025-08-06 07:59:20.032781');
INSERT INTO `episode_urls` (`id`, `episode_id`, `quality`, `oss_url`, `cdn_url`, `subtitle_url`, `access_key`, `created_at`, `updated_at`) VALUES (425, 2145, '1080p', 'https://sf1-cdn-tos.huoshanstatic.com/obj/media-fe/xgplayer_doc_video/hls/xgplayer-demo.m3u8', 'https://cdn.example.com/videos/1080p/series_2001_ep_10_1080p.mp4', 'https://cdn.example.com/subtitles/series_2001_ep_10.srt', 'QrpXrAqYdtg3FDs6dD7mTw5XdNYOCXVv', '2025-08-06 07:59:20.000000', '2025-08-06 07:59:20.034291');
INSERT INTO `episode_urls` (`id`, `episode_id`, `quality`, `oss_url`, `cdn_url`, `subtitle_url`, `access_key`, `created_at`, `updated_at`) VALUES (426, 2145, '4K', 'https://sf1-cdn-tos.huoshanstatic.com/obj/media-fe/xgplayer_doc_video/hls/xgplayer-demo.m3u8', 'https://cdn.example.com/videos/4k/series_2001_ep_10_4K.mp4', NULL, '3GcVZCJXXEngd8q38m196a0dnCQt1KYZ', '2025-08-06 07:59:20.000000', '2025-08-06 07:59:20.035581');
INSERT INTO `episode_urls` (`id`, `episode_id`, `quality`, `oss_url`, `cdn_url`, `subtitle_url`, `access_key`, `created_at`, `updated_at`) VALUES (427, 2146, '720p', 'https://sf1-cdn-tos.huoshanstatic.com/obj/media-fe/xgplayer_doc_video/hls/xgplayer-demo.m3u8', 'https://cdn.example.com/videos/720p/series_2001_ep_11_720p.mp4', NULL, '6r3IvQxejO8BJGpy3yG5ujjEN6PrW1I6', '2025-08-06 07:59:20.000000', '2025-08-06 07:59:20.039880');
INSERT INTO `episode_urls` (`id`, `episode_id`, `quality`, `oss_url`, `cdn_url`, `subtitle_url`, `access_key`, `created_at`, `updated_at`) VALUES (428, 2146, '1080p', 'https://sf1-cdn-tos.huoshanstatic.com/obj/media-fe/xgplayer_doc_video/hls/xgplayer-demo.m3u8', 'https://cdn.example.com/videos/1080p/series_2001_ep_11_1080p.mp4', 'https://cdn.example.com/subtitles/series_2001_ep_11.srt', 'zoka95MJYq9tI92Bc2WkluQQ6rtxLPxR', '2025-08-06 07:59:20.000000', '2025-08-06 07:59:20.040969');
INSERT INTO `episode_urls` (`id`, `episode_id`, `quality`, `oss_url`, `cdn_url`, `subtitle_url`, `access_key`, `created_at`, `updated_at`) VALUES (429, 2146, '4K', 'https://sf1-cdn-tos.huoshanstatic.com/obj/media-fe/xgplayer_doc_video/hls/xgplayer-demo.m3u8', 'https://cdn.example.com/videos/4k/series_2001_ep_11_4K.mp4', NULL, 'Yc371jbdqrh5lnR5IP9RwqXvZlsARMZH', '2025-08-06 07:59:20.000000', '2025-08-06 07:59:20.042319');
INSERT INTO `episode_urls` (`id`, `episode_id`, `quality`, `oss_url`, `cdn_url`, `subtitle_url`, `access_key`, `created_at`, `updated_at`) VALUES (430, 2147, '720p', 'https://sf1-cdn-tos.huoshanstatic.com/obj/media-fe/xgplayer_doc_video/hls/xgplayer-demo.m3u8', 'https://cdn.example.com/videos/720p/series_2001_ep_12_720p.mp4', NULL, 'TgLra9AEC9NK8loRMu9SEpy761PXSlVZ', '2025-08-06 07:59:20.000000', '2025-08-06 07:59:20.045745');
INSERT INTO `episode_urls` (`id`, `episode_id`, `quality`, `oss_url`, `cdn_url`, `subtitle_url`, `access_key`, `created_at`, `updated_at`) VALUES (431, 2147, '1080p', 'https://sf1-cdn-tos.huoshanstatic.com/obj/media-fe/xgplayer_doc_video/hls/xgplayer-demo.m3u8', 'https://cdn.example.com/videos/1080p/series_2001_ep_12_1080p.mp4', 'https://cdn.example.com/subtitles/series_2001_ep_12.srt', 'aMX6VHbxyMdw4D8sDusJ7a9KZEJcAWTG', '2025-08-06 07:59:20.000000', '2025-08-06 07:59:20.048215');
INSERT INTO `episode_urls` (`id`, `episode_id`, `quality`, `oss_url`, `cdn_url`, `subtitle_url`, `access_key`, `created_at`, `updated_at`) VALUES (432, 2147, '4K', 'https://sf1-cdn-tos.huoshanstatic.com/obj/media-fe/xgplayer_doc_video/hls/xgplayer-demo.m3u8', 'https://cdn.example.com/videos/4k/series_2001_ep_12_4K.mp4', NULL, 'Mc5zuDVQPBsoPtLX7ilCDsQnoc39t6cs', '2025-08-06 07:59:20.000000', '2025-08-06 07:59:20.049301');
INSERT INTO `episode_urls` (`id`, `episode_id`, `quality`, `oss_url`, `cdn_url`, `subtitle_url`, `access_key`, `created_at`, `updated_at`) VALUES (433, 2148, '720p', 'https://sf1-cdn-tos.huoshanstatic.com/obj/media-fe/xgplayer_doc_video/hls/xgplayer-demo.m3u8', 'https://cdn.example.com/videos/720p/series_2001_ep_13_720p.mp4', NULL, 'QjYQNMIQpCd9bSWw43MkplIEyz3uvFJ8', '2025-08-06 07:59:20.000000', '2025-08-06 07:59:20.052486');
INSERT INTO `episode_urls` (`id`, `episode_id`, `quality`, `oss_url`, `cdn_url`, `subtitle_url`, `access_key`, `created_at`, `updated_at`) VALUES (434, 2148, '1080p', 'https://sf1-cdn-tos.huoshanstatic.com/obj/media-fe/xgplayer_doc_video/hls/xgplayer-demo.m3u8', 'https://cdn.example.com/videos/1080p/series_2001_ep_13_1080p.mp4', 'https://cdn.example.com/subtitles/series_2001_ep_13.srt', 'h3V7PtgR8T24SYZk3hexZWeZc38TV6GT', '2025-08-06 07:59:20.000000', '2025-08-06 07:59:20.054158');
INSERT INTO `episode_urls` (`id`, `episode_id`, `quality`, `oss_url`, `cdn_url`, `subtitle_url`, `access_key`, `created_at`, `updated_at`) VALUES (435, 2148, '4K', 'https://sf1-cdn-tos.huoshanstatic.com/obj/media-fe/xgplayer_doc_video/hls/xgplayer-demo.m3u8', 'https://cdn.example.com/videos/4k/series_2001_ep_13_4K.mp4', NULL, '4G1DO8cAihCLjYcbL84PYGSKIcFsKLX2', '2025-08-06 07:59:20.000000', '2025-08-06 07:59:20.055836');
INSERT INTO `episode_urls` (`id`, `episode_id`, `quality`, `oss_url`, `cdn_url`, `subtitle_url`, `access_key`, `created_at`, `updated_at`) VALUES (436, 2149, '720p', 'https://sf1-cdn-tos.huoshanstatic.com/obj/media-fe/xgplayer_doc_video/hls/xgplayer-demo.m3u8', 'https://cdn.example.com/videos/720p/series_2001_ep_14_720p.mp4', NULL, 'wVh6YhM5FFTdsaWfZmPfNfZQdWJ9DJbC', '2025-08-06 07:59:20.000000', '2025-08-06 07:59:20.059025');
INSERT INTO `episode_urls` (`id`, `episode_id`, `quality`, `oss_url`, `cdn_url`, `subtitle_url`, `access_key`, `created_at`, `updated_at`) VALUES (437, 2149, '1080p', 'https://sf1-cdn-tos.huoshanstatic.com/obj/media-fe/xgplayer_doc_video/hls/xgplayer-demo.m3u8', 'https://cdn.example.com/videos/1080p/series_2001_ep_14_1080p.mp4', 'https://cdn.example.com/subtitles/series_2001_ep_14.srt', 'D3uWbANxBHmrtSmgOssUWbJJONYRXCEP', '2025-08-06 07:59:20.000000', '2025-08-06 07:59:20.060217');
INSERT INTO `episode_urls` (`id`, `episode_id`, `quality`, `oss_url`, `cdn_url`, `subtitle_url`, `access_key`, `created_at`, `updated_at`) VALUES (438, 2149, '4K', 'https://sf1-cdn-tos.huoshanstatic.com/obj/media-fe/xgplayer_doc_video/hls/xgplayer-demo.m3u8', 'https://cdn.example.com/videos/4k/series_2001_ep_14_4K.mp4', NULL, 'JZuJA7nS4P1sEmEWU7XJfT22wB7Z39l4', '2025-08-06 07:59:20.000000', '2025-08-06 07:59:20.061638');
INSERT INTO `episode_urls` (`id`, `episode_id`, `quality`, `oss_url`, `cdn_url`, `subtitle_url`, `access_key`, `created_at`, `updated_at`) VALUES (439, 2150, '720p', 'https://sf1-cdn-tos.huoshanstatic.com/obj/media-fe/xgplayer_doc_video/hls/xgplayer-demo.m3u8', 'https://cdn.example.com/videos/720p/series_2001_ep_15_720p.mp4', NULL, 'Ehwn90bEZ2oDEp4ZwNJno3TOBoApUz1x', '2025-08-06 07:59:20.000000', '2025-08-06 07:59:20.066113');
INSERT INTO `episode_urls` (`id`, `episode_id`, `quality`, `oss_url`, `cdn_url`, `subtitle_url`, `access_key`, `created_at`, `updated_at`) VALUES (440, 2150, '1080p', 'https://sf1-cdn-tos.huoshanstatic.com/obj/media-fe/xgplayer_doc_video/hls/xgplayer-demo.m3u8', 'https://cdn.example.com/videos/1080p/series_2001_ep_15_1080p.mp4', 'https://cdn.example.com/subtitles/series_2001_ep_15.srt', 'vwuFJDSjlAy8L2mNScoYjOcVLeMAWNEk', '2025-08-06 07:59:20.000000', '2025-08-06 07:59:20.067693');
INSERT INTO `episode_urls` (`id`, `episode_id`, `quality`, `oss_url`, `cdn_url`, `subtitle_url`, `access_key`, `created_at`, `updated_at`) VALUES (441, 2150, '4K', 'https://sf1-cdn-tos.huoshanstatic.com/obj/media-fe/xgplayer_doc_video/hls/xgplayer-demo.m3u8', 'https://cdn.example.com/videos/4k/series_2001_ep_15_4K.mp4', NULL, '07WECZS9c11N6L1ZF1NeVANswf74CacG', '2025-08-06 07:59:20.000000', '2025-08-06 07:59:20.069178');
INSERT INTO `episode_urls` (`id`, `episode_id`, `quality`, `oss_url`, `cdn_url`, `subtitle_url`, `access_key`, `created_at`, `updated_at`) VALUES (442, 2151, '720p', 'https://sf1-cdn-tos.huoshanstatic.com/obj/media-fe/xgplayer_doc_video/hls/xgplayer-demo.m3u8', 'https://cdn.example.com/videos/720p/series_2001_ep_16_720p.mp4', NULL, 'lUDMmbb4610Ed3RcwzBx5hsKqemDeatV', '2025-08-06 07:59:20.000000', '2025-08-06 07:59:20.073751');
INSERT INTO `episode_urls` (`id`, `episode_id`, `quality`, `oss_url`, `cdn_url`, `subtitle_url`, `access_key`, `created_at`, `updated_at`) VALUES (443, 2151, '1080p', 'https://sf1-cdn-tos.huoshanstatic.com/obj/media-fe/xgplayer_doc_video/hls/xgplayer-demo.m3u8', 'https://cdn.example.com/videos/1080p/series_2001_ep_16_1080p.mp4', 'https://cdn.example.com/subtitles/series_2001_ep_16.srt', 'MYes6SxxxzkOR5dsDBbsFn1kLaj5gmt9', '2025-08-06 07:59:20.000000', '2025-08-06 07:59:20.075335');
INSERT INTO `episode_urls` (`id`, `episode_id`, `quality`, `oss_url`, `cdn_url`, `subtitle_url`, `access_key`, `created_at`, `updated_at`) VALUES (444, 2151, '4K', 'https://sf1-cdn-tos.huoshanstatic.com/obj/media-fe/xgplayer_doc_video/hls/xgplayer-demo.m3u8', 'https://cdn.example.com/videos/4k/series_2001_ep_16_4K.mp4', NULL, 'Z9Ef9YM7pyAht6WeQuGRCzQQD8G5WZlI', '2025-08-06 07:59:20.000000', '2025-08-06 07:59:20.076770');
INSERT INTO `episode_urls` (`id`, `episode_id`, `quality`, `oss_url`, `cdn_url`, `subtitle_url`, `access_key`, `created_at`, `updated_at`) VALUES (445, 2152, '720p', 'https://sf1-cdn-tos.huoshanstatic.com/obj/media-fe/xgplayer_doc_video/hls/xgplayer-demo.m3u8', 'https://cdn.example.com/videos/720p/series_2001_ep_17_720p.mp4', NULL, 'EYp3NOZe2ZGWq99wYwVSK6Hk6Xmgb52J', '2025-08-06 07:59:20.000000', '2025-08-06 07:59:20.081491');
INSERT INTO `episode_urls` (`id`, `episode_id`, `quality`, `oss_url`, `cdn_url`, `subtitle_url`, `access_key`, `created_at`, `updated_at`) VALUES (446, 2152, '1080p', 'https://sf1-cdn-tos.huoshanstatic.com/obj/media-fe/xgplayer_doc_video/hls/xgplayer-demo.m3u8', 'https://cdn.example.com/videos/1080p/series_2001_ep_17_1080p.mp4', 'https://cdn.example.com/subtitles/series_2001_ep_17.srt', 'eW2Y8B4zcg2kyuOqYTheA8W8uI2Vhuno', '2025-08-06 07:59:20.000000', '2025-08-06 07:59:20.082973');
INSERT INTO `episode_urls` (`id`, `episode_id`, `quality`, `oss_url`, `cdn_url`, `subtitle_url`, `access_key`, `created_at`, `updated_at`) VALUES (447, 2152, '4K', 'https://sf1-cdn-tos.huoshanstatic.com/obj/media-fe/xgplayer_doc_video/hls/xgplayer-demo.m3u8', 'https://cdn.example.com/videos/4k/series_2001_ep_17_4K.mp4', NULL, 'DNqehOSjTIsoao7QEDOYwYzz1n9vsIoZ', '2025-08-06 07:59:20.000000', '2025-08-06 07:59:20.084289');
INSERT INTO `episode_urls` (`id`, `episode_id`, `quality`, `oss_url`, `cdn_url`, `subtitle_url`, `access_key`, `created_at`, `updated_at`) VALUES (448, 2153, '720p', 'https://sf1-cdn-tos.huoshanstatic.com/obj/media-fe/xgplayer_doc_video/hls/xgplayer-demo.m3u8', 'https://cdn.example.com/videos/720p/series_2001_ep_18_720p.mp4', NULL, 'GKULz2qMYQ1oke1VwuHovXWLkXhjAcjf', '2025-08-06 07:59:20.000000', '2025-08-06 07:59:20.087649');
INSERT INTO `episode_urls` (`id`, `episode_id`, `quality`, `oss_url`, `cdn_url`, `subtitle_url`, `access_key`, `created_at`, `updated_at`) VALUES (449, 2153, '1080p', 'https://sf1-cdn-tos.huoshanstatic.com/obj/media-fe/xgplayer_doc_video/hls/xgplayer-demo.m3u8', 'https://cdn.example.com/videos/1080p/series_2001_ep_18_1080p.mp4', 'https://cdn.example.com/subtitles/series_2001_ep_18.srt', '24jw2DMPy4UU26PyH9BBopwnNbp6Se6Q', '2025-08-06 07:59:20.000000', '2025-08-06 07:59:20.089718');
INSERT INTO `episode_urls` (`id`, `episode_id`, `quality`, `oss_url`, `cdn_url`, `subtitle_url`, `access_key`, `created_at`, `updated_at`) VALUES (450, 2153, '4K', 'https://sf1-cdn-tos.huoshanstatic.com/obj/media-fe/xgplayer_doc_video/hls/xgplayer-demo.m3u8', 'https://cdn.example.com/videos/4k/series_2001_ep_18_4K.mp4', NULL, '6lXyXHOQtIx6IBjWBlqXfBauyF6ZNY2c', '2025-08-06 07:59:20.000000', '2025-08-06 07:59:20.090954');
INSERT INTO `episode_urls` (`id`, `episode_id`, `quality`, `oss_url`, `cdn_url`, `subtitle_url`, `access_key`, `created_at`, `updated_at`) VALUES (451, 2154, '720p', 'https://sf1-cdn-tos.huoshanstatic.com/obj/media-fe/xgplayer_doc_video/hls/xgplayer-demo.m3u8', 'https://cdn.example.com/videos/720p/series_2001_ep_19_720p.mp4', NULL, 'M3hMDXvqhnDFxYp7zXfZL4PisORFsJHi', '2025-08-06 07:59:20.000000', '2025-08-06 07:59:20.096584');
INSERT INTO `episode_urls` (`id`, `episode_id`, `quality`, `oss_url`, `cdn_url`, `subtitle_url`, `access_key`, `created_at`, `updated_at`) VALUES (452, 2154, '1080p', 'https://sf1-cdn-tos.huoshanstatic.com/obj/media-fe/xgplayer_doc_video/hls/xgplayer-demo.m3u8', 'https://cdn.example.com/videos/1080p/series_2001_ep_19_1080p.mp4', 'https://cdn.example.com/subtitles/series_2001_ep_19.srt', 'dgVOdt3SPZcZ5vlJFOUGV5dBAmmk6sad', '2025-08-06 07:59:20.000000', '2025-08-06 07:59:20.098848');
INSERT INTO `episode_urls` (`id`, `episode_id`, `quality`, `oss_url`, `cdn_url`, `subtitle_url`, `access_key`, `created_at`, `updated_at`) VALUES (453, 2154, '4K', 'https://sf1-cdn-tos.huoshanstatic.com/obj/media-fe/xgplayer_doc_video/hls/xgplayer-demo.m3u8', 'https://cdn.example.com/videos/4k/series_2001_ep_19_4K.mp4', NULL, 'pKBzkETniRobNB1889almClNveN24kED', '2025-08-06 07:59:20.000000', '2025-08-06 07:59:20.100510');
INSERT INTO `episode_urls` (`id`, `episode_id`, `quality`, `oss_url`, `cdn_url`, `subtitle_url`, `access_key`, `created_at`, `updated_at`) VALUES (454, 2155, '720p', 'https://sf1-cdn-tos.huoshanstatic.com/obj/media-fe/xgplayer_doc_video/hls/xgplayer-demo.m3u8', 'https://cdn.example.com/videos/720p/series_2001_ep_20_720p.mp4', NULL, '26Y9Im06H5FZKRGrIcHuFctPabbAUr82', '2025-08-06 07:59:20.000000', '2025-08-06 07:59:20.104918');
INSERT INTO `episode_urls` (`id`, `episode_id`, `quality`, `oss_url`, `cdn_url`, `subtitle_url`, `access_key`, `created_at`, `updated_at`) VALUES (455, 2155, '1080p', 'https://sf1-cdn-tos.huoshanstatic.com/obj/media-fe/xgplayer_doc_video/hls/xgplayer-demo.m3u8', 'https://cdn.example.com/videos/1080p/series_2001_ep_20_1080p.mp4', 'https://cdn.example.com/subtitles/series_2001_ep_20.srt', 'UBE4HuJFYQ67NMUbKoumHIR8Qu54EnfX', '2025-08-06 07:59:20.000000', '2025-08-06 07:59:20.106657');
INSERT INTO `episode_urls` (`id`, `episode_id`, `quality`, `oss_url`, `cdn_url`, `subtitle_url`, `access_key`, `created_at`, `updated_at`) VALUES (456, 2155, '4K', 'https://sf1-cdn-tos.huoshanstatic.com/obj/media-fe/xgplayer_doc_video/hls/xgplayer-demo.m3u8', 'https://cdn.example.com/videos/4k/series_2001_ep_20_4K.mp4', NULL, 'n4Ey2KxCkzNx1559rbptxYKqsy7CkPzH', '2025-08-06 07:59:20.000000', '2025-08-06 07:59:20.108089');
INSERT INTO `episode_urls` (`id`, `episode_id`, `quality`, `oss_url`, `cdn_url`, `subtitle_url`, `access_key`, `created_at`, `updated_at`) VALUES (457, 2156, '720p', 'https://sf1-cdn-tos.huoshanstatic.com/obj/media-fe/xgplayer_doc_video/hls/xgplayer-demo.m3u8', 'https://cdn.example.com/videos/720p/series_2001_ep_21_720p.mp4', NULL, 'oAa6R7jl6UaaRXlrMDJQGA8VkDTcJTXD', '2025-08-06 07:59:20.000000', '2025-08-06 07:59:20.111290');
INSERT INTO `episode_urls` (`id`, `episode_id`, `quality`, `oss_url`, `cdn_url`, `subtitle_url`, `access_key`, `created_at`, `updated_at`) VALUES (458, 2156, '1080p', 'https://sf1-cdn-tos.huoshanstatic.com/obj/media-fe/xgplayer_doc_video/hls/xgplayer-demo.m3u8', 'https://cdn.example.com/videos/1080p/series_2001_ep_21_1080p.mp4', 'https://cdn.example.com/subtitles/series_2001_ep_21.srt', 'qAgDxKjOQPX85KwQrpdeTd7DJSHnWX3u', '2025-08-06 07:59:20.000000', '2025-08-06 07:59:20.113111');
INSERT INTO `episode_urls` (`id`, `episode_id`, `quality`, `oss_url`, `cdn_url`, `subtitle_url`, `access_key`, `created_at`, `updated_at`) VALUES (459, 2156, '4K', 'https://sf1-cdn-tos.huoshanstatic.com/obj/media-fe/xgplayer_doc_video/hls/xgplayer-demo.m3u8', 'https://cdn.example.com/videos/4k/series_2001_ep_21_4K.mp4', NULL, 'nCbJRMSSRh3pDybljzCWnOPNTaW88GlQ', '2025-08-06 07:59:20.000000', '2025-08-06 07:59:20.114830');
INSERT INTO `episode_urls` (`id`, `episode_id`, `quality`, `oss_url`, `cdn_url`, `subtitle_url`, `access_key`, `created_at`, `updated_at`) VALUES (460, 2157, '720p', 'https://sf1-cdn-tos.huoshanstatic.com/obj/media-fe/xgplayer_doc_video/hls/xgplayer-demo.m3u8', 'https://cdn.example.com/videos/720p/series_2001_ep_22_720p.mp4', NULL, 'UM4CBbPkOHBUj4KiC6B6UJs44LHNIaPb', '2025-08-06 07:59:20.000000', '2025-08-06 07:59:20.118303');
INSERT INTO `episode_urls` (`id`, `episode_id`, `quality`, `oss_url`, `cdn_url`, `subtitle_url`, `access_key`, `created_at`, `updated_at`) VALUES (461, 2157, '1080p', 'https://sf1-cdn-tos.huoshanstatic.com/obj/media-fe/xgplayer_doc_video/hls/xgplayer-demo.m3u8', 'https://cdn.example.com/videos/1080p/series_2001_ep_22_1080p.mp4', 'https://cdn.example.com/subtitles/series_2001_ep_22.srt', 'hWhJCXqgFZkQ014iYGRsg455PeW0gbTC', '2025-08-06 07:59:20.000000', '2025-08-06 07:59:20.120862');
INSERT INTO `episode_urls` (`id`, `episode_id`, `quality`, `oss_url`, `cdn_url`, `subtitle_url`, `access_key`, `created_at`, `updated_at`) VALUES (462, 2157, '4K', 'https://sf1-cdn-tos.huoshanstatic.com/obj/media-fe/xgplayer_doc_video/hls/xgplayer-demo.m3u8', 'https://cdn.example.com/videos/4k/series_2001_ep_22_4K.mp4', NULL, 'gwXem5DmaV22gjsMIOf9T0S4MX2xhc3X', '2025-08-06 07:59:20.000000', '2025-08-06 07:59:20.123078');
INSERT INTO `episode_urls` (`id`, `episode_id`, `quality`, `oss_url`, `cdn_url`, `subtitle_url`, `access_key`, `created_at`, `updated_at`) VALUES (463, 2158, '720p', 'https://sf1-cdn-tos.huoshanstatic.com/obj/media-fe/xgplayer_doc_video/hls/xgplayer-demo.m3u8', 'https://cdn.example.com/videos/720p/series_2001_ep_23_720p.mp4', NULL, 'GwoebuMike7diex8IUUU0xJFFMha2gRX', '2025-08-06 07:59:20.000000', '2025-08-06 07:59:20.126140');
INSERT INTO `episode_urls` (`id`, `episode_id`, `quality`, `oss_url`, `cdn_url`, `subtitle_url`, `access_key`, `created_at`, `updated_at`) VALUES (464, 2158, '1080p', 'https://sf1-cdn-tos.huoshanstatic.com/obj/media-fe/xgplayer_doc_video/hls/xgplayer-demo.m3u8', 'https://cdn.example.com/videos/1080p/series_2001_ep_23_1080p.mp4', 'https://cdn.example.com/subtitles/series_2001_ep_23.srt', 'iX7WbDtavO7smm9Co586Kk0fifL3cBCJ', '2025-08-06 07:59:20.000000', '2025-08-06 07:59:20.127814');
INSERT INTO `episode_urls` (`id`, `episode_id`, `quality`, `oss_url`, `cdn_url`, `subtitle_url`, `access_key`, `created_at`, `updated_at`) VALUES (465, 2158, '4K', 'https://sf1-cdn-tos.huoshanstatic.com/obj/media-fe/xgplayer_doc_video/hls/xgplayer-demo.m3u8', 'https://cdn.example.com/videos/4k/series_2001_ep_23_4K.mp4', NULL, '8Xv2wSZbDN2pOxl53tZM09YlR9iu8aQo', '2025-08-06 07:59:20.000000', '2025-08-06 07:59:20.129540');
INSERT INTO `episode_urls` (`id`, `episode_id`, `quality`, `oss_url`, `cdn_url`, `subtitle_url`, `access_key`, `created_at`, `updated_at`) VALUES (466, 2159, '720p', 'https://sf1-cdn-tos.huoshanstatic.com/obj/media-fe/xgplayer_doc_video/hls/xgplayer-demo.m3u8', 'https://cdn.example.com/videos/720p/series_2001_ep_24_720p.mp4', NULL, 'SFssEw5hFCDQ6Pb4VKGfUrj0p8LRzt2F', '2025-08-06 07:59:20.000000', '2025-08-06 07:59:20.132612');
INSERT INTO `episode_urls` (`id`, `episode_id`, `quality`, `oss_url`, `cdn_url`, `subtitle_url`, `access_key`, `created_at`, `updated_at`) VALUES (467, 2159, '1080p', 'https://sf1-cdn-tos.huoshanstatic.com/obj/media-fe/xgplayer_doc_video/hls/xgplayer-demo.m3u8', 'https://cdn.example.com/videos/1080p/series_2001_ep_24_1080p.mp4', 'https://cdn.example.com/subtitles/series_2001_ep_24.srt', 'IbpGHApb1U7DKAu3JHrSUOTvOtFVZLHM', '2025-08-06 07:59:20.000000', '2025-08-06 07:59:20.134762');
INSERT INTO `episode_urls` (`id`, `episode_id`, `quality`, `oss_url`, `cdn_url`, `subtitle_url`, `access_key`, `created_at`, `updated_at`) VALUES (468, 2159, '4K', 'https://sf1-cdn-tos.huoshanstatic.com/obj/media-fe/xgplayer_doc_video/hls/xgplayer-demo.m3u8', 'https://cdn.example.com/videos/4k/series_2001_ep_24_4K.mp4', NULL, 'yCewQjeH2fceNBK2cc86ZC3bscrNk7Mm', '2025-08-06 07:59:20.000000', '2025-08-06 07:59:20.136228');
INSERT INTO `episode_urls` (`id`, `episode_id`, `quality`, `oss_url`, `cdn_url`, `subtitle_url`, `access_key`, `created_at`, `updated_at`) VALUES (469, 2160, '720p', 'https://sf1-cdn-tos.huoshanstatic.com/obj/media-fe/xgplayer_doc_video/hls/xgplayer-demo.m3u8', 'https://cdn.example.com/videos/720p/series_2002_ep_1_720p.mp4', NULL, 'DosFGFPcJGR0dikmF7GtV2SgDsA1y9ed', '2025-08-06 07:59:20.000000', '2025-08-06 07:59:20.140000');
INSERT INTO `episode_urls` (`id`, `episode_id`, `quality`, `oss_url`, `cdn_url`, `subtitle_url`, `access_key`, `created_at`, `updated_at`) VALUES (470, 2160, '1080p', 'https://sf1-cdn-tos.huoshanstatic.com/obj/media-fe/xgplayer_doc_video/hls/xgplayer-demo.m3u8', 'https://cdn.example.com/videos/1080p/series_2002_ep_1_1080p.mp4', 'https://cdn.example.com/subtitles/series_2002_ep_1.srt', 'os2mgtxrRxP76h53rdu2CwspCi82PS3H', '2025-08-06 07:59:20.000000', '2025-08-06 07:59:20.141447');
INSERT INTO `episode_urls` (`id`, `episode_id`, `quality`, `oss_url`, `cdn_url`, `subtitle_url`, `access_key`, `created_at`, `updated_at`) VALUES (471, 2160, '4K', 'https://sf1-cdn-tos.huoshanstatic.com/obj/media-fe/xgplayer_doc_video/hls/xgplayer-demo.m3u8', 'https://cdn.example.com/videos/4k/series_2002_ep_1_4K.mp4', NULL, 'R0At9692x5h7qwX2tVfFEK8Zt4EC36BS', '2025-08-06 07:59:20.000000', '2025-08-06 07:59:20.142755');
INSERT INTO `episode_urls` (`id`, `episode_id`, `quality`, `oss_url`, `cdn_url`, `subtitle_url`, `access_key`, `created_at`, `updated_at`) VALUES (472, 2161, '720p', 'https://sf1-cdn-tos.huoshanstatic.com/obj/media-fe/xgplayer_doc_video/hls/xgplayer-demo.m3u8', 'https://cdn.example.com/videos/720p/series_2002_ep_2_720p.mp4', NULL, 'tYZ9W000I1diIuL9G29mhhdAtmQwxGWe', '2025-08-06 07:59:20.000000', '2025-08-06 07:59:20.146787');
INSERT INTO `episode_urls` (`id`, `episode_id`, `quality`, `oss_url`, `cdn_url`, `subtitle_url`, `access_key`, `created_at`, `updated_at`) VALUES (473, 2161, '1080p', 'https://sf1-cdn-tos.huoshanstatic.com/obj/media-fe/xgplayer_doc_video/hls/xgplayer-demo.m3u8', 'https://cdn.example.com/videos/1080p/series_2002_ep_2_1080p.mp4', 'https://cdn.example.com/subtitles/series_2002_ep_2.srt', 'A2rpejM6hwnJF4gU6ylwSo17eZd6KOT4', '2025-08-06 07:59:20.000000', '2025-08-06 07:59:20.148482');
INSERT INTO `episode_urls` (`id`, `episode_id`, `quality`, `oss_url`, `cdn_url`, `subtitle_url`, `access_key`, `created_at`, `updated_at`) VALUES (474, 2161, '4K', 'https://sf1-cdn-tos.huoshanstatic.com/obj/media-fe/xgplayer_doc_video/hls/xgplayer-demo.m3u8', 'https://cdn.example.com/videos/4k/series_2002_ep_2_4K.mp4', NULL, '9RAwEhM91w1K7HYdEwwEn9NvkHETGM6L', '2025-08-06 07:59:20.000000', '2025-08-06 07:59:20.149775');
INSERT INTO `episode_urls` (`id`, `episode_id`, `quality`, `oss_url`, `cdn_url`, `subtitle_url`, `access_key`, `created_at`, `updated_at`) VALUES (475, 2162, '720p', 'https://sf1-cdn-tos.huoshanstatic.com/obj/media-fe/xgplayer_doc_video/hls/xgplayer-demo.m3u8', 'https://cdn.example.com/videos/720p/series_2002_ep_3_720p.mp4', NULL, 'NFutBpP6rUoBHN3fDg1e5ejXvP1HpGye', '2025-08-06 07:59:20.000000', '2025-08-06 07:59:20.152165');
INSERT INTO `episode_urls` (`id`, `episode_id`, `quality`, `oss_url`, `cdn_url`, `subtitle_url`, `access_key`, `created_at`, `updated_at`) VALUES (476, 2162, '1080p', 'https://sf1-cdn-tos.huoshanstatic.com/obj/media-fe/xgplayer_doc_video/hls/xgplayer-demo.m3u8', 'https://cdn.example.com/videos/1080p/series_2002_ep_3_1080p.mp4', 'https://cdn.example.com/subtitles/series_2002_ep_3.srt', 'RZIztcIT5UX7JHDlguYYK6HFHiFmuDTG', '2025-08-06 07:59:20.000000', '2025-08-06 07:59:20.153877');
INSERT INTO `episode_urls` (`id`, `episode_id`, `quality`, `oss_url`, `cdn_url`, `subtitle_url`, `access_key`, `created_at`, `updated_at`) VALUES (477, 2162, '4K', 'https://sf1-cdn-tos.huoshanstatic.com/obj/media-fe/xgplayer_doc_video/hls/xgplayer-demo.m3u8', 'https://cdn.example.com/videos/4k/series_2002_ep_3_4K.mp4', NULL, '8aiUMBMDTuAKZYScQdfEKKuN931rB7f6', '2025-08-06 07:59:20.000000', '2025-08-06 07:59:20.155709');
INSERT INTO `episode_urls` (`id`, `episode_id`, `quality`, `oss_url`, `cdn_url`, `subtitle_url`, `access_key`, `created_at`, `updated_at`) VALUES (478, 2163, '720p', 'https://sf1-cdn-tos.huoshanstatic.com/obj/media-fe/xgplayer_doc_video/hls/xgplayer-demo.m3u8', 'https://cdn.example.com/videos/720p/series_2002_ep_4_720p.mp4', NULL, '8AnA4Z2grlhsTgB4JPtP1a9RPKDKAuch', '2025-08-06 07:59:20.000000', '2025-08-06 07:59:20.158208');
INSERT INTO `episode_urls` (`id`, `episode_id`, `quality`, `oss_url`, `cdn_url`, `subtitle_url`, `access_key`, `created_at`, `updated_at`) VALUES (479, 2163, '1080p', 'https://sf1-cdn-tos.huoshanstatic.com/obj/media-fe/xgplayer_doc_video/hls/xgplayer-demo.m3u8', 'https://cdn.example.com/videos/1080p/series_2002_ep_4_1080p.mp4', 'https://cdn.example.com/subtitles/series_2002_ep_4.srt', 'YgSlXlAqlbfaphfLXFLd64VNmYHfe8Wi', '2025-08-06 07:59:20.000000', '2025-08-06 07:59:20.159655');
INSERT INTO `episode_urls` (`id`, `episode_id`, `quality`, `oss_url`, `cdn_url`, `subtitle_url`, `access_key`, `created_at`, `updated_at`) VALUES (480, 2163, '4K', 'https://sf1-cdn-tos.huoshanstatic.com/obj/media-fe/xgplayer_doc_video/hls/xgplayer-demo.m3u8', 'https://cdn.example.com/videos/4k/series_2002_ep_4_4K.mp4', NULL, 'g0FkgEhYTVm5vr0gAIE6n8KW38KYvxyj', '2025-08-06 07:59:20.000000', '2025-08-06 07:59:20.160962');
INSERT INTO `episode_urls` (`id`, `episode_id`, `quality`, `oss_url`, `cdn_url`, `subtitle_url`, `access_key`, `created_at`, `updated_at`) VALUES (481, 2164, '720p', 'https://sf1-cdn-tos.huoshanstatic.com/obj/media-fe/xgplayer_doc_video/hls/xgplayer-demo.m3u8', 'https://cdn.example.com/videos/720p/series_2002_ep_5_720p.mp4', NULL, '1dLPz8cFw2nFiCrFndYzYvmwvGZjPmQA', '2025-08-06 07:59:20.000000', '2025-08-06 07:59:20.164615');
INSERT INTO `episode_urls` (`id`, `episode_id`, `quality`, `oss_url`, `cdn_url`, `subtitle_url`, `access_key`, `created_at`, `updated_at`) VALUES (482, 2164, '1080p', 'https://sf1-cdn-tos.huoshanstatic.com/obj/media-fe/xgplayer_doc_video/hls/xgplayer-demo.m3u8', 'https://cdn.example.com/videos/1080p/series_2002_ep_5_1080p.mp4', 'https://cdn.example.com/subtitles/series_2002_ep_5.srt', 'uIowu8dgAAGv9XleEWAhcnhqnCpptciL', '2025-08-06 07:59:20.000000', '2025-08-06 07:59:20.166201');
INSERT INTO `episode_urls` (`id`, `episode_id`, `quality`, `oss_url`, `cdn_url`, `subtitle_url`, `access_key`, `created_at`, `updated_at`) VALUES (483, 2164, '4K', 'https://sf1-cdn-tos.huoshanstatic.com/obj/media-fe/xgplayer_doc_video/hls/xgplayer-demo.m3u8', 'https://cdn.example.com/videos/4k/series_2002_ep_5_4K.mp4', NULL, 'HDeAYLvVqu7bP6tlho8tGDLlTMZQr9Pi', '2025-08-06 07:59:20.000000', '2025-08-06 07:59:20.168114');
INSERT INTO `episode_urls` (`id`, `episode_id`, `quality`, `oss_url`, `cdn_url`, `subtitle_url`, `access_key`, `created_at`, `updated_at`) VALUES (484, 2165, '720p', 'https://sf1-cdn-tos.huoshanstatic.com/obj/media-fe/xgplayer_doc_video/hls/xgplayer-demo.m3u8', 'https://cdn.example.com/videos/720p/series_2002_ep_6_720p.mp4', NULL, 'vsftIFguJJDB8prnuzzTJdsd9VQ732z5', '2025-08-06 07:59:20.000000', '2025-08-06 07:59:20.171730');
INSERT INTO `episode_urls` (`id`, `episode_id`, `quality`, `oss_url`, `cdn_url`, `subtitle_url`, `access_key`, `created_at`, `updated_at`) VALUES (485, 2165, '1080p', 'https://sf1-cdn-tos.huoshanstatic.com/obj/media-fe/xgplayer_doc_video/hls/xgplayer-demo.m3u8', 'https://cdn.example.com/videos/1080p/series_2002_ep_6_1080p.mp4', 'https://cdn.example.com/subtitles/series_2002_ep_6.srt', 'jRCctgS1Xe7hwfwoa9t7tHZ73n3XhvUf', '2025-08-06 07:59:20.000000', '2025-08-06 07:59:20.173272');
INSERT INTO `episode_urls` (`id`, `episode_id`, `quality`, `oss_url`, `cdn_url`, `subtitle_url`, `access_key`, `created_at`, `updated_at`) VALUES (486, 2165, '4K', 'https://sf1-cdn-tos.huoshanstatic.com/obj/media-fe/xgplayer_doc_video/hls/xgplayer-demo.m3u8', 'https://cdn.example.com/videos/4k/series_2002_ep_6_4K.mp4', NULL, 'WlRMxPQ6eC1QeTE22TGwVYSG4iZW6nWP', '2025-08-06 07:59:20.000000', '2025-08-06 07:59:20.174479');
INSERT INTO `episode_urls` (`id`, `episode_id`, `quality`, `oss_url`, `cdn_url`, `subtitle_url`, `access_key`, `created_at`, `updated_at`) VALUES (487, 2166, '720p', 'https://sf1-cdn-tos.huoshanstatic.com/obj/media-fe/xgplayer_doc_video/hls/xgplayer-demo.m3u8', 'https://cdn.example.com/videos/720p/series_2002_ep_7_720p.mp4', NULL, 'nJdReIOHMkXeUHG8hUp3nw5ZZraOdDui', '2025-08-06 07:59:20.000000', '2025-08-06 07:59:20.177446');
INSERT INTO `episode_urls` (`id`, `episode_id`, `quality`, `oss_url`, `cdn_url`, `subtitle_url`, `access_key`, `created_at`, `updated_at`) VALUES (488, 2166, '1080p', 'https://sf1-cdn-tos.huoshanstatic.com/obj/media-fe/xgplayer_doc_video/hls/xgplayer-demo.m3u8', 'https://cdn.example.com/videos/1080p/series_2002_ep_7_1080p.mp4', 'https://cdn.example.com/subtitles/series_2002_ep_7.srt', 'vGnukHvJ6uxyfsxCdwlniazHnjRCJ2C8', '2025-08-06 07:59:20.000000', '2025-08-06 07:59:20.179689');
INSERT INTO `episode_urls` (`id`, `episode_id`, `quality`, `oss_url`, `cdn_url`, `subtitle_url`, `access_key`, `created_at`, `updated_at`) VALUES (489, 2166, '4K', 'https://sf1-cdn-tos.huoshanstatic.com/obj/media-fe/xgplayer_doc_video/hls/xgplayer-demo.m3u8', 'https://cdn.example.com/videos/4k/series_2002_ep_7_4K.mp4', NULL, 'yzphMkqejgLWl8Th9S6KGpKwB0WYfEcK', '2025-08-06 07:59:20.000000', '2025-08-06 07:59:20.181302');
INSERT INTO `episode_urls` (`id`, `episode_id`, `quality`, `oss_url`, `cdn_url`, `subtitle_url`, `access_key`, `created_at`, `updated_at`) VALUES (490, 2167, '720p', 'https://sf1-cdn-tos.huoshanstatic.com/obj/media-fe/xgplayer_doc_video/hls/xgplayer-demo.m3u8', 'https://cdn.example.com/videos/720p/series_2002_ep_8_720p.mp4', NULL, 'n8Xt8xL1M2HSZZL6yo0ZUpXDcVrdRJSy', '2025-08-06 07:59:20.000000', '2025-08-06 07:59:20.184500');
INSERT INTO `episode_urls` (`id`, `episode_id`, `quality`, `oss_url`, `cdn_url`, `subtitle_url`, `access_key`, `created_at`, `updated_at`) VALUES (491, 2167, '1080p', 'https://sf1-cdn-tos.huoshanstatic.com/obj/media-fe/xgplayer_doc_video/hls/xgplayer-demo.m3u8', 'https://cdn.example.com/videos/1080p/series_2002_ep_8_1080p.mp4', 'https://cdn.example.com/subtitles/series_2002_ep_8.srt', 'Xx1WEWlWRtC75sIJRemZHu5S52fJnsex', '2025-08-06 07:59:20.000000', '2025-08-06 07:59:20.185839');
INSERT INTO `episode_urls` (`id`, `episode_id`, `quality`, `oss_url`, `cdn_url`, `subtitle_url`, `access_key`, `created_at`, `updated_at`) VALUES (492, 2167, '4K', 'https://sf1-cdn-tos.huoshanstatic.com/obj/media-fe/xgplayer_doc_video/hls/xgplayer-demo.m3u8', 'https://cdn.example.com/videos/4k/series_2002_ep_8_4K.mp4', NULL, 'iXRdNy2zNJWBcAEy5CMx9zgBGEPFBT18', '2025-08-06 07:59:20.000000', '2025-08-06 07:59:20.188349');
INSERT INTO `episode_urls` (`id`, `episode_id`, `quality`, `oss_url`, `cdn_url`, `subtitle_url`, `access_key`, `created_at`, `updated_at`) VALUES (493, 2168, '720p', 'https://sf1-cdn-tos.huoshanstatic.com/obj/media-fe/xgplayer_doc_video/hls/xgplayer-demo.m3u8', 'https://cdn.example.com/videos/720p/series_2002_ep_9_720p.mp4', NULL, 'w351M4JPdCIepdviPw1whH3YPeFFJchP', '2025-08-06 07:59:20.000000', '2025-08-06 07:59:20.192254');
INSERT INTO `episode_urls` (`id`, `episode_id`, `quality`, `oss_url`, `cdn_url`, `subtitle_url`, `access_key`, `created_at`, `updated_at`) VALUES (494, 2168, '1080p', 'https://sf1-cdn-tos.huoshanstatic.com/obj/media-fe/xgplayer_doc_video/hls/xgplayer-demo.m3u8', 'https://cdn.example.com/videos/1080p/series_2002_ep_9_1080p.mp4', 'https://cdn.example.com/subtitles/series_2002_ep_9.srt', 'bJr7sblsOFlDWywLejbshoBJ1Wm8nfoa', '2025-08-06 07:59:20.000000', '2025-08-06 07:59:20.193515');
INSERT INTO `episode_urls` (`id`, `episode_id`, `quality`, `oss_url`, `cdn_url`, `subtitle_url`, `access_key`, `created_at`, `updated_at`) VALUES (495, 2168, '4K', 'https://sf1-cdn-tos.huoshanstatic.com/obj/media-fe/xgplayer_doc_video/hls/xgplayer-demo.m3u8', 'https://cdn.example.com/videos/4k/series_2002_ep_9_4K.mp4', NULL, '3mSbCJTwpanTfq6OEsKO5VKzHz6umcCE', '2025-08-06 07:59:20.000000', '2025-08-06 07:59:20.195265');
INSERT INTO `episode_urls` (`id`, `episode_id`, `quality`, `oss_url`, `cdn_url`, `subtitle_url`, `access_key`, `created_at`, `updated_at`) VALUES (496, 2169, '720p', 'https://sf1-cdn-tos.huoshanstatic.com/obj/media-fe/xgplayer_doc_video/hls/xgplayer-demo.m3u8', 'https://cdn.example.com/videos/720p/series_2002_ep_10_720p.mp4', NULL, 'tNjcfp1ddfLbMvh7hPlNmzPiC8VWCXlx', '2025-08-06 07:59:20.000000', '2025-08-06 07:59:20.198929');
INSERT INTO `episode_urls` (`id`, `episode_id`, `quality`, `oss_url`, `cdn_url`, `subtitle_url`, `access_key`, `created_at`, `updated_at`) VALUES (497, 2169, '1080p', 'https://sf1-cdn-tos.huoshanstatic.com/obj/media-fe/xgplayer_doc_video/hls/xgplayer-demo.m3u8', 'https://cdn.example.com/videos/1080p/series_2002_ep_10_1080p.mp4', 'https://cdn.example.com/subtitles/series_2002_ep_10.srt', 'esiHKWrf77f7UVZtaVkOyCxV6x4tsWYc', '2025-08-06 07:59:20.000000', '2025-08-06 07:59:20.200019');
INSERT INTO `episode_urls` (`id`, `episode_id`, `quality`, `oss_url`, `cdn_url`, `subtitle_url`, `access_key`, `created_at`, `updated_at`) VALUES (498, 2169, '4K', 'https://sf1-cdn-tos.huoshanstatic.com/obj/media-fe/xgplayer_doc_video/hls/xgplayer-demo.m3u8', 'https://cdn.example.com/videos/4k/series_2002_ep_10_4K.mp4', NULL, 'YF2RvyqEZC4JpbycwgBYEfyChszYJ2F7', '2025-08-06 07:59:20.000000', '2025-08-06 07:59:20.201101');
INSERT INTO `episode_urls` (`id`, `episode_id`, `quality`, `oss_url`, `cdn_url`, `subtitle_url`, `access_key`, `created_at`, `updated_at`) VALUES (499, 2170, '720p', 'https://sf1-cdn-tos.huoshanstatic.com/obj/media-fe/xgplayer_doc_video/hls/xgplayer-demo.m3u8', 'https://cdn.example.com/videos/720p/series_2002_ep_11_720p.mp4', NULL, 'd76rsjzwoqCdWYFIRFPpPzFr1Wgu1HP0', '2025-08-06 07:59:20.000000', '2025-08-06 07:59:20.220821');
INSERT INTO `episode_urls` (`id`, `episode_id`, `quality`, `oss_url`, `cdn_url`, `subtitle_url`, `access_key`, `created_at`, `updated_at`) VALUES (500, 2170, '1080p', 'https://sf1-cdn-tos.huoshanstatic.com/obj/media-fe/xgplayer_doc_video/hls/xgplayer-demo.m3u8', 'https://cdn.example.com/videos/1080p/series_2002_ep_11_1080p.mp4', 'https://cdn.example.com/subtitles/series_2002_ep_11.srt', 'K4O07Gf7eR95cIlyEuJYHzkIVxdLXg5K', '2025-08-06 07:59:20.000000', '2025-08-06 07:59:20.226994');
INSERT INTO `episode_urls` (`id`, `episode_id`, `quality`, `oss_url`, `cdn_url`, `subtitle_url`, `access_key`, `created_at`, `updated_at`) VALUES (501, 2170, '4K', 'https://sf1-cdn-tos.huoshanstatic.com/obj/media-fe/xgplayer_doc_video/hls/xgplayer-demo.m3u8', 'https://cdn.example.com/videos/4k/series_2002_ep_11_4K.mp4', NULL, 'mRKxedksPtLWz5drvNeejQf39y1VzYzg', '2025-08-06 07:59:20.000000', '2025-08-06 07:59:20.231798');
INSERT INTO `episode_urls` (`id`, `episode_id`, `quality`, `oss_url`, `cdn_url`, `subtitle_url`, `access_key`, `created_at`, `updated_at`) VALUES (502, 2171, '720p', 'https://sf1-cdn-tos.huoshanstatic.com/obj/media-fe/xgplayer_doc_video/hls/xgplayer-demo.m3u8', 'https://cdn.example.com/videos/720p/series_2002_ep_12_720p.mp4', NULL, 'INFtIjHbXLHULDnKII6kgjWz9oE9R9tr', '2025-08-06 07:59:20.000000', '2025-08-06 07:59:20.238914');
INSERT INTO `episode_urls` (`id`, `episode_id`, `quality`, `oss_url`, `cdn_url`, `subtitle_url`, `access_key`, `created_at`, `updated_at`) VALUES (503, 2171, '1080p', 'https://sf1-cdn-tos.huoshanstatic.com/obj/media-fe/xgplayer_doc_video/hls/xgplayer-demo.m3u8', 'https://cdn.example.com/videos/1080p/series_2002_ep_12_1080p.mp4', 'https://cdn.example.com/subtitles/series_2002_ep_12.srt', '3KPCUfivzyo66LH2x3fJvlHhZSeGUsVo', '2025-08-06 07:59:20.000000', '2025-08-06 07:59:20.242268');
INSERT INTO `episode_urls` (`id`, `episode_id`, `quality`, `oss_url`, `cdn_url`, `subtitle_url`, `access_key`, `created_at`, `updated_at`) VALUES (504, 2171, '4K', 'https://sf1-cdn-tos.huoshanstatic.com/obj/media-fe/xgplayer_doc_video/hls/xgplayer-demo.m3u8', 'https://cdn.example.com/videos/4k/series_2002_ep_12_4K.mp4', NULL, 'NycBs8me8lS3Gyz8ICC0C8R3qMHai27Q', '2025-08-06 07:59:20.000000', '2025-08-06 07:59:20.245054');
INSERT INTO `episode_urls` (`id`, `episode_id`, `quality`, `oss_url`, `cdn_url`, `subtitle_url`, `access_key`, `created_at`, `updated_at`) VALUES (505, 2172, '720p', 'https://sf1-cdn-tos.huoshanstatic.com/obj/media-fe/xgplayer_doc_video/hls/xgplayer-demo.m3u8', 'https://cdn.example.com/videos/720p/series_2002_ep_13_720p.mp4', NULL, '1mKPVR44ElACLueAob1OTR3SG2t4z1iD', '2025-08-06 07:59:20.000000', '2025-08-06 07:59:20.248450');
INSERT INTO `episode_urls` (`id`, `episode_id`, `quality`, `oss_url`, `cdn_url`, `subtitle_url`, `access_key`, `created_at`, `updated_at`) VALUES (506, 2172, '1080p', 'https://sf1-cdn-tos.huoshanstatic.com/obj/media-fe/xgplayer_doc_video/hls/xgplayer-demo.m3u8', 'https://cdn.example.com/videos/1080p/series_2002_ep_13_1080p.mp4', 'https://cdn.example.com/subtitles/series_2002_ep_13.srt', 'oo3poFlzUXGX7uZ1KPTzwe4hjQ1FsVDE', '2025-08-06 07:59:20.000000', '2025-08-06 07:59:20.249916');
INSERT INTO `episode_urls` (`id`, `episode_id`, `quality`, `oss_url`, `cdn_url`, `subtitle_url`, `access_key`, `created_at`, `updated_at`) VALUES (507, 2172, '4K', 'https://sf1-cdn-tos.huoshanstatic.com/obj/media-fe/xgplayer_doc_video/hls/xgplayer-demo.m3u8', 'https://cdn.example.com/videos/4k/series_2002_ep_13_4K.mp4', NULL, 'p07xWFO9ZZmOi1K4JY2cfqOVzwcgMPB6', '2025-08-06 07:59:20.000000', '2025-08-06 07:59:20.251438');
INSERT INTO `episode_urls` (`id`, `episode_id`, `quality`, `oss_url`, `cdn_url`, `subtitle_url`, `access_key`, `created_at`, `updated_at`) VALUES (508, 2173, '720p', 'https://sf1-cdn-tos.huoshanstatic.com/obj/media-fe/xgplayer_doc_video/hls/xgplayer-demo.m3u8', 'https://cdn.example.com/videos/720p/series_2002_ep_14_720p.mp4', NULL, 'z9fHxzTm5lwlXHw3PyttdzLocDsygvvV', '2025-08-06 07:59:20.000000', '2025-08-06 07:59:20.254330');
INSERT INTO `episode_urls` (`id`, `episode_id`, `quality`, `oss_url`, `cdn_url`, `subtitle_url`, `access_key`, `created_at`, `updated_at`) VALUES (509, 2173, '1080p', 'https://sf1-cdn-tos.huoshanstatic.com/obj/media-fe/xgplayer_doc_video/hls/xgplayer-demo.m3u8', 'https://cdn.example.com/videos/1080p/series_2002_ep_14_1080p.mp4', 'https://cdn.example.com/subtitles/series_2002_ep_14.srt', 'K8clPPMfjyYl2td9v1jV3bbvGh8V4j98', '2025-08-06 07:59:20.000000', '2025-08-06 07:59:20.256537');
INSERT INTO `episode_urls` (`id`, `episode_id`, `quality`, `oss_url`, `cdn_url`, `subtitle_url`, `access_key`, `created_at`, `updated_at`) VALUES (510, 2173, '4K', 'https://sf1-cdn-tos.huoshanstatic.com/obj/media-fe/xgplayer_doc_video/hls/xgplayer-demo.m3u8', 'https://cdn.example.com/videos/4k/series_2002_ep_14_4K.mp4', NULL, 'mR4Lv7L1PEBF7mBCsYI22O1qteu3Mv81', '2025-08-06 07:59:20.000000', '2025-08-06 07:59:20.257852');
INSERT INTO `episode_urls` (`id`, `episode_id`, `quality`, `oss_url`, `cdn_url`, `subtitle_url`, `access_key`, `created_at`, `updated_at`) VALUES (511, 2174, '720p', 'https://sf1-cdn-tos.huoshanstatic.com/obj/media-fe/xgplayer_doc_video/hls/xgplayer-demo.m3u8', 'https://cdn.example.com/videos/720p/series_2002_ep_15_720p.mp4', NULL, 'bTJh1Wt9TxigqPbgCD60a1LkmLyoZHtx', '2025-08-06 07:59:20.000000', '2025-08-06 07:59:20.260389');
INSERT INTO `episode_urls` (`id`, `episode_id`, `quality`, `oss_url`, `cdn_url`, `subtitle_url`, `access_key`, `created_at`, `updated_at`) VALUES (512, 2174, '1080p', 'https://sf1-cdn-tos.huoshanstatic.com/obj/media-fe/xgplayer_doc_video/hls/xgplayer-demo.m3u8', 'https://cdn.example.com/videos/1080p/series_2002_ep_15_1080p.mp4', 'https://cdn.example.com/subtitles/series_2002_ep_15.srt', '9GiM6I76JQHnyI2fGwrQ1u5lfzk1ADTf', '2025-08-06 07:59:20.000000', '2025-08-06 07:59:20.262055');
INSERT INTO `episode_urls` (`id`, `episode_id`, `quality`, `oss_url`, `cdn_url`, `subtitle_url`, `access_key`, `created_at`, `updated_at`) VALUES (513, 2174, '4K', 'https://sf1-cdn-tos.huoshanstatic.com/obj/media-fe/xgplayer_doc_video/hls/xgplayer-demo.m3u8', 'https://cdn.example.com/videos/4k/series_2002_ep_15_4K.mp4', NULL, 'oClhhMepAamt0sjq6DhkzacH9HbDSTqs', '2025-08-06 07:59:20.000000', '2025-08-06 07:59:20.264002');
INSERT INTO `episode_urls` (`id`, `episode_id`, `quality`, `oss_url`, `cdn_url`, `subtitle_url`, `access_key`, `created_at`, `updated_at`) VALUES (514, 2175, '720p', 'https://sf1-cdn-tos.huoshanstatic.com/obj/media-fe/xgplayer_doc_video/hls/xgplayer-demo.m3u8', 'https://cdn.example.com/videos/720p/series_2002_ep_16_720p.mp4', NULL, 'FbAV3cIs9wKkSFoIhXZYT4GRJO4Ne4gv', '2025-08-06 07:59:20.000000', '2025-08-06 07:59:20.267285');
INSERT INTO `episode_urls` (`id`, `episode_id`, `quality`, `oss_url`, `cdn_url`, `subtitle_url`, `access_key`, `created_at`, `updated_at`) VALUES (515, 2175, '1080p', 'https://sf1-cdn-tos.huoshanstatic.com/obj/media-fe/xgplayer_doc_video/hls/xgplayer-demo.m3u8', 'https://cdn.example.com/videos/1080p/series_2002_ep_16_1080p.mp4', 'https://cdn.example.com/subtitles/series_2002_ep_16.srt', 'Dycl1GOSux7IXDEnrJ7a7KWUQ4DTEHa2', '2025-08-06 07:59:20.000000', '2025-08-06 07:59:20.268671');
INSERT INTO `episode_urls` (`id`, `episode_id`, `quality`, `oss_url`, `cdn_url`, `subtitle_url`, `access_key`, `created_at`, `updated_at`) VALUES (516, 2175, '4K', 'https://sf1-cdn-tos.huoshanstatic.com/obj/media-fe/xgplayer_doc_video/hls/xgplayer-demo.m3u8', 'https://cdn.example.com/videos/4k/series_2002_ep_16_4K.mp4', NULL, 'qX2SHRM5ZEAVWpPXShf6tniJNsqETjhE', '2025-08-06 07:59:20.000000', '2025-08-06 07:59:20.270189');
INSERT INTO `episode_urls` (`id`, `episode_id`, `quality`, `oss_url`, `cdn_url`, `subtitle_url`, `access_key`, `created_at`, `updated_at`) VALUES (517, 2176, '720p', 'https://sf1-cdn-tos.huoshanstatic.com/obj/media-fe/xgplayer_doc_video/hls/xgplayer-demo.m3u8', 'https://cdn.example.com/videos/720p/series_2002_ep_17_720p.mp4', NULL, 'Fp8Thu0AMPRRw6o2nDmaQH9nX4v0Ldo8', '2025-08-06 07:59:20.000000', '2025-08-06 07:59:20.273382');
INSERT INTO `episode_urls` (`id`, `episode_id`, `quality`, `oss_url`, `cdn_url`, `subtitle_url`, `access_key`, `created_at`, `updated_at`) VALUES (518, 2176, '1080p', 'https://sf1-cdn-tos.huoshanstatic.com/obj/media-fe/xgplayer_doc_video/hls/xgplayer-demo.m3u8', 'https://cdn.example.com/videos/1080p/series_2002_ep_17_1080p.mp4', 'https://cdn.example.com/subtitles/series_2002_ep_17.srt', 'EAPmnxTFBPTPmkI9HQFrOqDwg60anN7u', '2025-08-06 07:59:20.000000', '2025-08-06 07:59:20.274724');
INSERT INTO `episode_urls` (`id`, `episode_id`, `quality`, `oss_url`, `cdn_url`, `subtitle_url`, `access_key`, `created_at`, `updated_at`) VALUES (519, 2176, '4K', 'https://sf1-cdn-tos.huoshanstatic.com/obj/media-fe/xgplayer_doc_video/hls/xgplayer-demo.m3u8', 'https://cdn.example.com/videos/4k/series_2002_ep_17_4K.mp4', NULL, 'iGvPauMEwNeJV79wSjuPx5lTflGzRWtT', '2025-08-06 07:59:20.000000', '2025-08-06 07:59:20.276119');
INSERT INTO `episode_urls` (`id`, `episode_id`, `quality`, `oss_url`, `cdn_url`, `subtitle_url`, `access_key`, `created_at`, `updated_at`) VALUES (520, 2177, '720p', 'https://sf1-cdn-tos.huoshanstatic.com/obj/media-fe/xgplayer_doc_video/hls/xgplayer-demo.m3u8', 'https://cdn.example.com/videos/720p/series_2002_ep_18_720p.mp4', NULL, 'yYR3lUuexx9OPbBXztS0Y5AoVG01g7zq', '2025-08-06 07:59:20.000000', '2025-08-06 07:59:20.279286');
INSERT INTO `episode_urls` (`id`, `episode_id`, `quality`, `oss_url`, `cdn_url`, `subtitle_url`, `access_key`, `created_at`, `updated_at`) VALUES (521, 2177, '1080p', 'https://sf1-cdn-tos.huoshanstatic.com/obj/media-fe/xgplayer_doc_video/hls/xgplayer-demo.m3u8', 'https://cdn.example.com/videos/1080p/series_2002_ep_18_1080p.mp4', 'https://cdn.example.com/subtitles/series_2002_ep_18.srt', 'WDCxkcrGpmjoaRCercYqDd7DEDLET1ue', '2025-08-06 07:59:20.000000', '2025-08-06 07:59:20.280985');
INSERT INTO `episode_urls` (`id`, `episode_id`, `quality`, `oss_url`, `cdn_url`, `subtitle_url`, `access_key`, `created_at`, `updated_at`) VALUES (522, 2177, '4K', 'https://sf1-cdn-tos.huoshanstatic.com/obj/media-fe/xgplayer_doc_video/hls/xgplayer-demo.m3u8', 'https://cdn.example.com/videos/4k/series_2002_ep_18_4K.mp4', NULL, 'ax775yQoTv1gEfwzsbvfXVqCAv5xZaN0', '2025-08-06 07:59:20.000000', '2025-08-06 07:59:20.282372');
INSERT INTO `episode_urls` (`id`, `episode_id`, `quality`, `oss_url`, `cdn_url`, `subtitle_url`, `access_key`, `created_at`, `updated_at`) VALUES (523, 2178, '720p', 'https://sf1-cdn-tos.huoshanstatic.com/obj/media-fe/xgplayer_doc_video/hls/xgplayer-demo.m3u8', 'https://cdn.example.com/videos/720p/series_2002_ep_19_720p.mp4', NULL, 'ZWRGWNcSil8mQlL2l3M35jVIsoJK7swy', '2025-08-06 07:59:20.000000', '2025-08-06 07:59:20.286228');
INSERT INTO `episode_urls` (`id`, `episode_id`, `quality`, `oss_url`, `cdn_url`, `subtitle_url`, `access_key`, `created_at`, `updated_at`) VALUES (524, 2178, '1080p', 'https://sf1-cdn-tos.huoshanstatic.com/obj/media-fe/xgplayer_doc_video/hls/xgplayer-demo.m3u8', 'https://cdn.example.com/videos/1080p/series_2002_ep_19_1080p.mp4', 'https://cdn.example.com/subtitles/series_2002_ep_19.srt', '4fkpCVowLG8ryuKkyCBxbQ01aHaMKIyP', '2025-08-06 07:59:20.000000', '2025-08-06 07:59:20.288600');
INSERT INTO `episode_urls` (`id`, `episode_id`, `quality`, `oss_url`, `cdn_url`, `subtitle_url`, `access_key`, `created_at`, `updated_at`) VALUES (525, 2178, '4K', 'https://sf1-cdn-tos.huoshanstatic.com/obj/media-fe/xgplayer_doc_video/hls/xgplayer-demo.m3u8', 'https://cdn.example.com/videos/4k/series_2002_ep_19_4K.mp4', NULL, '9HC5RXYgHYUiHwacKnPhWNYiMY34xpCe', '2025-08-06 07:59:20.000000', '2025-08-06 07:59:20.289844');
INSERT INTO `episode_urls` (`id`, `episode_id`, `quality`, `oss_url`, `cdn_url`, `subtitle_url`, `access_key`, `created_at`, `updated_at`) VALUES (526, 2179, '720p', 'https://sf1-cdn-tos.huoshanstatic.com/obj/media-fe/xgplayer_doc_video/hls/xgplayer-demo.m3u8', 'https://cdn.example.com/videos/720p/series_2002_ep_20_720p.mp4', NULL, '3rGw8Exf2AwRSF6iYTK8zvIIWNfpBOmB', '2025-08-06 07:59:20.000000', '2025-08-06 07:59:20.292469');
INSERT INTO `episode_urls` (`id`, `episode_id`, `quality`, `oss_url`, `cdn_url`, `subtitle_url`, `access_key`, `created_at`, `updated_at`) VALUES (527, 2179, '1080p', 'https://sf1-cdn-tos.huoshanstatic.com/obj/media-fe/xgplayer_doc_video/hls/xgplayer-demo.m3u8', 'https://cdn.example.com/videos/1080p/series_2002_ep_20_1080p.mp4', 'https://cdn.example.com/subtitles/series_2002_ep_20.srt', 'b4XhMnPX9pP5kHPSdm38P3PrV1vf7e4t', '2025-08-06 07:59:20.000000', '2025-08-06 07:59:20.293742');
INSERT INTO `episode_urls` (`id`, `episode_id`, `quality`, `oss_url`, `cdn_url`, `subtitle_url`, `access_key`, `created_at`, `updated_at`) VALUES (528, 2179, '4K', 'https://sf1-cdn-tos.huoshanstatic.com/obj/media-fe/xgplayer_doc_video/hls/xgplayer-demo.m3u8', 'https://cdn.example.com/videos/4k/series_2002_ep_20_4K.mp4', NULL, 'DwmYQB0JW900KNhA5Sodttu0LB2eE19x', '2025-08-06 07:59:20.000000', '2025-08-06 07:59:20.295679');
INSERT INTO `episode_urls` (`id`, `episode_id`, `quality`, `oss_url`, `cdn_url`, `subtitle_url`, `access_key`, `created_at`, `updated_at`) VALUES (529, 2180, '720p', 'https://sf1-cdn-tos.huoshanstatic.com/obj/media-fe/xgplayer_doc_video/hls/xgplayer-demo.m3u8', 'https://cdn.example.com/videos/720p/series_2002_ep_21_720p.mp4', NULL, '2y7vwBxtwoB4PmQxCVc0oDxa3yA64xRk', '2025-08-06 07:59:20.000000', '2025-08-06 07:59:20.298873');
INSERT INTO `episode_urls` (`id`, `episode_id`, `quality`, `oss_url`, `cdn_url`, `subtitle_url`, `access_key`, `created_at`, `updated_at`) VALUES (530, 2180, '1080p', 'https://sf1-cdn-tos.huoshanstatic.com/obj/media-fe/xgplayer_doc_video/hls/xgplayer-demo.m3u8', 'https://cdn.example.com/videos/1080p/series_2002_ep_21_1080p.mp4', 'https://cdn.example.com/subtitles/series_2002_ep_21.srt', 'SmkyBacNJd9WqHpapvCGaQFtXz5mxnQc', '2025-08-06 07:59:20.000000', '2025-08-06 07:59:20.300305');
INSERT INTO `episode_urls` (`id`, `episode_id`, `quality`, `oss_url`, `cdn_url`, `subtitle_url`, `access_key`, `created_at`, `updated_at`) VALUES (531, 2180, '4K', 'https://sf1-cdn-tos.huoshanstatic.com/obj/media-fe/xgplayer_doc_video/hls/xgplayer-demo.m3u8', 'https://cdn.example.com/videos/4k/series_2002_ep_21_4K.mp4', NULL, 'gPMgPBu3mlv65d01YFmvdmFOHtPbbzhH', '2025-08-06 07:59:20.000000', '2025-08-06 07:59:20.301511');
INSERT INTO `episode_urls` (`id`, `episode_id`, `quality`, `oss_url`, `cdn_url`, `subtitle_url`, `access_key`, `created_at`, `updated_at`) VALUES (532, 2181, '720p', 'https://sf1-cdn-tos.huoshanstatic.com/obj/media-fe/xgplayer_doc_video/hls/xgplayer-demo.m3u8', 'https://cdn.example.com/videos/720p/series_2002_ep_22_720p.mp4', NULL, 'FWTxPuddf0NaNK8Kc0jUA70XX9ySrNhb', '2025-08-06 07:59:20.000000', '2025-08-06 07:59:20.305149');
INSERT INTO `episode_urls` (`id`, `episode_id`, `quality`, `oss_url`, `cdn_url`, `subtitle_url`, `access_key`, `created_at`, `updated_at`) VALUES (533, 2181, '1080p', 'https://sf1-cdn-tos.huoshanstatic.com/obj/media-fe/xgplayer_doc_video/hls/xgplayer-demo.m3u8', 'https://cdn.example.com/videos/1080p/series_2002_ep_22_1080p.mp4', 'https://cdn.example.com/subtitles/series_2002_ep_22.srt', 'QkXLnFQKuzfeytcfdT8DTPumnjM63cXj', '2025-08-06 07:59:20.000000', '2025-08-06 07:59:20.306407');
INSERT INTO `episode_urls` (`id`, `episode_id`, `quality`, `oss_url`, `cdn_url`, `subtitle_url`, `access_key`, `created_at`, `updated_at`) VALUES (534, 2181, '4K', 'https://sf1-cdn-tos.huoshanstatic.com/obj/media-fe/xgplayer_doc_video/hls/xgplayer-demo.m3u8', 'https://cdn.example.com/videos/4k/series_2002_ep_22_4K.mp4', NULL, 'iV2EDwB0WZcMpxYNlA1LBgQU4IPXG3zN', '2025-08-06 07:59:20.000000', '2025-08-06 07:59:20.308051');
INSERT INTO `episode_urls` (`id`, `episode_id`, `quality`, `oss_url`, `cdn_url`, `subtitle_url`, `access_key`, `created_at`, `updated_at`) VALUES (535, 2182, '720p', 'https://sf1-cdn-tos.huoshanstatic.com/obj/media-fe/xgplayer_doc_video/hls/xgplayer-demo.m3u8', 'https://cdn.example.com/videos/720p/series_2002_ep_23_720p.mp4', NULL, 'czcA0R1gyOlfDOlugheooT7STgaH5RQm', '2025-08-06 07:59:20.000000', '2025-08-06 07:59:20.310855');
INSERT INTO `episode_urls` (`id`, `episode_id`, `quality`, `oss_url`, `cdn_url`, `subtitle_url`, `access_key`, `created_at`, `updated_at`) VALUES (536, 2182, '1080p', 'https://sf1-cdn-tos.huoshanstatic.com/obj/media-fe/xgplayer_doc_video/hls/xgplayer-demo.m3u8', 'https://cdn.example.com/videos/1080p/series_2002_ep_23_1080p.mp4', 'https://cdn.example.com/subtitles/series_2002_ep_23.srt', 'yKUDrDyUT0fY5LMVLcjkU5DkAbYxG8e7', '2025-08-06 07:59:20.000000', '2025-08-06 07:59:20.312600');
INSERT INTO `episode_urls` (`id`, `episode_id`, `quality`, `oss_url`, `cdn_url`, `subtitle_url`, `access_key`, `created_at`, `updated_at`) VALUES (537, 2182, '4K', 'https://sf1-cdn-tos.huoshanstatic.com/obj/media-fe/xgplayer_doc_video/hls/xgplayer-demo.m3u8', 'https://cdn.example.com/videos/4k/series_2002_ep_23_4K.mp4', NULL, 'e2dAPouSDQNqpL9xHadd9yV8TIRbyn4b', '2025-08-06 07:59:20.000000', '2025-08-06 07:59:20.314056');
INSERT INTO `episode_urls` (`id`, `episode_id`, `quality`, `oss_url`, `cdn_url`, `subtitle_url`, `access_key`, `created_at`, `updated_at`) VALUES (538, 2183, '720p', 'https://sf1-cdn-tos.huoshanstatic.com/obj/media-fe/xgplayer_doc_video/hls/xgplayer-demo.m3u8', 'https://cdn.example.com/videos/720p/series_2002_ep_24_720p.mp4', NULL, 'mn8P1IlALrK2U9Bj3YQIWNxPkjjS3lf4', '2025-08-06 07:59:20.000000', '2025-08-06 07:59:20.316359');
INSERT INTO `episode_urls` (`id`, `episode_id`, `quality`, `oss_url`, `cdn_url`, `subtitle_url`, `access_key`, `created_at`, `updated_at`) VALUES (539, 2183, '1080p', 'https://sf1-cdn-tos.huoshanstatic.com/obj/media-fe/xgplayer_doc_video/hls/xgplayer-demo.m3u8', 'https://cdn.example.com/videos/1080p/series_2002_ep_24_1080p.mp4', 'https://cdn.example.com/subtitles/series_2002_ep_24.srt', '2kNyCcjs9vtJOn3RNFL5TAHoxsCwt8wE', '2025-08-06 07:59:20.000000', '2025-08-06 07:59:20.317866');
INSERT INTO `episode_urls` (`id`, `episode_id`, `quality`, `oss_url`, `cdn_url`, `subtitle_url`, `access_key`, `created_at`, `updated_at`) VALUES (540, 2183, '4K', 'https://sf1-cdn-tos.huoshanstatic.com/obj/media-fe/xgplayer_doc_video/hls/xgplayer-demo.m3u8', 'https://cdn.example.com/videos/4k/series_2002_ep_24_4K.mp4', NULL, 'acjlIXuW3YSm5xucVTmwZAx6WhAhHXEy', '2025-08-06 07:59:20.000000', '2025-08-06 07:59:20.319422');
INSERT INTO `episode_urls` (`id`, `episode_id`, `quality`, `oss_url`, `cdn_url`, `subtitle_url`, `access_key`, `created_at`, `updated_at`) VALUES (541, 2184, '720p', 'https://sf1-cdn-tos.huoshanstatic.com/obj/media-fe/xgplayer_doc_video/hls/xgplayer-demo.m3u8', 'https://cdn.example.com/videos/720p/series_2002_ep_25_720p.mp4', NULL, 'nCaVKCu7wUfUixu3AWSVjt1kLHFVl3aV', '2025-08-06 07:59:20.000000', '2025-08-06 07:59:20.323188');
INSERT INTO `episode_urls` (`id`, `episode_id`, `quality`, `oss_url`, `cdn_url`, `subtitle_url`, `access_key`, `created_at`, `updated_at`) VALUES (542, 2184, '1080p', 'https://sf1-cdn-tos.huoshanstatic.com/obj/media-fe/xgplayer_doc_video/hls/xgplayer-demo.m3u8', 'https://cdn.example.com/videos/1080p/series_2002_ep_25_1080p.mp4', 'https://cdn.example.com/subtitles/series_2002_ep_25.srt', 'oOeMrXUPM8ysKJn9afrjTzJprdjhUzVe', '2025-08-06 07:59:20.000000', '2025-08-06 07:59:20.324404');
INSERT INTO `episode_urls` (`id`, `episode_id`, `quality`, `oss_url`, `cdn_url`, `subtitle_url`, `access_key`, `created_at`, `updated_at`) VALUES (543, 2184, '4K', 'https://sf1-cdn-tos.huoshanstatic.com/obj/media-fe/xgplayer_doc_video/hls/xgplayer-demo.m3u8', 'https://cdn.example.com/videos/4k/series_2002_ep_25_4K.mp4', NULL, 'Ft27sZDSiDxHcRkV2OnwgbrCaOXi7XJd', '2025-08-06 07:59:20.000000', '2025-08-06 07:59:20.325705');
INSERT INTO `episode_urls` (`id`, `episode_id`, `quality`, `oss_url`, `cdn_url`, `subtitle_url`, `access_key`, `created_at`, `updated_at`) VALUES (544, 2185, '720p', 'https://sf1-cdn-tos.huoshanstatic.com/obj/media-fe/xgplayer_doc_video/hls/xgplayer-demo.m3u8', 'https://cdn.example.com/videos/720p/series_2002_ep_26_720p.mp4', NULL, 'Zy7vcLMHWDtxbQirRFQ4X9H4LUuXT0nJ', '2025-08-06 07:59:20.000000', '2025-08-06 07:59:20.328634');
INSERT INTO `episode_urls` (`id`, `episode_id`, `quality`, `oss_url`, `cdn_url`, `subtitle_url`, `access_key`, `created_at`, `updated_at`) VALUES (545, 2185, '1080p', 'https://sf1-cdn-tos.huoshanstatic.com/obj/media-fe/xgplayer_doc_video/hls/xgplayer-demo.m3u8', 'https://cdn.example.com/videos/1080p/series_2002_ep_26_1080p.mp4', 'https://cdn.example.com/subtitles/series_2002_ep_26.srt', 'exd5maXi6qbqYGuM0VeNCob749ijLAYf', '2025-08-06 07:59:20.000000', '2025-08-06 07:59:20.330758');
INSERT INTO `episode_urls` (`id`, `episode_id`, `quality`, `oss_url`, `cdn_url`, `subtitle_url`, `access_key`, `created_at`, `updated_at`) VALUES (546, 2185, '4K', 'https://sf1-cdn-tos.huoshanstatic.com/obj/media-fe/xgplayer_doc_video/hls/xgplayer-demo.m3u8', 'https://cdn.example.com/videos/4k/series_2002_ep_26_4K.mp4', NULL, 'iQ1YoGSqfbbfJHdFumcTQAca2AJI44kM', '2025-08-06 07:59:20.000000', '2025-08-06 07:59:20.332064');
INSERT INTO `episode_urls` (`id`, `episode_id`, `quality`, `oss_url`, `cdn_url`, `subtitle_url`, `access_key`, `created_at`, `updated_at`) VALUES (547, 2186, '720p', 'https://sf1-cdn-tos.huoshanstatic.com/obj/media-fe/xgplayer_doc_video/hls/xgplayer-demo.m3u8', 'https://cdn.example.com/videos/720p/series_2002_ep_27_720p.mp4', NULL, 'wWpFvbD3cZsv72VKcIBd3AromFyc0ZgO', '2025-08-06 07:59:20.000000', '2025-08-06 07:59:20.335140');
INSERT INTO `episode_urls` (`id`, `episode_id`, `quality`, `oss_url`, `cdn_url`, `subtitle_url`, `access_key`, `created_at`, `updated_at`) VALUES (548, 2186, '1080p', 'https://sf1-cdn-tos.huoshanstatic.com/obj/media-fe/xgplayer_doc_video/hls/xgplayer-demo.m3u8', 'https://cdn.example.com/videos/1080p/series_2002_ep_27_1080p.mp4', 'https://cdn.example.com/subtitles/series_2002_ep_27.srt', 'HwbS63yIDDDJKMg22j4ezJla0hDqebdm', '2025-08-06 07:59:20.000000', '2025-08-06 07:59:20.336650');
INSERT INTO `episode_urls` (`id`, `episode_id`, `quality`, `oss_url`, `cdn_url`, `subtitle_url`, `access_key`, `created_at`, `updated_at`) VALUES (549, 2186, '4K', 'https://sf1-cdn-tos.huoshanstatic.com/obj/media-fe/xgplayer_doc_video/hls/xgplayer-demo.m3u8', 'https://cdn.example.com/videos/4k/series_2002_ep_27_4K.mp4', NULL, 'hY4hSycpxNkbbsFTIhiZE7Qbem5q1oyR', '2025-08-06 07:59:20.000000', '2025-08-06 07:59:20.338348');
INSERT INTO `episode_urls` (`id`, `episode_id`, `quality`, `oss_url`, `cdn_url`, `subtitle_url`, `access_key`, `created_at`, `updated_at`) VALUES (550, 2187, '720p', 'https://sf1-cdn-tos.huoshanstatic.com/obj/media-fe/xgplayer_doc_video/hls/xgplayer-demo.m3u8', 'https://cdn.example.com/videos/720p/series_2002_ep_28_720p.mp4', NULL, 'Zvap0UAznBoMSmjXFKx4v9JxPwwuYx7I', '2025-08-06 07:59:20.000000', '2025-08-06 07:59:20.341658');
INSERT INTO `episode_urls` (`id`, `episode_id`, `quality`, `oss_url`, `cdn_url`, `subtitle_url`, `access_key`, `created_at`, `updated_at`) VALUES (551, 2187, '1080p', 'https://sf1-cdn-tos.huoshanstatic.com/obj/media-fe/xgplayer_doc_video/hls/xgplayer-demo.m3u8', 'https://cdn.example.com/videos/1080p/series_2002_ep_28_1080p.mp4', 'https://cdn.example.com/subtitles/series_2002_ep_28.srt', 'h93Y8q8HOBkOBcHBLOgcKi8mmDw1ksUQ', '2025-08-06 07:59:20.000000', '2025-08-06 07:59:20.343007');
INSERT INTO `episode_urls` (`id`, `episode_id`, `quality`, `oss_url`, `cdn_url`, `subtitle_url`, `access_key`, `created_at`, `updated_at`) VALUES (552, 2187, '4K', 'https://sf1-cdn-tos.huoshanstatic.com/obj/media-fe/xgplayer_doc_video/hls/xgplayer-demo.m3u8', 'https://cdn.example.com/videos/4k/series_2002_ep_28_4K.mp4', NULL, 'SiwlX04a4c1SWAXIDTgfBjX9Nf7ZwgvP', '2025-08-06 07:59:20.000000', '2025-08-06 07:59:20.344411');
INSERT INTO `episode_urls` (`id`, `episode_id`, `quality`, `oss_url`, `cdn_url`, `subtitle_url`, `access_key`, `created_at`, `updated_at`) VALUES (553, 2188, '720p', 'https://sf1-cdn-tos.huoshanstatic.com/obj/media-fe/xgplayer_doc_video/hls/xgplayer-demo.m3u8', 'https://cdn.example.com/videos/720p/series_2002_ep_29_720p.mp4', NULL, 'GDh2S3UEZCM9ImYLLGa0t8yQexat2KzC', '2025-08-06 07:59:20.000000', '2025-08-06 07:59:20.348683');
INSERT INTO `episode_urls` (`id`, `episode_id`, `quality`, `oss_url`, `cdn_url`, `subtitle_url`, `access_key`, `created_at`, `updated_at`) VALUES (554, 2188, '1080p', 'https://sf1-cdn-tos.huoshanstatic.com/obj/media-fe/xgplayer_doc_video/hls/xgplayer-demo.m3u8', 'https://cdn.example.com/videos/1080p/series_2002_ep_29_1080p.mp4', 'https://cdn.example.com/subtitles/series_2002_ep_29.srt', 'Fh5Y2M9ozDSCM21DlFgroZ18vFfo6PUj', '2025-08-06 07:59:20.000000', '2025-08-06 07:59:20.350015');
INSERT INTO `episode_urls` (`id`, `episode_id`, `quality`, `oss_url`, `cdn_url`, `subtitle_url`, `access_key`, `created_at`, `updated_at`) VALUES (555, 2188, '4K', 'https://sf1-cdn-tos.huoshanstatic.com/obj/media-fe/xgplayer_doc_video/hls/xgplayer-demo.m3u8', 'https://cdn.example.com/videos/4k/series_2002_ep_29_4K.mp4', NULL, 'hds5nID2VIIrYHO5l9sKNLvGmQBGaIHx', '2025-08-06 07:59:20.000000', '2025-08-06 07:59:20.351572');
INSERT INTO `episode_urls` (`id`, `episode_id`, `quality`, `oss_url`, `cdn_url`, `subtitle_url`, `access_key`, `created_at`, `updated_at`) VALUES (556, 2189, '720p', 'https://sf1-cdn-tos.huoshanstatic.com/obj/media-fe/xgplayer_doc_video/hls/xgplayer-demo.m3u8', 'https://cdn.example.com/videos/720p/series_2002_ep_30_720p.mp4', NULL, 'eFUbgjyZkDz1Dgj4WVV79VygikK2erLk', '2025-08-06 07:59:20.000000', '2025-08-06 07:59:20.355190');
INSERT INTO `episode_urls` (`id`, `episode_id`, `quality`, `oss_url`, `cdn_url`, `subtitle_url`, `access_key`, `created_at`, `updated_at`) VALUES (557, 2189, '1080p', 'https://sf1-cdn-tos.huoshanstatic.com/obj/media-fe/xgplayer_doc_video/hls/xgplayer-demo.m3u8', 'https://cdn.example.com/videos/1080p/series_2002_ep_30_1080p.mp4', 'https://cdn.example.com/subtitles/series_2002_ep_30.srt', 'rHJySNkHEqThpdOH57Mq2y2wnjQl472L', '2025-08-06 07:59:20.000000', '2025-08-06 07:59:20.356445');
INSERT INTO `episode_urls` (`id`, `episode_id`, `quality`, `oss_url`, `cdn_url`, `subtitle_url`, `access_key`, `created_at`, `updated_at`) VALUES (558, 2189, '4K', 'https://sf1-cdn-tos.huoshanstatic.com/obj/media-fe/xgplayer_doc_video/hls/xgplayer-demo.m3u8', 'https://cdn.example.com/videos/4k/series_2002_ep_30_4K.mp4', NULL, 'FpUImOXTZgxrB0vC766plbDKh0lCDzzy', '2025-08-06 07:59:20.000000', '2025-08-06 07:59:20.357666');
INSERT INTO `episode_urls` (`id`, `episode_id`, `quality`, `oss_url`, `cdn_url`, `subtitle_url`, `access_key`, `created_at`, `updated_at`) VALUES (559, 2190, '720p', 'https://sf1-cdn-tos.huoshanstatic.com/obj/media-fe/xgplayer_doc_video/hls/xgplayer-demo.m3u8', 'https://cdn.example.com/videos/720p/series_2003_ep_1_720p.mp4', NULL, 'KZjysnQZlQ3pBfFZlokyUhro4VEc3pLg', '2025-08-06 07:59:20.000000', '2025-08-06 07:59:20.360508');
INSERT INTO `episode_urls` (`id`, `episode_id`, `quality`, `oss_url`, `cdn_url`, `subtitle_url`, `access_key`, `created_at`, `updated_at`) VALUES (560, 2190, '1080p', 'https://sf1-cdn-tos.huoshanstatic.com/obj/media-fe/xgplayer_doc_video/hls/xgplayer-demo.m3u8', 'https://cdn.example.com/videos/1080p/series_2003_ep_1_1080p.mp4', 'https://cdn.example.com/subtitles/series_2003_ep_1.srt', 'IdUYYqMEkbItHLPH4Mqjuzq9OQkaaBmV', '2025-08-06 07:59:20.000000', '2025-08-06 07:59:20.362800');
INSERT INTO `episode_urls` (`id`, `episode_id`, `quality`, `oss_url`, `cdn_url`, `subtitle_url`, `access_key`, `created_at`, `updated_at`) VALUES (561, 2190, '4K', 'https://sf1-cdn-tos.huoshanstatic.com/obj/media-fe/xgplayer_doc_video/hls/xgplayer-demo.m3u8', 'https://cdn.example.com/videos/4k/series_2003_ep_1_4K.mp4', NULL, '57tXZdRhcHyFuZR5bvRaSIokGOhrb3Xi', '2025-08-06 07:59:20.000000', '2025-08-06 07:59:20.365588');
INSERT INTO `episode_urls` (`id`, `episode_id`, `quality`, `oss_url`, `cdn_url`, `subtitle_url`, `access_key`, `created_at`, `updated_at`) VALUES (562, 2191, '720p', 'https://sf1-cdn-tos.huoshanstatic.com/obj/media-fe/xgplayer_doc_video/hls/xgplayer-demo.m3u8', 'https://cdn.example.com/videos/720p/series_2003_ep_2_720p.mp4', NULL, '9MbZKvVigrPwDISjYPLjD9OENurBuG6W', '2025-08-06 07:59:20.000000', '2025-08-06 07:59:20.368962');
INSERT INTO `episode_urls` (`id`, `episode_id`, `quality`, `oss_url`, `cdn_url`, `subtitle_url`, `access_key`, `created_at`, `updated_at`) VALUES (563, 2191, '1080p', 'https://sf1-cdn-tos.huoshanstatic.com/obj/media-fe/xgplayer_doc_video/hls/xgplayer-demo.m3u8', 'https://cdn.example.com/videos/1080p/series_2003_ep_2_1080p.mp4', 'https://cdn.example.com/subtitles/series_2003_ep_2.srt', '3sRv9KFsozTg2HpsLMBhrKQH7zPZhDAt', '2025-08-06 07:59:20.000000', '2025-08-06 07:59:20.370286');
INSERT INTO `episode_urls` (`id`, `episode_id`, `quality`, `oss_url`, `cdn_url`, `subtitle_url`, `access_key`, `created_at`, `updated_at`) VALUES (564, 2191, '4K', 'https://sf1-cdn-tos.huoshanstatic.com/obj/media-fe/xgplayer_doc_video/hls/xgplayer-demo.m3u8', 'https://cdn.example.com/videos/4k/series_2003_ep_2_4K.mp4', NULL, '6tFGXQj3lGCy1KuRHTbCzuRB3XfEveqn', '2025-08-06 07:59:20.000000', '2025-08-06 07:59:20.371911');
INSERT INTO `episode_urls` (`id`, `episode_id`, `quality`, `oss_url`, `cdn_url`, `subtitle_url`, `access_key`, `created_at`, `updated_at`) VALUES (565, 2192, '720p', 'https://sf1-cdn-tos.huoshanstatic.com/obj/media-fe/xgplayer_doc_video/hls/xgplayer-demo.m3u8', 'https://cdn.example.com/videos/720p/series_2003_ep_3_720p.mp4', NULL, '6hjiQvtSyyPPbFMPsbvfzoXBz6GU1qjX', '2025-08-06 07:59:20.000000', '2025-08-06 07:59:20.376115');
INSERT INTO `episode_urls` (`id`, `episode_id`, `quality`, `oss_url`, `cdn_url`, `subtitle_url`, `access_key`, `created_at`, `updated_at`) VALUES (566, 2192, '1080p', 'https://sf1-cdn-tos.huoshanstatic.com/obj/media-fe/xgplayer_doc_video/hls/xgplayer-demo.m3u8', 'https://cdn.example.com/videos/1080p/series_2003_ep_3_1080p.mp4', 'https://cdn.example.com/subtitles/series_2003_ep_3.srt', 'VdzcVgcCAnpwwZYzEwSbiGs7Pu9TskC6', '2025-08-06 07:59:20.000000', '2025-08-06 07:59:20.377729');
INSERT INTO `episode_urls` (`id`, `episode_id`, `quality`, `oss_url`, `cdn_url`, `subtitle_url`, `access_key`, `created_at`, `updated_at`) VALUES (567, 2192, '4K', 'https://sf1-cdn-tos.huoshanstatic.com/obj/media-fe/xgplayer_doc_video/hls/xgplayer-demo.m3u8', 'https://cdn.example.com/videos/4k/series_2003_ep_3_4K.mp4', NULL, 'X5DEFvj8Pdijgpn2vTLhJBtob2i21zpQ', '2025-08-06 07:59:20.000000', '2025-08-06 07:59:20.379251');
INSERT INTO `episode_urls` (`id`, `episode_id`, `quality`, `oss_url`, `cdn_url`, `subtitle_url`, `access_key`, `created_at`, `updated_at`) VALUES (568, 2193, '720p', 'https://sf1-cdn-tos.huoshanstatic.com/obj/media-fe/xgplayer_doc_video/hls/xgplayer-demo.m3u8', 'https://cdn.example.com/videos/720p/series_2003_ep_4_720p.mp4', NULL, 'a5wne4snBPchC3lLqAeplMpHU0uqZFUu', '2025-08-06 07:59:20.000000', '2025-08-06 07:59:20.384079');
INSERT INTO `episode_urls` (`id`, `episode_id`, `quality`, `oss_url`, `cdn_url`, `subtitle_url`, `access_key`, `created_at`, `updated_at`) VALUES (569, 2193, '1080p', 'https://sf1-cdn-tos.huoshanstatic.com/obj/media-fe/xgplayer_doc_video/hls/xgplayer-demo.m3u8', 'https://cdn.example.com/videos/1080p/series_2003_ep_4_1080p.mp4', 'https://cdn.example.com/subtitles/series_2003_ep_4.srt', 'UKm5dfUqjBJ1UPDAuWN7rdGJE5t2ZmwV', '2025-08-06 07:59:20.000000', '2025-08-06 07:59:20.385507');
INSERT INTO `episode_urls` (`id`, `episode_id`, `quality`, `oss_url`, `cdn_url`, `subtitle_url`, `access_key`, `created_at`, `updated_at`) VALUES (570, 2193, '4K', 'https://sf1-cdn-tos.huoshanstatic.com/obj/media-fe/xgplayer_doc_video/hls/xgplayer-demo.m3u8', 'https://cdn.example.com/videos/4k/series_2003_ep_4_4K.mp4', NULL, 'VMhrySXOLBCp9eFWrLbzXtAWkS3skl8R', '2025-08-06 07:59:20.000000', '2025-08-06 07:59:20.387330');
INSERT INTO `episode_urls` (`id`, `episode_id`, `quality`, `oss_url`, `cdn_url`, `subtitle_url`, `access_key`, `created_at`, `updated_at`) VALUES (571, 2194, '720p', 'https://sf1-cdn-tos.huoshanstatic.com/obj/media-fe/xgplayer_doc_video/hls/xgplayer-demo.m3u8', 'https://cdn.example.com/videos/720p/series_2003_ep_5_720p.mp4', NULL, '7DietgLrzgoycq216OdV5OZDovdABDsv', '2025-08-06 07:59:20.000000', '2025-08-06 07:59:20.392353');
INSERT INTO `episode_urls` (`id`, `episode_id`, `quality`, `oss_url`, `cdn_url`, `subtitle_url`, `access_key`, `created_at`, `updated_at`) VALUES (572, 2194, '1080p', 'https://sf1-cdn-tos.huoshanstatic.com/obj/media-fe/xgplayer_doc_video/hls/xgplayer-demo.m3u8', 'https://cdn.example.com/videos/1080p/series_2003_ep_5_1080p.mp4', 'https://cdn.example.com/subtitles/series_2003_ep_5.srt', '91IZkblDiCCSYbyEMxcOavNaSQhGcDh7', '2025-08-06 07:59:20.000000', '2025-08-06 07:59:20.393907');
INSERT INTO `episode_urls` (`id`, `episode_id`, `quality`, `oss_url`, `cdn_url`, `subtitle_url`, `access_key`, `created_at`, `updated_at`) VALUES (573, 2194, '4K', 'https://sf1-cdn-tos.huoshanstatic.com/obj/media-fe/xgplayer_doc_video/hls/xgplayer-demo.m3u8', 'https://cdn.example.com/videos/4k/series_2003_ep_5_4K.mp4', NULL, 'ENT0mcdvfbQTKXInQzXIoJ82bf0pPmwi', '2025-08-06 07:59:20.000000', '2025-08-06 07:59:20.395628');
INSERT INTO `episode_urls` (`id`, `episode_id`, `quality`, `oss_url`, `cdn_url`, `subtitle_url`, `access_key`, `created_at`, `updated_at`) VALUES (574, 2195, '720p', 'https://sf1-cdn-tos.huoshanstatic.com/obj/media-fe/xgplayer_doc_video/hls/xgplayer-demo.m3u8', 'https://cdn.example.com/videos/720p/series_2003_ep_6_720p.mp4', NULL, '5iTCGnOF6HHPoRfJHx5VgoqCnfR7CnaT', '2025-08-06 07:59:20.000000', '2025-08-06 07:59:20.400005');
INSERT INTO `episode_urls` (`id`, `episode_id`, `quality`, `oss_url`, `cdn_url`, `subtitle_url`, `access_key`, `created_at`, `updated_at`) VALUES (575, 2195, '1080p', 'https://sf1-cdn-tos.huoshanstatic.com/obj/media-fe/xgplayer_doc_video/hls/xgplayer-demo.m3u8', 'https://cdn.example.com/videos/1080p/series_2003_ep_6_1080p.mp4', 'https://cdn.example.com/subtitles/series_2003_ep_6.srt', 'D1t3QBOcVWC3QhMIMVYlhuoU4Id7X2K3', '2025-08-06 07:59:20.000000', '2025-08-06 07:59:20.401541');
INSERT INTO `episode_urls` (`id`, `episode_id`, `quality`, `oss_url`, `cdn_url`, `subtitle_url`, `access_key`, `created_at`, `updated_at`) VALUES (576, 2195, '4K', 'https://sf1-cdn-tos.huoshanstatic.com/obj/media-fe/xgplayer_doc_video/hls/xgplayer-demo.m3u8', 'https://cdn.example.com/videos/4k/series_2003_ep_6_4K.mp4', NULL, 'Uc1wDJPbzjgCJiPrvWvbTmkaxMcAhETH', '2025-08-06 07:59:20.000000', '2025-08-06 07:59:20.402964');
INSERT INTO `episode_urls` (`id`, `episode_id`, `quality`, `oss_url`, `cdn_url`, `subtitle_url`, `access_key`, `created_at`, `updated_at`) VALUES (577, 2196, '720p', 'https://sf1-cdn-tos.huoshanstatic.com/obj/media-fe/xgplayer_doc_video/hls/xgplayer-demo.m3u8', 'https://cdn.example.com/videos/720p/series_2003_ep_7_720p.mp4', NULL, 'zIXJsUgrEayEwYEfHqK0Epmuj8pl0cYt', '2025-08-06 07:59:20.000000', '2025-08-06 07:59:20.406175');
INSERT INTO `episode_urls` (`id`, `episode_id`, `quality`, `oss_url`, `cdn_url`, `subtitle_url`, `access_key`, `created_at`, `updated_at`) VALUES (578, 2196, '1080p', 'https://sf1-cdn-tos.huoshanstatic.com/obj/media-fe/xgplayer_doc_video/hls/xgplayer-demo.m3u8', 'https://cdn.example.com/videos/1080p/series_2003_ep_7_1080p.mp4', 'https://cdn.example.com/subtitles/series_2003_ep_7.srt', 'Q4iRnFZE74FeDCtEBoLbeqM4SrdeD1B0', '2025-08-06 07:59:20.000000', '2025-08-06 07:59:20.407585');
INSERT INTO `episode_urls` (`id`, `episode_id`, `quality`, `oss_url`, `cdn_url`, `subtitle_url`, `access_key`, `created_at`, `updated_at`) VALUES (579, 2196, '4K', 'https://sf1-cdn-tos.huoshanstatic.com/obj/media-fe/xgplayer_doc_video/hls/xgplayer-demo.m3u8', 'https://cdn.example.com/videos/4k/series_2003_ep_7_4K.mp4', NULL, 'mH0KxQ2Dw5dyuGGXvSo9X02DvnzEnb7O', '2025-08-06 07:59:20.000000', '2025-08-06 07:59:20.408855');
INSERT INTO `episode_urls` (`id`, `episode_id`, `quality`, `oss_url`, `cdn_url`, `subtitle_url`, `access_key`, `created_at`, `updated_at`) VALUES (580, 2197, '720p', 'https://sf1-cdn-tos.huoshanstatic.com/obj/media-fe/xgplayer_doc_video/hls/xgplayer-demo.m3u8', 'https://cdn.example.com/videos/720p/series_2003_ep_8_720p.mp4', NULL, '4vZs8LO1KqBAj5R5JsNKggmtJZtARzIW', '2025-08-06 07:59:20.000000', '2025-08-06 07:59:20.411112');
INSERT INTO `episode_urls` (`id`, `episode_id`, `quality`, `oss_url`, `cdn_url`, `subtitle_url`, `access_key`, `created_at`, `updated_at`) VALUES (581, 2197, '1080p', 'https://sf1-cdn-tos.huoshanstatic.com/obj/media-fe/xgplayer_doc_video/hls/xgplayer-demo.m3u8', 'https://cdn.example.com/videos/1080p/series_2003_ep_8_1080p.mp4', 'https://cdn.example.com/subtitles/series_2003_ep_8.srt', 'HLgvQ7LMu75XenEqk40u0SWPgSlxJR3F', '2025-08-06 07:59:20.000000', '2025-08-06 07:59:20.413239');
INSERT INTO `episode_urls` (`id`, `episode_id`, `quality`, `oss_url`, `cdn_url`, `subtitle_url`, `access_key`, `created_at`, `updated_at`) VALUES (582, 2197, '4K', 'https://sf1-cdn-tos.huoshanstatic.com/obj/media-fe/xgplayer_doc_video/hls/xgplayer-demo.m3u8', 'https://cdn.example.com/videos/4k/series_2003_ep_8_4K.mp4', NULL, 'y2Qi67yuTG2MDG7dQ4awqZHmVKzAPuFf', '2025-08-06 07:59:20.000000', '2025-08-06 07:59:20.414540');
INSERT INTO `episode_urls` (`id`, `episode_id`, `quality`, `oss_url`, `cdn_url`, `subtitle_url`, `access_key`, `created_at`, `updated_at`) VALUES (583, 2198, '720p', 'https://sf1-cdn-tos.huoshanstatic.com/obj/media-fe/xgplayer_doc_video/hls/xgplayer-demo.m3u8', 'https://cdn.example.com/videos/720p/series_2003_ep_9_720p.mp4', NULL, 'H0IN32smsytVgLkg9MkUdJ1GHiYPsngj', '2025-08-06 07:59:20.000000', '2025-08-06 07:59:20.417377');
INSERT INTO `episode_urls` (`id`, `episode_id`, `quality`, `oss_url`, `cdn_url`, `subtitle_url`, `access_key`, `created_at`, `updated_at`) VALUES (584, 2198, '1080p', 'https://sf1-cdn-tos.huoshanstatic.com/obj/media-fe/xgplayer_doc_video/hls/xgplayer-demo.m3u8', 'https://cdn.example.com/videos/1080p/series_2003_ep_9_1080p.mp4', 'https://cdn.example.com/subtitles/series_2003_ep_9.srt', 'UsvV256vSr0hgKM7OaCYHwPYtqS4lEeW', '2025-08-06 07:59:20.000000', '2025-08-06 07:59:20.418632');
INSERT INTO `episode_urls` (`id`, `episode_id`, `quality`, `oss_url`, `cdn_url`, `subtitle_url`, `access_key`, `created_at`, `updated_at`) VALUES (585, 2198, '4K', 'https://sf1-cdn-tos.huoshanstatic.com/obj/media-fe/xgplayer_doc_video/hls/xgplayer-demo.m3u8', 'https://cdn.example.com/videos/4k/series_2003_ep_9_4K.mp4', NULL, 'THVw8SDGFFTVdJlAQssUlsqwXz1ndSkf', '2025-08-06 07:59:20.000000', '2025-08-06 07:59:20.419738');
INSERT INTO `episode_urls` (`id`, `episode_id`, `quality`, `oss_url`, `cdn_url`, `subtitle_url`, `access_key`, `created_at`, `updated_at`) VALUES (586, 2199, '720p', 'https://sf1-cdn-tos.huoshanstatic.com/obj/media-fe/xgplayer_doc_video/hls/xgplayer-demo.m3u8', 'https://cdn.example.com/videos/720p/series_2003_ep_10_720p.mp4', NULL, 'OZ34qTNBBcO31tlX3w8EZg0b6jts1bNL', '2025-08-06 07:59:20.000000', '2025-08-06 07:59:20.422832');
INSERT INTO `episode_urls` (`id`, `episode_id`, `quality`, `oss_url`, `cdn_url`, `subtitle_url`, `access_key`, `created_at`, `updated_at`) VALUES (587, 2199, '1080p', 'https://sf1-cdn-tos.huoshanstatic.com/obj/media-fe/xgplayer_doc_video/hls/xgplayer-demo.m3u8', 'https://cdn.example.com/videos/1080p/series_2003_ep_10_1080p.mp4', 'https://cdn.example.com/subtitles/series_2003_ep_10.srt', 'whtCjkICcRlRNYUeJnBdvTo51cUq1JHq', '2025-08-06 07:59:20.000000', '2025-08-06 07:59:20.424304');
INSERT INTO `episode_urls` (`id`, `episode_id`, `quality`, `oss_url`, `cdn_url`, `subtitle_url`, `access_key`, `created_at`, `updated_at`) VALUES (588, 2199, '4K', 'https://sf1-cdn-tos.huoshanstatic.com/obj/media-fe/xgplayer_doc_video/hls/xgplayer-demo.m3u8', 'https://cdn.example.com/videos/4k/series_2003_ep_10_4K.mp4', NULL, '7iWm0CpiCTOA7o9Dc5Px7NbC32bmyt9m', '2025-08-06 07:59:20.000000', '2025-08-06 07:59:20.425796');
INSERT INTO `episode_urls` (`id`, `episode_id`, `quality`, `oss_url`, `cdn_url`, `subtitle_url`, `access_key`, `created_at`, `updated_at`) VALUES (589, 2200, '720p', 'https://sf1-cdn-tos.huoshanstatic.com/obj/media-fe/xgplayer_doc_video/hls/xgplayer-demo.m3u8', 'https://cdn.example.com/videos/720p/series_2003_ep_11_720p.mp4', NULL, 'HXosaVnwWedCX9IfQVjAolV58wvwg5pc', '2025-08-06 07:59:20.000000', '2025-08-06 07:59:20.428359');
INSERT INTO `episode_urls` (`id`, `episode_id`, `quality`, `oss_url`, `cdn_url`, `subtitle_url`, `access_key`, `created_at`, `updated_at`) VALUES (590, 2200, '1080p', 'https://sf1-cdn-tos.huoshanstatic.com/obj/media-fe/xgplayer_doc_video/hls/xgplayer-demo.m3u8', 'https://cdn.example.com/videos/1080p/series_2003_ep_11_1080p.mp4', 'https://cdn.example.com/subtitles/series_2003_ep_11.srt', 'BtuvekJvfOfi7X6whBc3421OmCFS2ZAH', '2025-08-06 07:59:20.000000', '2025-08-06 07:59:20.430182');
INSERT INTO `episode_urls` (`id`, `episode_id`, `quality`, `oss_url`, `cdn_url`, `subtitle_url`, `access_key`, `created_at`, `updated_at`) VALUES (591, 2200, '4K', 'https://sf1-cdn-tos.huoshanstatic.com/obj/media-fe/xgplayer_doc_video/hls/xgplayer-demo.m3u8', 'https://cdn.example.com/videos/4k/series_2003_ep_11_4K.mp4', NULL, '2P1HpphZtYCydRy9uF76BxETQa6grveP', '2025-08-06 07:59:20.000000', '2025-08-06 07:59:20.431874');
INSERT INTO `episode_urls` (`id`, `episode_id`, `quality`, `oss_url`, `cdn_url`, `subtitle_url`, `access_key`, `created_at`, `updated_at`) VALUES (592, 2201, '720p', 'https://sf1-cdn-tos.huoshanstatic.com/obj/media-fe/xgplayer_doc_video/hls/xgplayer-demo.m3u8', 'https://cdn.example.com/videos/720p/series_2003_ep_12_720p.mp4', NULL, 'XFekoEK6MThfpVyw3jPnIbFgyOnqEuW0', '2025-08-06 07:59:20.000000', '2025-08-06 07:59:20.434391');
INSERT INTO `episode_urls` (`id`, `episode_id`, `quality`, `oss_url`, `cdn_url`, `subtitle_url`, `access_key`, `created_at`, `updated_at`) VALUES (593, 2201, '1080p', 'https://sf1-cdn-tos.huoshanstatic.com/obj/media-fe/xgplayer_doc_video/hls/xgplayer-demo.m3u8', 'https://cdn.example.com/videos/1080p/series_2003_ep_12_1080p.mp4', 'https://cdn.example.com/subtitles/series_2003_ep_12.srt', '61GyoDpxy8mlTGrLYgYtXbTVHF0SFPLQ', '2025-08-06 07:59:20.000000', '2025-08-06 07:59:20.435933');
INSERT INTO `episode_urls` (`id`, `episode_id`, `quality`, `oss_url`, `cdn_url`, `subtitle_url`, `access_key`, `created_at`, `updated_at`) VALUES (594, 2201, '4K', 'https://sf1-cdn-tos.huoshanstatic.com/obj/media-fe/xgplayer_doc_video/hls/xgplayer-demo.m3u8', 'https://cdn.example.com/videos/4k/series_2003_ep_12_4K.mp4', NULL, 'BewV6a4aB1LncNY0HyA0sOhxDDxuVKIF', '2025-08-06 07:59:20.000000', '2025-08-06 07:59:20.437672');
INSERT INTO `episode_urls` (`id`, `episode_id`, `quality`, `oss_url`, `cdn_url`, `subtitle_url`, `access_key`, `created_at`, `updated_at`) VALUES (595, 2136, '720P', 'https://oss.example.com/videos/episode_2136_720p.mp4', 'https://cdn.example.com/videos/episode_2136_720p.mp4', 'https://cdn.example.com/subtitles/episode_2136.srt', '02a66c51a292abec384755708e1ca4a5', '2025-08-14 02:06:45.357789', '2025-08-14 02:06:45.357789');
COMMIT;

-- ----------------------------
-- Table structure for episodes
-- ----------------------------
DROP TABLE IF EXISTS `episodes`;
CREATE TABLE `episodes` (
  `id` int NOT NULL AUTO_INCREMENT,
  `series_id` int NOT NULL,
  `episode_number` int NOT NULL,
  `title` varchar(255) CHARACTER SET utf8mb4 COLLATE utf8mb4_general_ci NOT NULL,
  `duration` int NOT NULL,
  `status` varchar(255) CHARACTER SET utf8mb4 COLLATE utf8mb4_general_ci NOT NULL DEFAULT 'published',
  `play_count` int NOT NULL DEFAULT '0',
  `created_at` datetime(6) NOT NULL DEFAULT CURRENT_TIMESTAMP(6),
  `updated_at` datetime(6) NOT NULL DEFAULT CURRENT_TIMESTAMP(6) ON UPDATE CURRENT_TIMESTAMP(6),
  `has_sequel` tinyint NOT NULL DEFAULT '0',
  `short_id` varchar(11) CHARACTER SET utf8mb4 COLLATE utf8mb4_general_ci DEFAULT NULL,
  PRIMARY KEY (`id`),
  UNIQUE KEY `IDX_b5b99ab41929380d63a0a58c5c` (`short_id`),
  KEY `FK_624166580dfcd4e2d88a978ce71` (`series_id`),
  CONSTRAINT `FK_624166580dfcd4e2d88a978ce71` FOREIGN KEY (`series_id`) REFERENCES `series` (`id`)
) ENGINE=InnoDB AUTO_INCREMENT=2202 DEFAULT CHARSET=utf8mb4 COLLATE=utf8mb4_general_ci;

-- ----------------------------
-- Records of episodes
-- ----------------------------
BEGIN;
INSERT INTO `episodes` (`id`, `series_id`, `episode_number`, `title`, `duration`, `status`, `play_count`, `created_at`, `updated_at`, `has_sequel`, `short_id`) VALUES (2001, 1001, 1, '第一集：开端', 2400, 'published', 5680, '2024-01-15 10:30:00.000000', '2025-08-09 06:33:37.000000', 1, 'J7YUMwhxXsA');
INSERT INTO `episodes` (`id`, `series_id`, `episode_number`, `title`, `duration`, `status`, `play_count`, `created_at`, `updated_at`, `has_sequel`, `short_id`) VALUES (2002, 1001, 2, '第二集：发展', 2350, 'published', 4920, '2024-01-16 10:30:00.000000', '2025-08-09 06:33:37.000000', 1, 'AjSEuEQrKBQ');
INSERT INTO `episodes` (`id`, `series_id`, `episode_number`, `title`, `duration`, `status`, `play_count`, `created_at`, `updated_at`, `has_sequel`, `short_id`) VALUES (2003, 1001, 3, '第三集：高潮', 2480, 'published', 4150, '2024-01-17 10:30:00.000000', '2025-08-09 06:33:37.000000', 0, '9mGrm9fWWSt');
INSERT INTO `episodes` (`id`, `series_id`, `episode_number`, `title`, `duration`, `status`, `play_count`, `created_at`, `updated_at`, `has_sequel`, `short_id`) VALUES (2136, 2001, 1, '第1集：初次相遇', 2118, 'published', 36359, '2025-08-06 07:59:19.000000', '2025-08-14 02:07:12.000000', 1, 'CcPcMmtTAHa');
INSERT INTO `episodes` (`id`, `series_id`, `episode_number`, `title`, `duration`, `status`, `play_count`, `created_at`, `updated_at`, `has_sequel`, `short_id`) VALUES (2137, 2001, 2, '第2集：误会重重', 2211, 'published', 49364, '2025-08-06 07:59:19.000000', '2025-08-09 06:33:37.000000', 0, 'bgkw8EVstSN');
INSERT INTO `episodes` (`id`, `series_id`, `episode_number`, `title`, `duration`, `status`, `play_count`, `created_at`, `updated_at`, `has_sequel`, `short_id`) VALUES (2138, 2001, 3, '第3集：渐生情愫', 2333, 'published', 54001, '2025-08-06 07:59:19.000000', '2025-08-09 06:33:37.000000', 0, 'nHxpkr73dRs');
INSERT INTO `episodes` (`id`, `series_id`, `episode_number`, `title`, `duration`, `status`, `play_count`, `created_at`, `updated_at`, `has_sequel`, `short_id`) VALUES (2139, 2001, 4, '第4集：甜蜜约会', 2334, 'published', 53781, '2025-08-06 07:59:19.000000', '2025-08-09 06:33:37.000000', 0, 'KBbeWq33dwk');
INSERT INTO `episodes` (`id`, `series_id`, `episode_number`, `title`, `duration`, `status`, `play_count`, `created_at`, `updated_at`, `has_sequel`, `short_id`) VALUES (2140, 2001, 5, '第5集：家族反对', 2050, 'published', 13536, '2025-08-06 07:59:19.000000', '2025-08-09 06:33:37.000000', 0, 'P6YzmjCGX4c');
INSERT INTO `episodes` (`id`, `series_id`, `episode_number`, `title`, `duration`, `status`, `play_count`, `created_at`, `updated_at`, `has_sequel`, `short_id`) VALUES (2141, 2001, 6, '第6集：分手危机', 2384, 'published', 58372, '2025-08-06 07:59:20.000000', '2025-08-09 06:33:37.000000', 0, 'S4BQGEukfum');
INSERT INTO `episodes` (`id`, `series_id`, `episode_number`, `title`, `duration`, `status`, `play_count`, `created_at`, `updated_at`, `has_sequel`, `short_id`) VALUES (2142, 2001, 7, '第7集：真相大白', 1839, 'published', 31101, '2025-08-06 07:59:20.000000', '2025-08-09 06:33:37.000000', 0, 'Ukd4jP5nJzh');
INSERT INTO `episodes` (`id`, `series_id`, `episode_number`, `title`, `duration`, `status`, `play_count`, `created_at`, `updated_at`, `has_sequel`, `short_id`) VALUES (2143, 2001, 8, '第8集：重归于好', 2078, 'published', 59828, '2025-08-06 07:59:20.000000', '2025-08-09 06:33:37.000000', 0, 'brAkNPAshCF');
INSERT INTO `episodes` (`id`, `series_id`, `episode_number`, `title`, `duration`, `status`, `play_count`, `created_at`, `updated_at`, `has_sequel`, `short_id`) VALUES (2144, 2001, 9, '第9集：求婚成功', 2375, 'published', 15450, '2025-08-06 07:59:20.000000', '2025-08-09 06:33:37.000000', 0, 'UG7ycSxCtVU');
INSERT INTO `episodes` (`id`, `series_id`, `episode_number`, `title`, `duration`, `status`, `play_count`, `created_at`, `updated_at`, `has_sequel`, `short_id`) VALUES (2145, 2001, 10, '第10集：幸福结局', 1883, 'published', 22739, '2025-08-06 07:59:20.000000', '2025-08-09 06:33:37.000000', 0, 'BJvMGbm5UZq');
INSERT INTO `episodes` (`id`, `series_id`, `episode_number`, `title`, `duration`, `status`, `play_count`, `created_at`, `updated_at`, `has_sequel`, `short_id`) VALUES (2146, 2001, 11, '第11集：意外重逢', 2301, 'published', 33511, '2025-08-06 07:59:20.000000', '2025-08-09 06:33:37.000000', 0, 'FghqbS2j3Z8');
INSERT INTO `episodes` (`id`, `series_id`, `episode_number`, `title`, `duration`, `status`, `play_count`, `created_at`, `updated_at`, `has_sequel`, `short_id`) VALUES (2147, 2001, 12, '第12集：旧情复燃', 2068, 'published', 26042, '2025-08-06 07:59:20.000000', '2025-08-09 06:33:37.000000', 0, 'qQxSNQQHhN6');
INSERT INTO `episodes` (`id`, `series_id`, `episode_number`, `title`, `duration`, `status`, `play_count`, `created_at`, `updated_at`, `has_sequel`, `short_id`) VALUES (2148, 2001, 13, '第13集：新的挑战', 2396, 'published', 45633, '2025-08-06 07:59:20.000000', '2025-08-09 06:33:37.000000', 0, 'Jez2sr6nJv7');
INSERT INTO `episodes` (`id`, `series_id`, `episode_number`, `title`, `duration`, `status`, `play_count`, `created_at`, `updated_at`, `has_sequel`, `short_id`) VALUES (2149, 2001, 14, '第14集：携手并进', 1824, 'published', 19910, '2025-08-06 07:59:20.000000', '2025-08-09 06:33:37.000000', 0, 'b2wccr8HV9V');
INSERT INTO `episodes` (`id`, `series_id`, `episode_number`, `title`, `duration`, `status`, `play_count`, `created_at`, `updated_at`, `has_sequel`, `short_id`) VALUES (2150, 2001, 15, '第15集：婚礼筹备', 2352, 'published', 51587, '2025-08-06 07:59:20.000000', '2025-08-09 06:33:37.000000', 0, 'ZryhCXrrfJC');
INSERT INTO `episodes` (`id`, `series_id`, `episode_number`, `title`, `duration`, `status`, `play_count`, `created_at`, `updated_at`, `has_sequel`, `short_id`) VALUES (2151, 2001, 16, '第16集：蜜月旅行', 2173, 'published', 41718, '2025-08-06 07:59:20.000000', '2025-08-09 06:33:37.000000', 0, 'Hscn8hy8YDR');
INSERT INTO `episodes` (`id`, `series_id`, `episode_number`, `title`, `duration`, `status`, `play_count`, `created_at`, `updated_at`, `has_sequel`, `short_id`) VALUES (2152, 2001, 17, '第17集：事业冲突', 2117, 'published', 29759, '2025-08-06 07:59:20.000000', '2025-08-09 06:33:37.000000', 0, 'QErxKmWxgfy');
INSERT INTO `episodes` (`id`, `series_id`, `episode_number`, `title`, `duration`, `status`, `play_count`, `created_at`, `updated_at`, `has_sequel`, `short_id`) VALUES (2153, 2001, 18, '第18集：理解包容', 2184, 'published', 22821, '2025-08-06 07:59:20.000000', '2025-08-09 06:33:37.000000', 0, 'vaBcsYm5D7U');
INSERT INTO `episodes` (`id`, `series_id`, `episode_number`, `title`, `duration`, `status`, `play_count`, `created_at`, `updated_at`, `has_sequel`, `short_id`) VALUES (2154, 2001, 19, '第19集：共同成长', 1941, 'published', 17650, '2025-08-06 07:59:20.000000', '2025-08-09 06:33:37.000000', 0, 'VpjxQuBK33R');
INSERT INTO `episodes` (`id`, `series_id`, `episode_number`, `title`, `duration`, `status`, `play_count`, `created_at`, `updated_at`, `has_sequel`, `short_id`) VALUES (2155, 2001, 20, '第20集：家庭和睦', 1855, 'published', 45586, '2025-08-06 07:59:20.000000', '2025-08-09 06:33:37.000000', 0, 'MrcPmyeAS24');
INSERT INTO `episodes` (`id`, `series_id`, `episode_number`, `title`, `duration`, `status`, `play_count`, `created_at`, `updated_at`, `has_sequel`, `short_id`) VALUES (2156, 2001, 21, '第21集：意外惊喜', 2180, 'published', 58556, '2025-08-06 07:59:20.000000', '2025-08-09 06:33:37.000000', 0, 'RSDwUVuAaXE');
INSERT INTO `episodes` (`id`, `series_id`, `episode_number`, `title`, `duration`, `status`, `play_count`, `created_at`, `updated_at`, `has_sequel`, `short_id`) VALUES (2157, 2001, 22, '第22集：温馨日常', 1829, 'published', 49060, '2025-08-06 07:59:20.000000', '2025-08-09 06:33:37.000000', 0, 'XduPxVYcp6w');
INSERT INTO `episodes` (`id`, `series_id`, `episode_number`, `title`, `duration`, `status`, `play_count`, `created_at`, `updated_at`, `has_sequel`, `short_id`) VALUES (2158, 2001, 23, '第23集：未来规划', 1839, 'published', 46408, '2025-08-06 07:59:20.000000', '2025-08-09 06:33:37.000000', 0, 'cda7vP2j9NY');
INSERT INTO `episodes` (`id`, `series_id`, `episode_number`, `title`, `duration`, `status`, `play_count`, `created_at`, `updated_at`, `has_sequel`, `short_id`) VALUES (2159, 2001, 24, '第24集：圆满收官', 1883, 'published', 27003, '2025-08-06 07:59:20.000000', '2025-08-09 06:33:37.000000', 0, 'E9RuxnbMNzb');
INSERT INTO `episodes` (`id`, `series_id`, `episode_number`, `title`, `duration`, `status`, `play_count`, `created_at`, `updated_at`, `has_sequel`, `short_id`) VALUES (2160, 2002, 1, '第1集：初入仙门', 2446, 'published', 29967, '2025-08-06 07:59:20.000000', '2025-08-09 06:33:37.000000', 0, 'VkmGQB5efpt');
INSERT INTO `episodes` (`id`, `series_id`, `episode_number`, `title`, `duration`, `status`, `play_count`, `created_at`, `updated_at`, `has_sequel`, `short_id`) VALUES (2161, 2002, 2, '第2集：修炼之路', 2529, 'published', 24823, '2025-08-06 07:59:20.000000', '2025-08-09 06:33:37.000000', 0, 'CGfQrYnXagJ');
INSERT INTO `episodes` (`id`, `series_id`, `episode_number`, `title`, `duration`, `status`, `play_count`, `created_at`, `updated_at`, `has_sequel`, `short_id`) VALUES (2162, 2002, 3, '第3集：师父传艺', 2963, 'published', 44505, '2025-08-06 07:59:20.000000', '2025-08-09 06:33:37.000000', 0, 'G9bM9G6cj7G');
INSERT INTO `episodes` (`id`, `series_id`, `episode_number`, `title`, `duration`, `status`, `play_count`, `created_at`, `updated_at`, `has_sequel`, `short_id`) VALUES (2163, 2002, 4, '第4集：同门切磋', 2439, 'published', 46094, '2025-08-06 07:59:20.000000', '2025-08-09 06:33:37.000000', 0, 'BS2UGvjmQaR');
INSERT INTO `episodes` (`id`, `series_id`, `episode_number`, `title`, `duration`, `status`, `play_count`, `created_at`, `updated_at`, `has_sequel`, `short_id`) VALUES (2164, 2002, 5, '第5集：历练试炼', 2864, 'published', 21646, '2025-08-06 07:59:20.000000', '2025-08-09 06:33:37.000000', 0, 'VVNrgRFymqP');
INSERT INTO `episodes` (`id`, `series_id`, `episode_number`, `title`, `duration`, `status`, `play_count`, `created_at`, `updated_at`, `has_sequel`, `short_id`) VALUES (2165, 2002, 6, '第6集：邂逅红颜', 2460, 'published', 33070, '2025-08-06 07:59:20.000000', '2025-08-09 06:33:37.000000', 0, 'M6n4pbWKfZx');
INSERT INTO `episodes` (`id`, `series_id`, `episode_number`, `title`, `duration`, `status`, `play_count`, `created_at`, `updated_at`, `has_sequel`, `short_id`) VALUES (2166, 2002, 7, '第7集：魔族入侵', 2541, 'published', 20125, '2025-08-06 07:59:20.000000', '2025-08-09 06:33:37.000000', 0, 'J3zJAq2XPA2');
INSERT INTO `episodes` (`id`, `series_id`, `episode_number`, `title`, `duration`, `status`, `play_count`, `created_at`, `updated_at`, `has_sequel`, `short_id`) VALUES (2167, 2002, 8, '第8集：生死考验', 2819, 'published', 44441, '2025-08-06 07:59:20.000000', '2025-08-09 06:33:37.000000', 0, '4fqAXg79qf6');
INSERT INTO `episodes` (`id`, `series_id`, `episode_number`, `title`, `duration`, `status`, `play_count`, `created_at`, `updated_at`, `has_sequel`, `short_id`) VALUES (2168, 2002, 9, '第9集：突破瓶颈', 2866, 'published', 39330, '2025-08-06 07:59:20.000000', '2025-08-09 06:33:37.000000', 0, 'fdcbwwYv83h');
INSERT INTO `episodes` (`id`, `series_id`, `episode_number`, `title`, `duration`, `status`, `play_count`, `created_at`, `updated_at`, `has_sequel`, `short_id`) VALUES (2169, 2002, 10, '第10集：仙界大战', 2702, 'published', 44488, '2025-08-06 07:59:20.000000', '2025-08-09 06:33:37.000000', 0, 'FZHYmDcSuQ8');
INSERT INTO `episodes` (`id`, `series_id`, `episode_number`, `title`, `duration`, `status`, `play_count`, `created_at`, `updated_at`, `has_sequel`, `short_id`) VALUES (2170, 2002, 11, '第11集：情深义重', 2753, 'published', 43515, '2025-08-06 07:59:20.000000', '2025-08-09 06:33:37.000000', 0, 'NjYnKUvpcUb');
INSERT INTO `episodes` (`id`, `series_id`, `episode_number`, `title`, `duration`, `status`, `play_count`, `created_at`, `updated_at`, `has_sequel`, `short_id`) VALUES (2171, 2002, 12, '第12集：背叛与原谅', 2667, 'published', 30434, '2025-08-06 07:59:20.000000', '2025-08-09 06:33:37.000000', 0, '3vaEjrpx6k4');
INSERT INTO `episodes` (`id`, `series_id`, `episode_number`, `title`, `duration`, `status`, `play_count`, `created_at`, `updated_at`, `has_sequel`, `short_id`) VALUES (2172, 2002, 13, '第13集：天劫降临', 2958, 'published', 24880, '2025-08-06 07:59:20.000000', '2025-08-09 06:33:37.000000', 0, 'V6ZYsn5UcRT');
INSERT INTO `episodes` (`id`, `series_id`, `episode_number`, `title`, `duration`, `status`, `play_count`, `created_at`, `updated_at`, `has_sequel`, `short_id`) VALUES (2173, 2002, 14, '第14集：涅槃重生', 2631, 'published', 27642, '2025-08-06 07:59:20.000000', '2025-08-09 06:33:37.000000', 0, 'ZPPaaaQN2RP');
INSERT INTO `episodes` (`id`, `series_id`, `episode_number`, `title`, `duration`, `status`, `play_count`, `created_at`, `updated_at`, `has_sequel`, `short_id`) VALUES (2174, 2002, 15, '第15集：仙魔恋情', 2863, 'published', 26892, '2025-08-06 07:59:20.000000', '2025-08-09 06:33:37.000000', 0, 'JaRpG6xgNuh');
INSERT INTO `episodes` (`id`, `series_id`, `episode_number`, `title`, `duration`, `status`, `play_count`, `created_at`, `updated_at`, `has_sequel`, `short_id`) VALUES (2175, 2002, 16, '第16集：宗门危机', 2594, 'published', 28052, '2025-08-06 07:59:20.000000', '2025-08-09 06:33:37.000000', 0, 'eFMkvqT4TbZ');
INSERT INTO `episodes` (`id`, `series_id`, `episode_number`, `title`, `duration`, `status`, `play_count`, `created_at`, `updated_at`, `has_sequel`, `short_id`) VALUES (2176, 2002, 17, '第17集：英雄救美', 2644, 'published', 42525, '2025-08-06 07:59:20.000000', '2025-08-09 06:33:37.000000', 0, 'qEgtTMtAzN3');
INSERT INTO `episodes` (`id`, `series_id`, `episode_number`, `title`, `duration`, `status`, `play_count`, `created_at`, `updated_at`, `has_sequel`, `short_id`) VALUES (2177, 2002, 18, '第18集：修为大进', 2469, 'published', 25233, '2025-08-06 07:59:20.000000', '2025-08-09 06:33:37.000000', 0, 'ZzmmbpR5wA9');
INSERT INTO `episodes` (`id`, `series_id`, `episode_number`, `title`, `duration`, `status`, `play_count`, `created_at`, `updated_at`, `has_sequel`, `short_id`) VALUES (2178, 2002, 19, '第19集：仙界震动', 2878, 'published', 29219, '2025-08-06 07:59:20.000000', '2025-08-09 06:33:37.000000', 0, 'Ck7raxdsY52');
INSERT INTO `episodes` (`id`, `series_id`, `episode_number`, `title`, `duration`, `status`, `play_count`, `created_at`, `updated_at`, `has_sequel`, `short_id`) VALUES (2179, 2002, 20, '第20集：爱恨纠葛', 2743, 'published', 19311, '2025-08-06 07:59:20.000000', '2025-08-09 06:33:37.000000', 0, 'MfgUhA6kaz3');
INSERT INTO `episodes` (`id`, `series_id`, `episode_number`, `title`, `duration`, `status`, `play_count`, `created_at`, `updated_at`, `has_sequel`, `short_id`) VALUES (2180, 2002, 21, '第21集：最终决战', 2829, 'published', 27668, '2025-08-06 07:59:20.000000', '2025-08-09 06:33:37.000000', 0, 'QFgdhYdzwAT');
INSERT INTO `episodes` (`id`, `series_id`, `episode_number`, `title`, `duration`, `status`, `play_count`, `created_at`, `updated_at`, `has_sequel`, `short_id`) VALUES (2181, 2002, 22, '第22集：牺牲与拯救', 2700, 'published', 44557, '2025-08-06 07:59:20.000000', '2025-08-09 06:33:37.000000', 0, 'FynCjPfRGbJ');
INSERT INTO `episodes` (`id`, `series_id`, `episode_number`, `title`, `duration`, `status`, `play_count`, `created_at`, `updated_at`, `has_sequel`, `short_id`) VALUES (2182, 2002, 23, '第23集：仙界和平', 2578, 'published', 8967, '2025-08-06 07:59:20.000000', '2025-08-09 06:33:37.000000', 0, 'dBDmfntUR5P');
INSERT INTO `episodes` (`id`, `series_id`, `episode_number`, `title`, `duration`, `status`, `play_count`, `created_at`, `updated_at`, `has_sequel`, `short_id`) VALUES (2183, 2002, 24, '第24集：情定三生', 2442, 'published', 20080, '2025-08-06 07:59:20.000000', '2025-08-09 06:33:37.000000', 0, 'MPMdG4syCB3');
INSERT INTO `episodes` (`id`, `series_id`, `episode_number`, `title`, `duration`, `status`, `play_count`, `created_at`, `updated_at`, `has_sequel`, `short_id`) VALUES (2184, 2002, 25, '第25集：飞升成仙', 2579, 'published', 25122, '2025-08-06 07:59:20.000000', '2025-08-09 06:33:37.000000', 0, 'ShQYg82vcYf');
INSERT INTO `episodes` (`id`, `series_id`, `episode_number`, `title`, `duration`, `status`, `play_count`, `created_at`, `updated_at`, `has_sequel`, `short_id`) VALUES (2185, 2002, 26, '第26集：新的开始', 2584, 'published', 41686, '2025-08-06 07:59:20.000000', '2025-08-09 06:33:37.000000', 0, 'RjyjxJ9kZun');
INSERT INTO `episodes` (`id`, `series_id`, `episode_number`, `title`, `duration`, `status`, `play_count`, `created_at`, `updated_at`, `has_sequel`, `short_id`) VALUES (2186, 2002, 27, '第27集：仙界新秩序', 2671, 'published', 30099, '2025-08-06 07:59:20.000000', '2025-08-09 06:33:37.000000', 0, '5X3Y7DARKQa');
INSERT INTO `episodes` (`id`, `series_id`, `episode_number`, `title`, `duration`, `status`, `play_count`, `created_at`, `updated_at`, `has_sequel`, `short_id`) VALUES (2187, 2002, 28, '第28集：传承衣钵', 2672, 'published', 29305, '2025-08-06 07:59:20.000000', '2025-08-09 06:33:37.000000', 0, 'AhHxqEqP2gK');
INSERT INTO `episodes` (`id`, `series_id`, `episode_number`, `title`, `duration`, `status`, `play_count`, `created_at`, `updated_at`, `has_sequel`, `short_id`) VALUES (2188, 2002, 29, '第29集：师父归来', 2450, 'published', 39802, '2025-08-06 07:59:20.000000', '2025-08-09 06:33:37.000000', 0, 'pnAJejvcKvf');
INSERT INTO `episodes` (`id`, `series_id`, `episode_number`, `title`, `duration`, `status`, `play_count`, `created_at`, `updated_at`, `has_sequel`, `short_id`) VALUES (2189, 2002, 30, '第30集：圆满结局', 2518, 'published', 23258, '2025-08-06 07:59:20.000000', '2025-08-09 06:33:37.000000', 0, 'bg384TzwtXv');
INSERT INTO `episodes` (`id`, `series_id`, `episode_number`, `title`, `duration`, `status`, `play_count`, `created_at`, `updated_at`, `has_sequel`, `short_id`) VALUES (2190, 2003, 1, '第1集：神秘案件', 3136, 'published', 24483, '2025-08-06 07:59:20.000000', '2025-08-09 06:33:37.000000', 0, 'Q9QjYZHHHx9');
INSERT INTO `episodes` (`id`, `series_id`, `episode_number`, `title`, `duration`, `status`, `play_count`, `created_at`, `updated_at`, `has_sequel`, `short_id`) VALUES (2191, 2003, 2, '第2集：初步调查', 3215, 'published', 33281, '2025-08-06 07:59:20.000000', '2025-08-09 06:33:37.000000', 0, 'HhfBS9k32Nt');
INSERT INTO `episodes` (`id`, `series_id`, `episode_number`, `title`, `duration`, `status`, `play_count`, `created_at`, `updated_at`, `has_sequel`, `short_id`) VALUES (2192, 2003, 3, '第3集：线索浮现', 3596, 'published', 33120, '2025-08-06 07:59:20.000000', '2025-08-09 06:33:37.000000', 0, 'NUV5MutS9PZ');
INSERT INTO `episodes` (`id`, `series_id`, `episode_number`, `title`, `duration`, `status`, `play_count`, `created_at`, `updated_at`, `has_sequel`, `short_id`) VALUES (2193, 2003, 4, '第4集：嫌疑人现身', 3195, 'published', 29288, '2025-08-06 07:59:20.000000', '2025-08-09 06:33:37.000000', 0, 'fH7bgRfszBX');
INSERT INTO `episodes` (`id`, `series_id`, `episode_number`, `title`, `duration`, `status`, `play_count`, `created_at`, `updated_at`, `has_sequel`, `short_id`) VALUES (2194, 2003, 5, '第5集：真相迷雾', 3205, 'published', 23009, '2025-08-06 07:59:20.000000', '2025-08-09 06:33:37.000000', 0, 'KyhwErMN3TT');
INSERT INTO `episodes` (`id`, `series_id`, `episode_number`, `title`, `duration`, `status`, `play_count`, `created_at`, `updated_at`, `has_sequel`, `short_id`) VALUES (2195, 2003, 6, '第6集：关键证据', 3562, 'published', 16861, '2025-08-06 07:59:20.000000', '2025-08-09 06:33:37.000000', 0, '4kxXB5hPSEF');
INSERT INTO `episodes` (`id`, `series_id`, `episode_number`, `title`, `duration`, `status`, `play_count`, `created_at`, `updated_at`, `has_sequel`, `short_id`) VALUES (2196, 2003, 7, '第7集：意外发现', 3387, 'published', 5742, '2025-08-06 07:59:20.000000', '2025-08-09 06:33:37.000000', 0, 'Wudz2TRZWxx');
INSERT INTO `episodes` (`id`, `series_id`, `episode_number`, `title`, `duration`, `status`, `play_count`, `created_at`, `updated_at`, `has_sequel`, `short_id`) VALUES (2197, 2003, 8, '第8集：案情反转', 3186, 'published', 32353, '2025-08-06 07:59:20.000000', '2025-08-09 06:33:37.000000', 0, 'KQUHBAtDsdW');
INSERT INTO `episodes` (`id`, `series_id`, `episode_number`, `title`, `duration`, `status`, `play_count`, `created_at`, `updated_at`, `has_sequel`, `short_id`) VALUES (2198, 2003, 9, '第9集：幕后黑手', 3073, 'published', 30431, '2025-08-06 07:59:20.000000', '2025-08-09 06:33:37.000000', 0, 'G4gfj4Emy6a');
INSERT INTO `episodes` (`id`, `series_id`, `episode_number`, `title`, `duration`, `status`, `play_count`, `created_at`, `updated_at`, `has_sequel`, `short_id`) VALUES (2199, 2003, 10, '第10集：最终揭秘', 3043, 'published', 16315, '2025-08-06 07:59:20.000000', '2025-08-09 06:33:37.000000', 0, 'Z8DmjNmPv5M');
INSERT INTO `episodes` (`id`, `series_id`, `episode_number`, `title`, `duration`, `status`, `play_count`, `created_at`, `updated_at`, `has_sequel`, `short_id`) VALUES (2200, 2003, 11, '第11集：正义伸张', 3409, 'published', 5558, '2025-08-06 07:59:20.000000', '2025-08-09 06:33:37.000000', 0, 'P8sAqbPgScn');
INSERT INTO `episodes` (`id`, `series_id`, `episode_number`, `title`, `duration`, `status`, `play_count`, `created_at`, `updated_at`, `has_sequel`, `short_id`) VALUES (2201, 2003, 12, '第12集：尾声', 3506, 'published', 26646, '2025-08-06 07:59:20.000000', '2025-08-09 06:33:37.000000', 0, 'JZPp2rgGQRE');
COMMIT;

-- ----------------------------
-- Table structure for filter_options
-- ----------------------------
DROP TABLE IF EXISTS `filter_options`;
CREATE TABLE `filter_options` (
  `id` int NOT NULL AUTO_INCREMENT,
  `filter_type_id` int NOT NULL COMMENT '筛选器类型ID',
  `name` varchar(100) CHARACTER SET utf8mb4 COLLATE utf8mb4_unicode_ci NOT NULL COMMENT '选项名称',
  `value` varchar(100) CHARACTER SET utf8mb4 COLLATE utf8mb4_unicode_ci DEFAULT NULL COMMENT '选项值',
  `is_default` tinyint(1) NOT NULL DEFAULT '0' COMMENT '是否默认选中',
  `is_active` tinyint(1) NOT NULL DEFAULT '1' COMMENT '是否启用',
  `sort_order` int NOT NULL DEFAULT '0' COMMENT '排序顺序',
  `created_at` datetime(6) NOT NULL DEFAULT CURRENT_TIMESTAMP(6) COMMENT '创建时间',
  `updated_at` datetime(6) NOT NULL DEFAULT CURRENT_TIMESTAMP(6) ON UPDATE CURRENT_TIMESTAMP(6) COMMENT '更新时间',
  PRIMARY KEY (`id`),
  KEY `FK_2c145bc2913ac7b99ffbafa02bd` (`filter_type_id`),
  CONSTRAINT `FK_2c145bc2913ac7b99ffbafa02bd` FOREIGN KEY (`filter_type_id`) REFERENCES `filter_types` (`id`)
) ENGINE=InnoDB AUTO_INCREMENT=29 DEFAULT CHARSET=utf8mb4 COLLATE=utf8mb4_unicode_ci;

-- ----------------------------
-- Records of filter_options
-- ----------------------------
BEGIN;
INSERT INTO `filter_options` (`id`, `filter_type_id`, `name`, `value`, `is_default`, `is_active`, `sort_order`, `created_at`, `updated_at`) VALUES (1, 1, '最新上传', 'latest', 1, 1, 1, '2025-08-05 15:11:27.371475', '2025-08-05 15:11:27.371475');
INSERT INTO `filter_options` (`id`, `filter_type_id`, `name`, `value`, `is_default`, `is_active`, `sort_order`, `created_at`, `updated_at`) VALUES (2, 1, '最近更新', 'updated', 0, 1, 2, '2025-08-05 15:11:27.371475', '2025-08-05 15:11:27.371475');
INSERT INTO `filter_options` (`id`, `filter_type_id`, `name`, `value`, `is_default`, `is_active`, `sort_order`, `created_at`, `updated_at`) VALUES (3, 1, '人气最高', 'popular', 0, 1, 3, '2025-08-05 15:11:27.371475', '2025-08-05 15:11:27.371475');
INSERT INTO `filter_options` (`id`, `filter_type_id`, `name`, `value`, `is_default`, `is_active`, `sort_order`, `created_at`, `updated_at`) VALUES (4, 1, '评分最高', 'rating', 0, 1, 4, '2025-08-05 15:11:27.371475', '2025-08-05 15:11:27.371475');
INSERT INTO `filter_options` (`id`, `filter_type_id`, `name`, `value`, `is_default`, `is_active`, `sort_order`, `created_at`, `updated_at`) VALUES (5, 2, '全部类型', 'all', 1, 1, 1, '2025-08-05 15:11:27.371475', '2025-08-05 15:11:27.371475');
INSERT INTO `filter_options` (`id`, `filter_type_id`, `name`, `value`, `is_default`, `is_active`, `sort_order`, `created_at`, `updated_at`) VALUES (6, 2, '偶像', 'idol', 0, 1, 2, '2025-08-05 15:11:27.371475', '2025-08-05 15:11:27.371475');
INSERT INTO `filter_options` (`id`, `filter_type_id`, `name`, `value`, `is_default`, `is_active`, `sort_order`, `created_at`, `updated_at`) VALUES (7, 2, '言情', 'romance', 0, 1, 3, '2025-08-05 15:11:27.371475', '2025-08-05 15:11:27.371475');
INSERT INTO `filter_options` (`id`, `filter_type_id`, `name`, `value`, `is_default`, `is_active`, `sort_order`, `created_at`, `updated_at`) VALUES (8, 2, '爱情', 'love', 0, 1, 4, '2025-08-05 15:11:27.371475', '2025-08-05 15:11:27.371475');
INSERT INTO `filter_options` (`id`, `filter_type_id`, `name`, `value`, `is_default`, `is_active`, `sort_order`, `created_at`, `updated_at`) VALUES (9, 2, '古装', 'costume', 0, 1, 5, '2025-08-05 15:11:27.371475', '2025-08-05 15:11:27.371475');
INSERT INTO `filter_options` (`id`, `filter_type_id`, `name`, `value`, `is_default`, `is_active`, `sort_order`, `created_at`, `updated_at`) VALUES (10, 3, '全部地区', 'all', 1, 1, 1, '2025-08-05 15:11:27.371475', '2025-08-05 15:11:27.371475');
INSERT INTO `filter_options` (`id`, `filter_type_id`, `name`, `value`, `is_default`, `is_active`, `sort_order`, `created_at`, `updated_at`) VALUES (11, 3, '大陆', 'mainland', 0, 1, 2, '2025-08-05 15:11:27.371475', '2025-08-05 15:11:27.371475');
INSERT INTO `filter_options` (`id`, `filter_type_id`, `name`, `value`, `is_default`, `is_active`, `sort_order`, `created_at`, `updated_at`) VALUES (12, 3, '香港', 'hongkong', 0, 1, 3, '2025-08-05 15:11:27.371475', '2025-08-05 15:11:27.371475');
INSERT INTO `filter_options` (`id`, `filter_type_id`, `name`, `value`, `is_default`, `is_active`, `sort_order`, `created_at`, `updated_at`) VALUES (13, 3, '台湾', 'taiwan', 0, 1, 4, '2025-08-05 15:11:27.371475', '2025-08-05 15:11:27.371475');
INSERT INTO `filter_options` (`id`, `filter_type_id`, `name`, `value`, `is_default`, `is_active`, `sort_order`, `created_at`, `updated_at`) VALUES (14, 3, '日本', 'japan', 0, 1, 5, '2025-08-05 15:11:27.371475', '2025-08-05 15:11:27.371475');
INSERT INTO `filter_options` (`id`, `filter_type_id`, `name`, `value`, `is_default`, `is_active`, `sort_order`, `created_at`, `updated_at`) VALUES (15, 4, '全部语言', 'all', 1, 1, 1, '2025-08-05 15:11:27.371475', '2025-08-05 15:11:27.371475');
INSERT INTO `filter_options` (`id`, `filter_type_id`, `name`, `value`, `is_default`, `is_active`, `sort_order`, `created_at`, `updated_at`) VALUES (16, 4, '国语', 'mandarin', 0, 1, 2, '2025-08-05 15:11:27.371475', '2025-08-05 15:11:27.371475');
INSERT INTO `filter_options` (`id`, `filter_type_id`, `name`, `value`, `is_default`, `is_active`, `sort_order`, `created_at`, `updated_at`) VALUES (17, 4, '粤语', 'cantonese', 0, 1, 3, '2025-08-05 15:11:27.371475', '2025-08-05 15:11:27.371475');
INSERT INTO `filter_options` (`id`, `filter_type_id`, `name`, `value`, `is_default`, `is_active`, `sort_order`, `created_at`, `updated_at`) VALUES (18, 4, '英语', 'english', 0, 1, 4, '2025-08-05 15:11:27.371475', '2025-08-05 15:11:27.371475');
INSERT INTO `filter_options` (`id`, `filter_type_id`, `name`, `value`, `is_default`, `is_active`, `sort_order`, `created_at`, `updated_at`) VALUES (19, 4, '韩语', 'korean', 0, 1, 5, '2025-08-05 15:11:27.371475', '2025-08-05 15:11:27.371475');
INSERT INTO `filter_options` (`id`, `filter_type_id`, `name`, `value`, `is_default`, `is_active`, `sort_order`, `created_at`, `updated_at`) VALUES (20, 5, '全部年份', 'all', 1, 1, 1, '2025-08-05 15:11:27.371475', '2025-08-05 15:11:27.371475');
INSERT INTO `filter_options` (`id`, `filter_type_id`, `name`, `value`, `is_default`, `is_active`, `sort_order`, `created_at`, `updated_at`) VALUES (21, 5, '2025年', '2025', 0, 1, 2, '2025-08-05 15:11:27.371475', '2025-08-05 15:11:27.371475');
INSERT INTO `filter_options` (`id`, `filter_type_id`, `name`, `value`, `is_default`, `is_active`, `sort_order`, `created_at`, `updated_at`) VALUES (22, 5, '去年', '2024', 0, 1, 3, '2025-08-05 15:11:27.371475', '2025-08-05 15:13:04.048913');
INSERT INTO `filter_options` (`id`, `filter_type_id`, `name`, `value`, `is_default`, `is_active`, `sort_order`, `created_at`, `updated_at`) VALUES (23, 5, '前年', '2023', 0, 1, 4, '2025-08-05 15:11:27.371475', '2025-08-05 15:26:27.092912');
INSERT INTO `filter_options` (`id`, `filter_type_id`, `name`, `value`, `is_default`, `is_active`, `sort_order`, `created_at`, `updated_at`) VALUES (24, 5, '更早', 'earlier', 0, 1, 5, '2025-08-05 15:11:27.371475', '2025-08-05 15:11:27.371475');
INSERT INTO `filter_options` (`id`, `filter_type_id`, `name`, `value`, `is_default`, `is_active`, `sort_order`, `created_at`, `updated_at`) VALUES (25, 5, '90年代', '1990s', 0, 1, 6, '2025-08-05 15:11:27.371475', '2025-08-05 15:11:27.371475');
INSERT INTO `filter_options` (`id`, `filter_type_id`, `name`, `value`, `is_default`, `is_active`, `sort_order`, `created_at`, `updated_at`) VALUES (26, 6, '全部状态', 'all', 1, 1, 1, '2025-08-05 15:11:27.371475', '2025-08-05 15:11:27.371475');
INSERT INTO `filter_options` (`id`, `filter_type_id`, `name`, `value`, `is_default`, `is_active`, `sort_order`, `created_at`, `updated_at`) VALUES (27, 6, '全集', 'complete', 0, 1, 2, '2025-08-05 15:11:27.371475', '2025-08-05 15:11:27.371475');
INSERT INTO `filter_options` (`id`, `filter_type_id`, `name`, `value`, `is_default`, `is_active`, `sort_order`, `created_at`, `updated_at`) VALUES (28, 6, '连载中', 'ongoing', 0, 1, 3, '2025-08-05 15:11:27.371475', '2025-08-05 15:11:27.371475');
COMMIT;

-- ----------------------------
-- Table structure for filter_types
-- ----------------------------
DROP TABLE IF EXISTS `filter_types`;
CREATE TABLE `filter_types` (
  `id` int NOT NULL AUTO_INCREMENT,
  `name` varchar(50) CHARACTER SET utf8mb4 COLLATE utf8mb4_general_ci NOT NULL COMMENT '筛选器类型名称',
  `code` varchar(50) CHARACTER SET utf8mb4 COLLATE utf8mb4_general_ci NOT NULL COMMENT '筛选器类型代码',
  `index_position` int NOT NULL DEFAULT '0' COMMENT '在筛选器中的位置索引',
  `is_active` tinyint(1) NOT NULL DEFAULT '1' COMMENT '是否启用',
  `sort_order` int NOT NULL DEFAULT '0' COMMENT '排序顺序',
  `created_at` datetime(6) NOT NULL DEFAULT CURRENT_TIMESTAMP(6) COMMENT '创建时间',
  `updated_at` datetime(6) NOT NULL DEFAULT CURRENT_TIMESTAMP(6) ON UPDATE CURRENT_TIMESTAMP(6) COMMENT '更新时间',
  PRIMARY KEY (`id`),
  UNIQUE KEY `IDX_a5b383d2e249a40efd45dde38b` (`code`)
) ENGINE=InnoDB AUTO_INCREMENT=7 DEFAULT CHARSET=utf8mb4 COLLATE=utf8mb4_general_ci;

-- ----------------------------
-- Records of filter_types
-- ----------------------------
BEGIN;
INSERT INTO `filter_types` (`id`, `name`, `code`, `index_position`, `is_active`, `sort_order`, `created_at`, `updated_at`) VALUES (1, '排序', 'sort', 1, 1, 1, '2025-08-05 15:11:27.369700', '2025-08-05 15:11:27.369700');
INSERT INTO `filter_types` (`id`, `name`, `code`, `index_position`, `is_active`, `sort_order`, `created_at`, `updated_at`) VALUES (2, '类型', 'type', 2, 1, 2, '2025-08-05 15:11:27.369700', '2025-08-05 15:11:27.369700');
INSERT INTO `filter_types` (`id`, `name`, `code`, `index_position`, `is_active`, `sort_order`, `created_at`, `updated_at`) VALUES (3, '地区', 'region', 3, 1, 3, '2025-08-05 15:11:27.369700', '2025-08-05 15:11:27.369700');
INSERT INTO `filter_types` (`id`, `name`, `code`, `index_position`, `is_active`, `sort_order`, `created_at`, `updated_at`) VALUES (4, '语言', 'language', 4, 1, 4, '2025-08-05 15:11:27.369700', '2025-08-05 15:11:27.369700');
INSERT INTO `filter_types` (`id`, `name`, `code`, `index_position`, `is_active`, `sort_order`, `created_at`, `updated_at`) VALUES (5, '年份', 'year', 5, 1, 5, '2025-08-05 15:11:27.369700', '2025-08-05 15:11:27.369700');
INSERT INTO `filter_types` (`id`, `name`, `code`, `index_position`, `is_active`, `sort_order`, `created_at`, `updated_at`) VALUES (6, '状态', 'status', 6, 1, 6, '2025-08-05 15:11:27.369700', '2025-08-05 15:11:27.369700');
COMMIT;

-- ----------------------------
-- Table structure for refresh_tokens
-- ----------------------------
DROP TABLE IF EXISTS `refresh_tokens`;
CREATE TABLE `refresh_tokens` (
  `id` int NOT NULL AUTO_INCREMENT,
  `user_id` bigint NOT NULL,
  `token` varchar(255) CHARACTER SET utf8mb4 COLLATE utf8mb4_general_ci NOT NULL,
  `expires_at` timestamp NOT NULL,
  `created_at` datetime(6) NOT NULL DEFAULT CURRENT_TIMESTAMP(6),
  `is_revoked` tinyint NOT NULL DEFAULT '0',
  `device_info` varchar(500) CHARACTER SET utf8mb4 COLLATE utf8mb4_general_ci DEFAULT NULL,
  `ip_address` varchar(45) CHARACTER SET utf8mb4 COLLATE utf8mb4_general_ci DEFAULT NULL,
  PRIMARY KEY (`id`),
  UNIQUE KEY `IDX_4542dd2f38a61354a040ba9fd5` (`token`),
  KEY `FK_3ddc983c5f7bcf132fd8732c3f4` (`user_id`),
  CONSTRAINT `FK_3ddc983c5f7bcf132fd8732c3f4` FOREIGN KEY (`user_id`) REFERENCES `users` (`id`) ON DELETE CASCADE
) ENGINE=InnoDB AUTO_INCREMENT=32 DEFAULT CHARSET=utf8mb4 COLLATE=utf8mb4_general_ci;

-- ----------------------------
-- Records of refresh_tokens
-- ----------------------------
BEGIN;
INSERT INTO `refresh_tokens` (`id`, `user_id`, `token`, `expires_at`, `created_at`, `is_revoked`, `device_info`, `ip_address`) VALUES (1, 7845078844, 'ab001062fbac9c89d2d12aa7a55623f03bccd67e78b014861304413d6388fdc4', '2025-08-13 17:00:47', '2025-08-06 09:00:46.672302', 0, 'dinghe987', NULL);
INSERT INTO `refresh_tokens` (`id`, `user_id`, `token`, `expires_at`, `created_at`, `is_revoked`, `device_info`, `ip_address`) VALUES (2, 7845078844, '377017b1cd4a13a56940da79e527e0b70e035e958e09db44c4fc62ce04c86248', '2025-08-15 16:55:11', '2025-08-08 08:55:11.038222', 0, 'dinghe987', NULL);
INSERT INTO `refresh_tokens` (`id`, `user_id`, `token`, `expires_at`, `created_at`, `is_revoked`, `device_info`, `ip_address`) VALUES (3, 7845078844, 'b2fd6d5f57ab2bbf78f0104054bc7c505aa1bf3dc53bb93e2e84b64e68f486d1', '2025-08-15 16:55:41', '2025-08-08 08:55:40.725265', 0, 'dinghe987', NULL);
INSERT INTO `refresh_tokens` (`id`, `user_id`, `token`, `expires_at`, `created_at`, `is_revoked`, `device_info`, `ip_address`) VALUES (4, 7845078844, 'c39c4175cf5044147e4281b52b13609d29882e306181714942f5499b8cc79d20', '2025-08-15 16:55:51', '2025-08-08 08:55:50.593406', 0, 'dinghe987', NULL);
INSERT INTO `refresh_tokens` (`id`, `user_id`, `token`, `expires_at`, `created_at`, `is_revoked`, `device_info`, `ip_address`) VALUES (6, 7845078844, '63bee3e8d48ac9906ac8766392be19e1ff82474fc688416b91ea0525c6e003d9', '2025-08-15 17:01:56', '2025-08-08 09:01:55.669598', 0, 'dinghe987', NULL);
INSERT INTO `refresh_tokens` (`id`, `user_id`, `token`, `expires_at`, `created_at`, `is_revoked`, `device_info`, `ip_address`) VALUES (7, 7845078844, '34e45c0a53cc17aadfc1f32500b92c1dbff7c6b4d429d716669e4dd0afe07ff1', '2025-08-15 17:02:17', '2025-08-08 09:02:17.507607', 0, 'dinghe987', NULL);
INSERT INTO `refresh_tokens` (`id`, `user_id`, `token`, `expires_at`, `created_at`, `is_revoked`, `device_info`, `ip_address`) VALUES (20, 7845078844, 'daabe68d806a3ca6f0daac5b5cbd589ae327b2c27aa97a369b23578a173591fe', '2025-08-20 10:39:46', '2025-08-13 02:39:46.460457', 0, 'dinghe987', NULL);
INSERT INTO `refresh_tokens` (`id`, `user_id`, `token`, `expires_at`, `created_at`, `is_revoked`, `device_info`, `ip_address`) VALUES (21, 7845078844, '113f7ba740210f2387fbcdc42b8d6e9be917c5dd41f5973fc27f9b80715f157d', '2025-08-20 10:40:34', '2025-08-13 02:40:33.951590', 0, 'dinghe987', NULL);
INSERT INTO `refresh_tokens` (`id`, `user_id`, `token`, `expires_at`, `created_at`, `is_revoked`, `device_info`, `ip_address`) VALUES (22, 7845078844, '6f5449ddd274180842bfa01dc6ef1c89028387d39080bc72b375823d2fe6be51', '2025-08-20 22:52:49', '2025-08-13 14:52:49.055807', 0, 'dinghe987', NULL);
INSERT INTO `refresh_tokens` (`id`, `user_id`, `token`, `expires_at`, `created_at`, `is_revoked`, `device_info`, `ip_address`) VALUES (24, 6702079700, '49f73ab35b62723d39286daff9421ebe29fef29ab7a3dab4a1761f9359cd87f6', '2025-08-21 00:56:26', '2025-08-13 16:56:25.894683', 0, 'seo99991', NULL);
INSERT INTO `refresh_tokens` (`id`, `user_id`, `token`, `expires_at`, `created_at`, `is_revoked`, `device_info`, `ip_address`) VALUES (25, 6702079700, '4e80a080be3d632c86e88a85860c87cf675d03678db939deae38d4180e3971c4', '2025-08-21 00:57:12', '2025-08-13 16:57:12.183142', 0, 'seo99991', NULL);
INSERT INTO `refresh_tokens` (`id`, `user_id`, `token`, `expires_at`, `created_at`, `is_revoked`, `device_info`, `ip_address`) VALUES (26, 6702079700, 'a9cae5f587ddda420d6dfa39f9c9af6b3793dd6f754153458512a0f04676495b', '2025-08-21 10:07:00', '2025-08-14 02:06:59.700742', 0, 'seo99991', NULL);
INSERT INTO `refresh_tokens` (`id`, `user_id`, `token`, `expires_at`, `created_at`, `is_revoked`, `device_info`, `ip_address`) VALUES (27, 6702079700, 'ea348952ba307e35e09a535ed4c9e069024ac2006f806ce6ec7ea38438d7b4b8', '2025-08-21 10:07:21', '2025-08-14 02:07:20.798053', 0, 'seo99991', NULL);
INSERT INTO `refresh_tokens` (`id`, `user_id`, `token`, `expires_at`, `created_at`, `is_revoked`, `device_info`, `ip_address`) VALUES (28, 6702079700, '4107cec4c529a4981e5cd46be49d57ed29a66e14c8d765cc2333d1599e067ba0', '2025-08-21 10:57:54', '2025-08-14 02:57:53.546014', 0, 'seo99991', NULL);
INSERT INTO `refresh_tokens` (`id`, `user_id`, `token`, `expires_at`, `created_at`, `is_revoked`, `device_info`, `ip_address`) VALUES (29, 6702079700, '3c73d51c4bc57472958c45cde34b5f1dbac05d2b6b5fa508ea6afb45aed70777', '2025-08-21 11:00:39', '2025-08-14 03:00:38.658662', 0, 'seo99991', NULL);
INSERT INTO `refresh_tokens` (`id`, `user_id`, `token`, `expires_at`, `created_at`, `is_revoked`, `device_info`, `ip_address`) VALUES (30, 6702079700, 'b9d75aec96bd278ced011d428d71e1aff35855c499975752700d99b9d2c08198', '2025-08-21 12:26:28', '2025-08-14 04:26:27.872316', 0, 'seo99991', NULL);
INSERT INTO `refresh_tokens` (`id`, `user_id`, `token`, `expires_at`, `created_at`, `is_revoked`, `device_info`, `ip_address`) VALUES (31, 6702079700, '5e4c8ffdf03fc207ce55bd2f20ad711713aee96345b406bd2db8932405807809', '2025-08-21 12:35:52', '2025-08-14 04:35:51.815063', 0, 'seo99991', NULL);
COMMIT;

-- ----------------------------
-- Table structure for series
-- ----------------------------
DROP TABLE IF EXISTS `series`;
CREATE TABLE `series` (
  `id` int NOT NULL AUTO_INCREMENT,
  `title` varchar(255) CHARACTER SET utf8mb4 COLLATE utf8mb4_general_ci NOT NULL,
  `description` text CHARACTER SET utf8mb4 COLLATE utf8mb4_general_ci,
  `cover_url` varchar(255) CHARACTER SET utf8mb4 COLLATE utf8mb4_general_ci DEFAULT NULL,
  `total_episodes` int NOT NULL DEFAULT '0',
  `created_at` datetime(6) NOT NULL DEFAULT CURRENT_TIMESTAMP(6),
  `score` float NOT NULL DEFAULT '0',
  `play_count` int NOT NULL DEFAULT '0',
  `status` varchar(255) CHARACTER SET utf8mb4 COLLATE utf8mb4_general_ci NOT NULL DEFAULT 'on-going',
  `up_status` varchar(50) CHARACTER SET utf8mb4 COLLATE utf8mb4_general_ci DEFAULT NULL,
  `up_count` int NOT NULL DEFAULT '0',
  `starring` text CHARACTER SET utf8mb4 COLLATE utf8mb4_general_ci,
  `actor` text CHARACTER SET utf8mb4 COLLATE utf8mb4_general_ci,
  `director` varchar(255) CHARACTER SET utf8mb4 COLLATE utf8mb4_general_ci DEFAULT NULL,
  `region` varchar(50) CHARACTER SET utf8mb4 COLLATE utf8mb4_general_ci DEFAULT NULL,
  `language` varchar(50) CHARACTER SET utf8mb4 COLLATE utf8mb4_general_ci DEFAULT NULL,
  `release_date` date DEFAULT NULL,
  `is_completed` tinyint NOT NULL DEFAULT '0',
  `updated_at` timestamp NULL DEFAULT NULL,
  `category_id` int DEFAULT NULL,
  `short_id` varchar(11) CHARACTER SET utf8mb4 COLLATE utf8mb4_general_ci DEFAULT NULL,
  PRIMARY KEY (`id`),
  UNIQUE KEY `IDX_03e66b69fd3b9c248a132cca44` (`short_id`),
  KEY `FK_4728b16bad86fda71f7113b621a` (`category_id`),
  CONSTRAINT `FK_4728b16bad86fda71f7113b621a` FOREIGN KEY (`category_id`) REFERENCES `categories` (`id`)
) ENGINE=InnoDB AUTO_INCREMENT=2004 DEFAULT CHARSET=utf8mb4 COLLATE=utf8mb4_general_ci;

-- ----------------------------
-- Records of series
-- ----------------------------
BEGIN;
INSERT INTO `series` (`id`, `title`, `description`, `cover_url`, `total_episodes`, `created_at`, `score`, `play_count`, `status`, `up_status`, `up_count`, `starring`, `actor`, `director`, `region`, `language`, `release_date`, `is_completed`, `updated_at`, `category_id`, `short_id`) VALUES (1001, '测试剧集系列', '这是一个用于测试的剧集系列，包含多个精彩剧集', 'https://thinkingking.top/images/094e33ba88190db66de4b173150fd97e.png', 10, '2024-01-15 10:00:00.000000', 8.5, 12580, 'completed', 'hot', 1250, '张三,李四,王五', '张三,李四,王五,赵六', '知名导演', '中国大陆', '中文', '2024-01-15', 1, '2025-08-06 07:09:03', 1, 'jTX5ctteb9h');
INSERT INTO `series` (`id`, `title`, `description`, `cover_url`, `total_episodes`, `created_at`, `score`, `play_count`, `status`, `up_status`, `up_count`, `starring`, `actor`, `director`, `region`, `language`, `release_date`, `is_completed`, `updated_at`, `category_id`, `short_id`) VALUES (1002, '都市爱情剧', '现代都市背景的爱情故事', 'https://thinkingking.top/images/6a67290e1bcab67cae9b53493ca36473.png', 20, '2025-08-06 07:39:01.615378', 9.2, 25600, 'ongoing', 'new', 2560, '赵丽颖,杨洋', '赵丽颖,杨洋,王子文,李现', '著名导演A', '中国大陆', '中文', '2024-02-01', 0, NULL, 1, 'p8aUvzGtbvE');
INSERT INTO `series` (`id`, `title`, `description`, `cover_url`, `total_episodes`, `created_at`, `score`, `play_count`, `status`, `up_status`, `up_count`, `starring`, `actor`, `director`, `region`, `language`, `release_date`, `is_completed`, `updated_at`, `category_id`, `short_id`) VALUES (1003, '悬疑电影', '扣人心弦的悬疑推理电影', 'https://thinkingking.top/images/627aa5e927d9ab8c939a5120f1bf37b2.png', 1, '2025-08-06 07:39:01.618262', 8.8, 18900, 'completed', 'hot', 1890, '易烊千玺,周冬雨', '易烊千玺,周冬雨,王千源,张译', '知名导演B', '中国大陆', '中文', '2024-01-20', 1, NULL, 2, 'KTQ6EGtPzVF');
INSERT INTO `series` (`id`, `title`, `description`, `cover_url`, `total_episodes`, `created_at`, `score`, `play_count`, `status`, `up_status`, `up_count`, `starring`, `actor`, `director`, `region`, `language`, `release_date`, `is_completed`, `updated_at`, `category_id`, `short_id`) VALUES (1004, '搞笑综艺', '轻松幽默的娱乐综艺节目', 'https://thinkingking.top/images/7609a424f174e819dba493b88ca177d2.png', 12, '2025-08-06 07:39:01.620979', 8, 32100, 'completed', 'popular', 3210, '沈腾,贾玲,岳云鹏', '沈腾,贾玲,岳云鹏,张小斐', '综艺导演C', '中国大陆', '中文', '2024-01-10', 1, NULL, 3, 'wsuYyNpq59X');
INSERT INTO `series` (`id`, `title`, `description`, `cover_url`, `total_episodes`, `created_at`, `score`, `play_count`, `status`, `up_status`, `up_count`, `starring`, `actor`, `director`, `region`, `language`, `release_date`, `is_completed`, `updated_at`, `category_id`, `short_id`) VALUES (1005, '古装电视剧', '古代宫廷题材电视剧', 'https://thinkingking.top/images/dc64c6a47fbb78643b9b7353ab673ff1.png', 45, '2025-08-06 07:39:01.639425', 9.5, 45600, 'completed', 'hot', 4560, '刘诗诗,胡歌', '刘诗诗,胡歌,袁弘,林更新', '古装剧导演D', '中国大陆', '中文', '2023-12-15', 1, NULL, 1, '68jDaAEyHp4');
INSERT INTO `series` (`id`, `title`, `description`, `cover_url`, `total_episodes`, `created_at`, `score`, `play_count`, `status`, `up_status`, `up_count`, `starring`, `actor`, `director`, `region`, `language`, `release_date`, `is_completed`, `updated_at`, `category_id`, `short_id`) VALUES (2001, '霸道总裁爱上我', '一个普通女孩与霸道总裁的爱情故事，充满甜蜜与波折', 'https://thinkingking.top/images/92c9e51924f825603f0d1d76ea9374a4.png', 24, '2025-08-06 07:55:00.000000', 9.2, 156800, 'completed', '全24集', 24, '张三,李四', '张三,李四,王五,赵六', '导演A', NULL, NULL, NULL, 0, NULL, 1, 'fpcxnnFA6m9');
INSERT INTO `series` (`id`, `title`, `description`, `cover_url`, `total_episodes`, `created_at`, `score`, `play_count`, `status`, `up_status`, `up_count`, `starring`, `actor`, `director`, `region`, `language`, `release_date`, `is_completed`, `updated_at`, `category_id`, `short_id`) VALUES (2002, '古装仙侠传', '修仙世界的爱恨情仇，仙侠传奇故事', 'https://thinkingking.top/images/c0610c196b9a4c46170164fb692e220d.png', 36, '2025-08-06 07:55:00.000000', 8.8, 234500, 'on-going', '更新至第30集', 30, '仙女A,仙男B', '仙女A,仙男B,配角C,配角D', '导演B', NULL, NULL, NULL, 0, NULL, 1, 'kaNqkt7QENy');
INSERT INTO `series` (`id`, `title`, `description`, `cover_url`, `total_episodes`, `created_at`, `score`, `play_count`, `status`, `up_status`, `up_count`, `starring`, `actor`, `director`, `region`, `language`, `release_date`, `is_completed`, `updated_at`, `category_id`, `short_id`) VALUES (2003, '都市悬疑案', '现代都市背景的悬疑推理剧，扣人心弦', 'https://thinkingking.top/images/2608620cb27c75274cfa73bde5f80ffe.png', 12, '2025-08-06 07:55:00.000000', 9.5, 89600, 'completed', '全12集', 12, '侦探A,助手B', '侦探A,助手B,嫌疑人C,警察D', '导演C', NULL, NULL, NULL, 0, NULL, 2, 'GyPHPsWxknr');
COMMIT;

-- ----------------------------
-- Table structure for short_videos
-- ----------------------------
DROP TABLE IF EXISTS `short_videos`;
CREATE TABLE `short_videos` (
  `id` int NOT NULL AUTO_INCREMENT,
  `title` varchar(255) CHARACTER SET utf8mb4 COLLATE utf8mb4_general_ci NOT NULL,
  `description` text CHARACTER SET utf8mb4 COLLATE utf8mb4_general_ci,
  `cover_url` varchar(255) CHARACTER SET utf8mb4 COLLATE utf8mb4_general_ci NOT NULL,
  `video_url` varchar(255) CHARACTER SET utf8mb4 COLLATE utf8mb4_general_ci NOT NULL,
  `duration` int NOT NULL DEFAULT '0',
  `play_count` int NOT NULL DEFAULT '0',
  `like_count` int NOT NULL DEFAULT '0',
  `platform_name` varchar(50) CHARACTER SET utf8mb4 COLLATE utf8mb4_general_ci NOT NULL DEFAULT '官方平台',
  `category_id` int NOT NULL,
  `created_at` datetime(6) NOT NULL DEFAULT CURRENT_TIMESTAMP(6),
  `short_id` varchar(11) CHARACTER SET utf8mb4 COLLATE utf8mb4_general_ci DEFAULT NULL,
  PRIMARY KEY (`id`),
  UNIQUE KEY `IDX_97ef60d09809dc563284719915` (`short_id`),
  KEY `FK_8d7c856022d77e13fdedcd266a9` (`category_id`),
  CONSTRAINT `FK_8d7c856022d77e13fdedcd266a9` FOREIGN KEY (`category_id`) REFERENCES `categories` (`id`)
) ENGINE=InnoDB DEFAULT CHARSET=utf8mb4 COLLATE=utf8mb4_general_ci;

-- ----------------------------
-- Records of short_videos
-- ----------------------------
BEGIN;
COMMIT;

-- ----------------------------
-- Table structure for users
-- ----------------------------
DROP TABLE IF EXISTS `users`;
CREATE TABLE `users` (
  `id` bigint NOT NULL,
  `first_name` varchar(255) CHARACTER SET utf8mb4 COLLATE utf8mb4_general_ci NOT NULL,
  `last_name` varchar(255) CHARACTER SET utf8mb4 COLLATE utf8mb4_general_ci NOT NULL,
  `username` varchar(255) CHARACTER SET utf8mb4 COLLATE utf8mb4_general_ci NOT NULL,
  `is_active` tinyint NOT NULL DEFAULT '1',
  `created_at` datetime(6) NOT NULL DEFAULT CURRENT_TIMESTAMP(6),
  `short_id` varchar(11) CHARACTER SET utf8mb4 COLLATE utf8mb4_general_ci DEFAULT NULL,
  PRIMARY KEY (`id`),
  UNIQUE KEY `IDX_fe0bb3f6520ee0469504521e71` (`username`),
  UNIQUE KEY `IDX_d018e69f21d219aafe38e8f111` (`short_id`)
) ENGINE=InnoDB DEFAULT CHARSET=utf8mb4 COLLATE=utf8mb4_general_ci;

-- ----------------------------
-- Records of users
-- ----------------------------
BEGIN;
INSERT INTO `users` (`id`, `first_name`, `last_name`, `username`, `is_active`, `created_at`, `short_id`) VALUES (6702079700, '随风', '用户', 'seo99991', 1, '2025-08-13 16:51:59.216355', 'Gh2dCY27h4G');
INSERT INTO `users` (`id`, `first_name`, `last_name`, `username`, `is_active`, `created_at`, `short_id`) VALUES (7845078844, '西', '陈', 'dinghe987', 1, '2025-07-30 14:32:42.000000', 'HhyWPbWbxSK');
COMMIT;

-- ----------------------------
-- Table structure for watch_progress
-- ----------------------------
DROP TABLE IF EXISTS `watch_progress`;
CREATE TABLE `watch_progress` (
  `user_id` bigint NOT NULL,
  `episode_id` int NOT NULL,
  `stop_at_second` int NOT NULL DEFAULT '0',
  `updated_at` timestamp NOT NULL DEFAULT CURRENT_TIMESTAMP,
  PRIMARY KEY (`user_id`,`episode_id`),
  KEY `FK_677f8579d5e79b6c77dce357160` (`episode_id`),
  CONSTRAINT `FK_4a10da827bd3f6cdc00a7cba930` FOREIGN KEY (`user_id`) REFERENCES `users` (`id`),
  CONSTRAINT `FK_677f8579d5e79b6c77dce357160` FOREIGN KEY (`episode_id`) REFERENCES `episodes` (`id`)
) ENGINE=InnoDB DEFAULT CHARSET=utf8mb4 COLLATE=utf8mb4_general_ci;

-- ----------------------------
-- Records of watch_progress
-- ----------------------------
BEGIN;
INSERT INTO `watch_progress` (`user_id`, `episode_id`, `stop_at_second`, `updated_at`) VALUES (6702079700, 2001, 1800, '2025-08-13 16:51:59');
INSERT INTO `watch_progress` (`user_id`, `episode_id`, `stop_at_second`, `updated_at`) VALUES (6702079700, 2002, 2400, '2025-08-13 16:51:59');
INSERT INTO `watch_progress` (`user_id`, `episode_id`, `stop_at_second`, `updated_at`) VALUES (6702079700, 2003, 1200, '2025-08-13 16:51:59');
INSERT INTO `watch_progress` (`user_id`, `episode_id`, `stop_at_second`, `updated_at`) VALUES (6702079700, 2136, 900, '2025-08-13 16:51:59');
INSERT INTO `watch_progress` (`user_id`, `episode_id`, `stop_at_second`, `updated_at`) VALUES (6702079700, 2137, 1500, '2025-08-13 16:51:59');
INSERT INTO `watch_progress` (`user_id`, `episode_id`, `stop_at_second`, `updated_at`) VALUES (7845078844, 2001, 2400, '2024-01-20 16:00:00');
INSERT INTO `watch_progress` (`user_id`, `episode_id`, `stop_at_second`, `updated_at`) VALUES (7845078844, 2002, 1800, '2024-01-21 17:30:00');
INSERT INTO `watch_progress` (`user_id`, `episode_id`, `stop_at_second`, `updated_at`) VALUES (7845078844, 2003, 600, '2024-01-22 14:15:00');
INSERT INTO `watch_progress` (`user_id`, `episode_id`, `stop_at_second`, `updated_at`) VALUES (7845078844, 2136, 1500, '2025-08-13 15:51:29');
INSERT INTO `watch_progress` (`user_id`, `episode_id`, `stop_at_second`, `updated_at`) VALUES (7845078844, 2137, 2000, '2025-08-13 15:51:29');
INSERT INTO `watch_progress` (`user_id`, `episode_id`, `stop_at_second`, `updated_at`) VALUES (7845078844, 2138, 1800, '2025-08-13 15:51:29');
INSERT INTO `watch_progress` (`user_id`, `episode_id`, `stop_at_second`, `updated_at`) VALUES (7845078844, 2139, 500, '2025-08-13 15:51:29');
INSERT INTO `watch_progress` (`user_id`, `episode_id`, `stop_at_second`, `updated_at`) VALUES (7845078844, 2140, 0, '2025-08-13 15:51:29');
COMMIT;

SET FOREIGN_KEY_CHECKS = 1;
